"ID","Tipo","Epica","Nombre de la epica","Modulo","Titulo","Rol","Historia","Criterios de aceptacion","Reglas de negocio","Puntos","Release","Sprint","Depende de (HU)","Modulos requeridos","Habilitadora","Fundamento (OBL-ID)","Requiere contenido","Requiere validacion legal","Preguntas pendientes","Referencia ficha"
"HU-000-01","Historia","EP-000","Plataforma y requisitos transversales","-","Aislar los datos entre organizaciones clientes","Administrador de la organizacion","Como Administrador de la organizacion, quiero que ningun usuario de otra organizacion cliente pueda ver, buscar, listar ni exportar datos de mi organizacion, y que mi organizacion tampoco pueda ver los de otra, para tener la certeza de que la informacion de mi empresa esta separada por completo de la de otros clientes que usan la misma plataforma.","1. Dado un usuario autenticado con sesion activa en la Organizacion A, cuando consulta cualquier listado, expediente, tarea, alerta, reporte o resultado de busqueda dentro del sistema, entonces el resultado nunca incluye registros que pertenecen a la Organizacion B.
2. Dado que un usuario de la Organizacion A conoce o adivina el identificador de un expediente, documento o registro que pertenece a la Organizacion B, cuando intenta abrirlo de forma directa, entonces el sistema responde como si ese registro no existiera, sin confirmar ni negar su existencia.
3. Dado un reporte o un paquete exportado por un usuario de la Organizacion A, cuando el archivo se genera, entonces su contenido nunca incluye registros de otra organizacion, aunque los filtros elegidos coincidan con datos de otra organizacion.
4. Dado un evento generado por cualquier otro modulo (una tarea, una alerta, una notificacion o un evento de la bitacora de auditoria), cuando el sistema lo crea, entonces ese evento queda asociado a exactamente una organizacion y solo es visible para los usuarios de esa organizacion.
5. Dado un Auditor externo (invitado) o un Asesor externo invitado con acceso vigente a la Organizacion A, cuando consulta el sistema dentro de su ventana de invitacion, entonces solo ve informacion de la Organizacion A, incluso si la misma persona tiene otra invitacion vigente en una Organizacion C distinta.
6. Dado que el equipo de soporte del producto (proveedor) no tiene un acceso temporal autorizado y vigente sobre la Organizacion A, cuando cualquiera de sus integrantes intenta consultar informacion de esa organizacion, entonces el sistema deniega el acceso de la misma forma que a cualquier otro usuario ajeno a esa organizacion.","- Toda entidad de negocio (tratamiento, expediente, tarea, evidencia, documento, evento de auditoria) pertenece a exactamente una organizacion cliente, sin excepcion (principio de propietario unico aplicado a nivel de organizacion, 04_secciones/09_modelo_conceptual.md seccion 9.6).
- El sistema no ofrece en el MVP una vista consolidada que fusione registros de varias organizaciones: una vista de ese tipo, si existe, seria una capa de agregacion de solo lectura fuera de esta epica, nunca una fusion de registros.
- Negar el acceso a un registro de otra organizacion nunca revela si ese registro existe o no.","8","R1","1","","","Si","","","No","","04_secciones/09_modelo_conceptual.md seccion 9.6; 04_secciones/23_riesgos_del_producto.md RIESGO-SEG-01 y RIESGO-SEG-07; 04_secciones/11_roles_y_permisos.md seccion 11.5"
"HU-000-02","Historia","EP-000","Plataforma y requisitos transversales","-","Registrar cada accion relevante en la bitacora de auditoria","Auditor (interno)","Como Auditor (interno), quiero que el sistema registre automaticamente, en una bitacora unica de solo adicion, toda creacion, cambio de estado, aprobacion, rechazo, exportacion, intento bloqueado y lectura de informacion sensible que ocurra en cualquier modulo, para poder demostrar en cualquier momento quien hizo que, cuando y con que resultado, sin que nadie pueda alterar ese registro despues.","1. Dado que en cualquier modulo ocurre una creacion, un cambio de estado, una aprobacion, un rechazo, una exportacion o un intento bloqueado o rechazado, cuando ese evento ocurre, entonces la bitacora de auditoria (AuditLog) agrega una entrada nueva con la marca de tiempo, el usuario o Sistema, el modulo y la entidad afectada, el tipo de evento y, cuando aplique, el valor anterior y el valor nuevo.
2. Dado que una automatizacion del sistema ejecuta una accion sin que una persona la dispare directamente, cuando esa accion ocurre, entonces la bitacora registra el evento con Sistema como usuario, en vez de dejarlo sin registrar.
3. Dado que alguien consulta una Evidencia marcada con nivel de sensibilidad Datos personales sensibles o Informacion tecnica de seguridad sensible, cuando abre esa Evidencia, entonces la bitacora registra quien la consulto y cuando, ademas de cualquier otro evento sobre ella.
4. Dado un evento ya registrado en la bitacora, cuando cualquier rol, incluido el Administrador de la organizacion, intenta editarlo o eliminarlo, entonces el sistema rechaza la accion sin excepcion, porque la bitacora es de solo escritura por adicion.
5. Dado que un modulo de negocio queda deshabilitado, archivado o dado de baja, cuando eso ocurre, entonces los eventos que ya existen en la bitacora para ese modulo permanecen intactos y consultables.
6. Dado que se activa o revierte la bandera del doble estado de la reforma 659, cuando ese cambio ocurre, entonces la bitacora registra el evento con quien lo autorizo y la fecha, igual que cualquier otro cambio de estado relevante.","- El AuditLog es una bitacora de solo escritura por adicion (append-only), sin funcion de edicion ni borrado para ningun rol, ni siquiera el Administrador (02_validacion/22_anti_features.md item 19; 04_secciones/13_evidencia_y_auditoria.md seccion 13.3.4).
- El AuditLog no tiene modulo propietario unico: cada modulo escribe sus propios eventos (04_secciones/13_evidencia_y_auditoria.md seccion 13.3.1).
- Los campos minimos de cada evento son marca de tiempo, usuario o Sistema, modulo y entidad de origen, tipo de evento, valor anterior y nuevo cuando aplique, y motivo cuando la accion de origen lo exige (04_secciones/13_evidencia_y_auditoria.md seccion 13.3.3, propuesta de esa seccion a partir del patron repetido en las fichas).
- Cada evento se conserva, como minimo, el mismo plazo que el registro o expediente al que pertenece (04_secciones/13_evidencia_y_auditoria.md seccion 13.3.6).","8","R1","1","","","Si","OBL-PRIN-03","","No","","04_secciones/13_evidencia_y_auditoria.md secciones 13.1.3, 13.3.1 a 13.3.8; 02_validacion/22_anti_features.md item 19; 04_secciones/09_modelo_conceptual.md seccion 9.1.5"
"HU-000-03","Historia","EP-000","Plataforma y requisitos transversales","-","Consultar la bitacora de auditoria","Auditor (interno)","Como Auditor (interno), quiero consultar y filtrar la bitacora de auditoria de todos los modulos por modulo, usuario, tipo de evento y periodo, para poder revisar quien hizo que y cuando durante una revision interna o una auditoria, sin depender de pedirlo modulo por modulo.","1. Dado que el Auditor (interno) abre la consulta de la bitacora de auditoria, cuando aplica un filtro por modulo, por usuario, por tipo de evento o por un rango de fechas, entonces el sistema muestra solo los eventos de su propia organizacion que cumplen esos filtros.
2. Dado que el Administrador de la organizacion abre la misma consulta, cuando la usa, entonces tambien puede ver y filtrar la bitacora completa de su organizacion, en modo de solo lectura.
3. Dado un usuario que no tiene el rol Auditor (interno) ni el rol Administrador de la organizacion, cuando intenta abrir la consulta general de la bitacora de auditoria, entonces el sistema deniega el acceso a esa vista general.
4. Dado que el Auditor (interno) o el Administrador consulta un evento de la bitacora, cuando revisa la pantalla, entonces no encuentra ninguna opcion para editar, anotar sobre, ocultar o eliminar ese evento.
5. Dado que el Auditor externo (invitado) tiene una invitacion vigente y acotada a un caso o modulo especifico, cuando consulta la bitacora, entonces solo ve los eventos relacionados con ese caso o modulo, no la bitacora completa de la organizacion.","- El AuditLog es visible para Auditor y Administrador (02_validacion/22_anti_features.md item 19; 04_secciones/13_evidencia_y_auditoria.md seccion 13.3.5).
- El rol Auditor, interno o externo, es siempre de solo lectura sobre la bitacora (04_secciones/13_evidencia_y_auditoria.md seccion 13.3.5).
- Cada ficha de modulo tambien muestra, dentro de su propio historial, los eventos que le corresponden a los roles que ya tienen acceso a ese expediente; esta consulta transversal no reemplaza esa vista propia de cada modulo.","3","R1","20","HU-000-02","","No","OBL-PRIN-03","","No","","04_secciones/13_evidencia_y_auditoria.md secciones 13.3.5 y 13.3.7"
"HU-000-04","Historia","EP-000","Plataforma y requisitos transversales","-","Generar huella de integridad y manifiesto al exportar","Auditor (interno)","Como Auditor (interno), quiero que todo modulo que exporte un paquete de archivos obtenga, del mismo servicio comun, una huella de integridad por archivo y un manifiesto del conjunto completo, para poder demostrar despues, ante la organizacion, un cliente o la ACE, que un paquete exportado no fue alterado tras su salida del sistema.","1. Dado que un modulo solicita exportar uno o varios archivos como un paquete, cuando el servicio comun de exportacion procesa la solicitud, entonces calcula una huella de integridad individual para cada archivo incluido.
2. Dado que ya se calculo la huella de cada archivo del paquete, cuando el servicio termina de procesarlos, entonces genera ademas un manifiesto unico que lista cada archivo con su huella y una huella global del conjunto completo.
3. Dado un archivo exportado junto con su huella y su manifiesto, cuando alguien recalcula la huella de ese archivo mas adelante, entonces la huella coincide con la original si el archivo no cambio, y no coincide si el archivo fue alterado.
4. Dado que el calculo de la huella de alguno de los archivos del paquete falla o queda incompleto, cuando el servicio comun termina de procesar la solicitud, entonces el paquete no queda disponible para descarga hasta que todas las huellas y el manifiesto se completen correctamente.
5. Dado que un paquete ya fue exportado con su manifiesto, cuando alguien intenta modificar su contenido despues de exportado, entonces el sistema no ofrece ninguna forma de editar ese paquete ya exportado: cualquier cambio de alcance exige generar un paquete nuevo.
6. Dado que el servicio comun de exportacion genera un paquete para cualquier modulo, cuando el paquete se genera, entonces la bitacora de auditoria registra quien lo solicito, cuando y de que modulo u organizacion.","- Todo paquete de evidencias exportado incluye un mecanismo propio de verificacion de integridad, obligatorio y no configurable para destinos externos (02_validacion/22_anti_features.md item 25).
- El paquete calcula un manifiesto con la huella de cada archivo incluido y la huella del conjunto; al aprobarse, calcula ademas una huella o firma del paquete completo (04_secciones/13_evidencia_y_auditoria.md seccion 13.5.2).
- Un paquete ya exportado nunca se modifica: cualquier cambio de alcance exige generar un paquete nuevo (04_secciones/13_evidencia_y_auditoria.md seccion 13.5.3).
- Este servicio es agnostico del contenido: no decide que se exporta ni aplica reglas de aprobacion o de doble control propias de un modulo, eso lo define cada modulo que lo usa (por ejemplo, el doble control para destinos externos de MOD-019).","5","R1","2","HU-000-02","","Si","OBL-RET-06","","No","","04_secciones/13_evidencia_y_auditoria.md seccion 13.5.2 y 13.5.4; 02_validacion/22_anti_features.md item 25; 04_secciones/23_riesgos_del_producto.md RIESGO-SEG-05"
"HU-000-05","Historia","EP-000","Plataforma y requisitos transversales","-","Aprovisionar una organizacion cliente nueva","Equipo del producto (proveedor)","Como Equipo del producto (proveedor), quiero dar de alta la cuenta de una organizacion cliente nueva e invitar a la persona que sera su primer Administrador de la organizacion, para que esa empresa pueda empezar a usar el sistema sin depender de una tarea tecnica manual, sin registrar todavia ningun dato de facturacion.","1. Dado que el equipo del producto (proveedor) recibe un cliente nuevo con su razon social y el correo de la persona que sera su primer Administrador, cuando registra el alta, entonces el sistema crea una cuenta de organizacion vacia y envia una invitacion unica a esa persona.
2. Dado que ya existe una organizacion registrada previamente con la misma razon social o la misma identificacion tributaria, cuando el equipo del producto intenta darla de alta otra vez, entonces el sistema rechaza el alta duplicada y muestra la organizacion existente en vez de crear una nueva.
3. Dado que la invitacion al primer Administrador no se acepta dentro de 30 dias, cuando se cumple ese plazo, entonces la invitacion queda vencida y el equipo del producto puede reenviarla sin tener que dar de alta la organizacion otra vez.
4. Dado que la persona invitada acepta la invitacion, cuando confirma sus datos, entonces esa persona queda activa con el rol Administrador de la organizacion y la organizacion queda disponible para completar su alta en el modulo de Organizacion y Personas.
5. Dado que el equipo del producto completa el aprovisionamiento de una organizacion, cuando lo hace, entonces el sistema no pide ni guarda ningun dato de plan comercial, precio o facturacion, porque esa gestion se hace fuera del sistema.
6. Dado que se aprovisiona una organizacion nueva, cuando el alta se registra, entonces la bitacora de auditoria guarda quien la creo dentro del equipo del producto, la fecha y la organizacion afectada.","- El aprovisionamiento de la cuenta es un acto del equipo del producto (proveedor), distinto y anterior al asistente de onboarding que completa el Administrador dentro de MOD-003.
- La facturacion, el plan comercial y la suscripcion de la cuenta SaaS quedan fuera del alcance funcional del sistema (03_modulos/MOD-001_ficha.md seccion A).
- Una organizacion aprovisionada sin que su primer Administrador acepte la invitacion no puede operar ningun otro modulo.","3","R1","20","HU-000-02","","No","","Texto del correo de invitacion inicial al primer Administrador de una organizacion nueva","No","","03_modulos/MOD-001_ficha.md seccion A (limites) y seccion L (Entra desde MOD-003); 04_secciones/19_21_roadmap_mvp_v1_v2.md seccion 19.9"
"HU-000-06","Historia","EP-000","Plataforma y requisitos transversales","-","Iniciar sesion con credenciales propias","Usuario de consulta / Colaborador","Como Usuario de consulta / Colaborador, quiero iniciar sesion con mi correo y mi contrasena, para acceder al sistema con los permisos de mi rol o roles asignados.","1. Dado un usuario en estado Activo que ingresa su correo y su contrasena correctos, cuando confirma el inicio de sesion, entonces el sistema le da acceso con los permisos de su rol o roles asignados.
2. Dado un usuario que ingresa un correo o una contrasena incorrectos, cuando confirma el inicio de sesion, entonces el sistema deniega el acceso con un mensaje generico, sin indicar si el correo existe o si el campo equivocado fue el correo o la contrasena.
3. Dado un usuario en estado Suspendido o Dado de baja que ingresa credenciales correctas, cuando intenta iniciar sesion, entonces el sistema deniega el acceso con un mensaje generico, sin revelar el estado exacto de la cuenta.
4. Dado que un mismo correo acumula varios intentos fallidos consecutivos de inicio de sesion, cuando se supera el limite definido, entonces el sistema bloquea temporalmente los intentos desde ese correo antes de permitir uno nuevo.
5. Dado un intento de inicio de sesion, exitoso o fallido, cuando ocurre, entonces la bitacora de auditoria registra el correo utilizado, el resultado y la fecha y hora.","- El estado del usuario (Invitado, Activo, Suspendido, Dado de baja) lo administra MOD-001; esta historia solo consulta ese estado para decidir si permite el acceso.
- El sistema nunca revela, en un mensaje de error de inicio de sesion, si el correo ingresado existe o cual campo especifico fallo.
- Las Politicas de Actuacion de la ACE exigen control de acceso como medida tecnica minima (00_contexto_para_agentes.md seccion 3).","3","R1","2","HU-000-02","","No","OBL-SEG-03","","No","","00_contexto_para_agentes.md seccion 3 (Politicas ACE, medidas tecnicas); 03_modulos/MOD-001_ficha.md seccion F.2 (estados de Usuario)"
"HU-000-07","Historia","EP-000","Plataforma y requisitos transversales","-","Recuperar el acceso cuando se olvida la contrasena","Usuario de consulta / Colaborador","Como Usuario de consulta / Colaborador, quiero solicitar un enlace para restablecer mi contrasena cuando la olvido, para recuperar el acceso a mi cuenta sin depender de que el Administrador me reinvite.","1. Dado un usuario que ya no recuerda su contrasena, cuando solicita restablecerla con su correo registrado, entonces el sistema envia un enlace de un solo uso a ese correo.
2. Dado que se solicita restablecer la contrasena de un correo que no esta registrado en el sistema, cuando se envia la solicitud, entonces el sistema muestra el mismo mensaje generico de confirmacion que si el correo existiera, sin revelar si esta registrado.
3. Dado un enlace de restablecimiento vigente, cuando el usuario lo abre y define una contrasena nueva, entonces el sistema actualiza la contrasena y cierra cualquier sesion anterior de esa cuenta que siguiera activa.
4. Dado un enlace de restablecimiento ya usado o vencido por el paso del tiempo, cuando alguien intenta abrirlo de nuevo, entonces el sistema lo rechaza y pide solicitar uno nuevo.
5. Dado un usuario en estado Suspendido o Dado de baja, cuando solicita restablecer su contrasena, entonces el sistema no le entrega acceso, sin revelar el estado exacto de la cuenta.
6. Dado que se solicita o se completa un restablecimiento de contrasena, cuando ocurre cualquiera de los dos eventos, entonces la bitacora de auditoria lo registra con el correo, el resultado y la fecha y hora.","- El enlace de restablecimiento es de un solo uso y tiene una vigencia corta y definida.
- Restablecer la contrasena cierra cualquier sesion previa de esa cuenta, para que un tercero que hubiera accedido antes pierda el acceso.
- El sistema nunca revela, en la respuesta a una solicitud de recuperacion, si un correo especifico existe en la cuenta.","3","R1","20","HU-000-06, HU-000-02","","No","OBL-SEG-03","Texto del correo con el enlace de restablecimiento de contrasena","No","","00_contexto_para_agentes.md seccion 3 (Politicas ACE, medidas tecnicas)"
"HU-000-08","Historia","EP-000","Plataforma y requisitos transversales","-","Exigir doble factor de autenticacion en roles sensibles","Responsable de Seguridad / IT","Como Responsable de Seguridad / IT, quiero que el sistema exija un segundo factor de autenticacion, ademas de la contrasena, a los roles con acceso a datos de titulares o de administracion, para reforzar el control de acceso tecnico que exigen las Politicas de Actuacion de la ACE para la informacion mas sensible de cada organizacion.","1. Dado un usuario al que se le asigna por primera vez uno de los roles con acceso a datos de titulares o de administracion (Administrador de la organizacion, Delegado de Proteccion de Datos o Responsable interno, Responsable ARCO-POL, Responsable Legal / Compliance, Responsable de Seguridad / IT o Auditor interno), cuando inicia sesion despues de esa asignacion, entonces el sistema le exige configurar un segundo factor antes de continuar.
2. Dado un usuario que ya configuro su segundo factor y tiene asignado alguno de esos roles, cuando inicia sesion con su correo y su contrasena correctos, entonces el sistema le exige ademas verificar el segundo factor antes de dar acceso.
3. Dado que el segundo factor ingresado no es valido, cuando el usuario lo confirma, entonces el sistema deniega el acceso y permite reintentar dentro de un limite de intentos.
4. Dado un usuario con uno de los roles sensibles al que se le retira ese rol y no le queda ningun otro rol sensible asignado, cuando inicia sesion despues del cambio, entonces el sistema deja de exigirle el segundo factor, sin borrar su configuracion previa.
5. Dado un Administrador de la organizacion, cuando intenta desactivar la exigencia de segundo factor para su propio usuario o para otro usuario que mantiene un rol sensible, entonces el sistema no permite desactivarla mientras ese rol sensible siga asignado.
6. Dado que un usuario pierde el acceso a su segundo factor, cuando usa un codigo de respaldo de un solo uso entregado al momento de configurarlo, entonces el sistema le permite iniciar sesion y le pide configurar un segundo factor nuevo.","- Las Politicas de Actuacion de la ACE incluyen, dentro de las medidas tecnicas minimas, control de acceso con autenticacion en dos pasos (2FA) (00_contexto_para_agentes.md seccion 3; 01_legal/fuentes/ace_politicas_protecciondatos.txt).
- El conjunto de roles obligados a segundo factor es una decision de esta epica (ver notas_epica), no un listado literal de ninguna ficha.
- El segundo factor no se puede desactivar de forma administrativa mientras el usuario mantenga asignado un rol dentro del conjunto obligado.","5","R1","21","HU-000-06, HU-000-02","","No","OBL-SEG-03","","No","","00_contexto_para_agentes.md seccion 3 (Politicas ACE, medidas tecnicas); 04_secciones/11_roles_y_permisos.md seccion 11.2 (matriz de permisos por rol)"
"HU-000-09","Historia","EP-000","Plataforma y requisitos transversales","-","Cerrar la sesion automaticamente por inactividad","Usuario de consulta / Colaborador","Como Usuario de consulta / Colaborador, quiero que mi sesion se cierre sola despues de un periodo sin actividad, con un aviso previo, para que nadie mas pueda usar el sistema con mi acceso si dejo mi sesion abierta sin vigilancia.","1. Dado un usuario con sesion activa que no realiza ninguna accion durante el periodo de inactividad configurado (15 minutos, propuesta inicial), cuando se cumple ese periodo, entonces el sistema cierra la sesion de forma automatica.
2. Dado que se acerca el limite de inactividad, cuando faltan los ultimos instantes antes del cierre automatico, entonces el sistema muestra un aviso previo que permite continuar la sesion con una sola confirmacion.
3. Dado que el usuario confirma el aviso previo o realiza cualquier accion dentro del sistema, cuando lo hace, entonces el contador de inactividad se reinicia y la sesion sigue activa.
4. Dado que la sesion se cerro por inactividad, cuando el usuario quiere seguir usando el sistema, entonces debe autenticarse de nuevo con sus credenciales, incluido el segundo factor si su rol lo exige.
5. Dado un usuario que esta completando un formulario largo y sigue interactuando con la pantalla antes de guardar, cuando transcurre el periodo de inactividad configurado sin que haya guardado nada, entonces el sistema aplica el mismo cierre automatico, sin excepcion por el tipo de pantalla abierta.","- El periodo de inactividad por defecto (15 minutos) es opinion de producto sin respaldo legal expreso, ajustable por el equipo del producto dentro de un rango predefinido.
- Cerrar la sesion por inactividad es una medida tecnica de control de acceso alineada con las Politicas de Actuacion de la ACE (00_contexto_para_agentes.md seccion 3).","3","R1","21","HU-000-06","","No","OBL-SEG-03","","No","","00_contexto_para_agentes.md seccion 3 (Politicas ACE, medidas tecnicas)"
"HU-000-10","Historia","EP-000","Plataforma y requisitos transversales","-","Mostrar el descargo legal del sistema","Usuario de consulta / Colaborador","Como Usuario de consulta / Colaborador, quiero ver siempre visible un descargo que aclare que el sistema organiza y documenta mi programa de proteccion de datos, pero no constituye asesoria legal ni garantiza el cumplimiento de la ley, para entender desde el primer momento los limites de lo que el sistema hace y no confundirlo con asesoria juridica.","1. Dado cualquier usuario con sesion activa, cuando navega por el sistema, entonces encuentra siempre visible o alcanzable en un solo paso el texto de descargo general del producto.
2. Dado el texto de descargo visible, cuando el usuario quiere leerlo completo, entonces puede abrir su version completa sin salir del sistema.
3. Dado cualquier rol, incluido el Administrador de la organizacion, cuando intenta quitar el descargo de forma permanente para toda la organizacion, entonces el sistema no ofrece esa opcion.
4. Dado que el equipo de contenido del producto (proveedor) publica una version nueva del texto de descargo, cuando la publica, entonces el sistema muestra la version vigente a todos los usuarios sin que cada organizacion deba activarla.","- El sistema no debe afirmar que la empresa esta en cumplimiento de la ley ni actuar como si sustituyera asesoria juridica (02_validacion/04_objetivo_exacto_del_producto.md secciones 1.2 y 1.3).
- El texto de descargo es una propuesta de redaccion de producto, no un formato exigido por la ACE (02_validacion/04_objetivo_exacto_del_producto.md seccion 1.3).","1","R1","5","","","No","","Texto exacto del descargo legal general del producto (banner y version completa)","No","","02_validacion/04_objetivo_exacto_del_producto.md secciones 1.2 y 1.3; 02_validacion/22_anti_features.md item 22"
"HU-000-11","Historia","EP-000","Plataforma y requisitos transversales","-","Aceptar los terminos de uso","Usuario de consulta / Colaborador","Como Usuario de consulta / Colaborador, quiero aceptar los terminos de uso del sistema antes de usarlo por primera vez, para dejar constancia de que conozco y acepto las condiciones bajo las que uso la plataforma.","1. Dado un usuario que inicia sesion por primera vez, cuando entra al sistema, entonces el sistema le muestra los terminos de uso vigentes y no le permite continuar hasta que los acepte.
2. Dado que el usuario acepta los terminos de uso, cuando confirma la aceptacion, entonces el sistema registra su identidad, la fecha y hora, y la version exacta del texto aceptado.
3. Dado un usuario que no acepta los terminos de uso, cuando intenta continuar sin aceptarlos, entonces el sistema le permite unicamente cerrar sesion, sin darle acceso a ningun otro modulo.
4. Dado que se publica una version nueva de los terminos de uso, cuando un usuario que ya habia aceptado una version anterior vuelve a iniciar sesion, entonces el sistema le pide aceptar la version nueva antes de continuar, sin borrar el registro de su aceptacion anterior.
5. Dado que se acepta una version de los terminos de uso, cuando ocurre, entonces la bitacora de auditoria registra el evento con el usuario, la version y la fecha y hora.","- Nada que ya se acepto se sobrescribe: cada aceptacion queda con su propia version y fecha (04_secciones/09_modelo_conceptual.md seccion 9.1.4, principio de versionado).","3","R1","21","HU-000-02","","No","","Texto completo de los terminos de uso del producto, redactado y validado por asesoria legal del proveedor","Si","","02_validacion/04_objetivo_exacto_del_producto.md seccion 1.1 (que el sistema no hace); 04_secciones/09_modelo_conceptual.md seccion 9.1.4"
"HU-000-12","Historia","EP-000","Plataforma y requisitos transversales","-","Aceptar el contrato de encargo de tratamiento","Administrador de la organizacion","Como Administrador de la organizacion, quiero aceptar, en nombre de mi organizacion, el contrato de encargo de tratamiento con el proveedor del software, para dejar constancia de que el proveedor trata los datos que mi organizacion registra en el sistema como encargado, bajo las mismas obligaciones de la LPDP que le corresponden a esa figura.","1. Dado que la organizacion todavia no acepto el contrato de encargo de tratamiento vigente, cuando el Administrador de la organizacion intenta avanzar mas alla del aprovisionamiento inicial, entonces el sistema le exige revisar y aceptar ese contrato antes de continuar.
2. Dado que el Administrador de la organizacion acepta el contrato, cuando confirma la aceptacion, entonces el sistema registra su identidad, la fecha y hora, la organizacion y la version exacta del texto aceptado.
3. Dado que el Administrador de la organizacion no acepta el contrato, cuando intenta continuar sin aceptarlo, entonces la organizacion permanece sin poder operar los demas modulos del sistema.
4. Dado que el proveedor publica una version nueva del contrato de encargo de tratamiento, cuando una organizacion que ya habia aceptado una version anterior inicia sesion, entonces el sistema le pide aceptar la version nueva, conservando sin cambios el registro de la aceptacion anterior.
5. Dado que se acepta una version del contrato de encargo de tratamiento, cuando ocurre, entonces la bitacora de auditoria registra el evento con el Administrador que acepto, la organizacion, la version y la fecha y hora.
6. Dado que el Auditor (interno) de la organizacion quiere confirmar que el contrato esta aceptado, cuando consulta la evidencia de la organizacion, entonces encuentra el registro de aceptacion vigente con su version y su fecha.","- El proveedor del software es encargado del tratamiento de los datos que la organizacion cliente registra en el sistema, bajo las mismas obligaciones que la LPDP impone al encargado (Arts. 34, 36 y 41 LPDP; ver notas_epica sobre la correspondencia con OBL-PROV-01 a 03).
- El contrato se acepta por organizacion, no por cada usuario individual, porque obliga a la organizacion como responsable del tratamiento frente al proveedor.","3","R1","21","HU-000-02, HU-000-05","","No","OBL-PROV-01, OBL-PROV-02, OBL-PROV-03","Plantilla del contrato de encargo de tratamiento entre el proveedor y la organizacion cliente, validada por asesoria legal, con las clausulas minimas de los Arts. 34, 36 y 41 LPDP","Si","","01_legal/fuentes/ace_decreto_144.txt Arts. 34, 36 y 41; 04_secciones/13_evidencia_y_auditoria.md tabla PROV (seccion 13.2)"
"HU-000-13","Historia","EP-000","Plataforma y requisitos transversales","-","Consultar el aviso de privacidad del producto","Usuario de consulta / Colaborador","Como Usuario de consulta / Colaborador, quiero consultar el aviso de privacidad del propio producto, sobre como el proveedor trata mis datos como usuario de la plataforma, para conocer mis derechos frente al proveedor del software, de forma separada del aviso de privacidad que mi propia organizacion publica para sus titulares.","1. Dado cualquier usuario del sistema, cuando busca el aviso de privacidad del producto, entonces lo encuentra alcanzable desde cualquier pantalla, sin que la consulta exija ninguna aprobacion previa.
2. Dado el aviso de privacidad del producto, cuando el usuario lo abre, entonces ve la version vigente con su fecha de publicacion y puede ver que dice sobre el tratamiento de sus datos como usuario de la plataforma.
3. Dado el aviso de privacidad del producto y el Aviso de Privacidad que la organizacion cliente publica para sus propios titulares en el modulo de Documentos y Politicas, cuando un usuario ve cualquiera de los dos, entonces el sistema los presenta de forma distinguible, sin mezclarlos en la misma pantalla.
4. Dado que el proveedor publica una version nueva del aviso de privacidad del producto, cuando la publica, entonces el sistema muestra la version vigente a todos los usuarios y conserva las versiones anteriores disponibles para consulta.","- El aviso de privacidad del producto describe el tratamiento que el proveedor hace de los datos personales de los usuarios de la plataforma (nombre, correo, cargo); es distinto del Aviso de Privacidad que cada organizacion cliente publica para sus propios titulares (propiedad de MOD-008).
- Consultar este aviso es informativo: no exige ninguna aceptacion ni bloquea el uso del sistema.","2","R1","19","","","No","","Texto del aviso de privacidad del propio producto (tratamiento de datos de los usuarios de la plataforma por el proveedor), validado por asesoria legal","Si","","04_secciones/09_modelo_conceptual.md seccion 9.1.4 (versionado); 02_validacion/04_objetivo_exacto_del_producto.md seccion 1.1"
"HU-000-14","Historia","EP-000","Plataforma y requisitos transversales","-","Autorizar un acceso temporal de soporte","Administrador de la organizacion","Como Administrador de la organizacion, quiero revisar y autorizar, o rechazar, una solicitud de acceso temporal del equipo de soporte del producto a mi organizacion, con una duracion definida, para mantener el control de quien entra a los datos de mi organizacion, incluso cuando necesito ayuda del proveedor.","1. Dado que el equipo de soporte del producto (proveedor) solicita acceso temporal a una organizacion con un motivo y una duracion propuesta, cuando el Administrador de la organizacion revisa la solicitud, entonces puede aprobarla o rechazarla, y ajustar la duracion antes de aprobarla.
2. Dado que el Administrador de la organizacion aprueba la solicitud, cuando la aprueba, entonces el sistema habilita el acceso de soporte unicamente por la duracion definida, sin posibilidad de que el propio equipo de soporte la extienda por su cuenta.
3. Dado que el Administrador de la organizacion rechaza la solicitud, cuando la rechaza, entonces el equipo de soporte del producto no obtiene ningun acceso a esa organizacion.
4. Dado un acceso de soporte ya aprobado y todavia vigente, cuando el Administrador de la organizacion decide revocarlo antes de tiempo, entonces el sistema termina el acceso de inmediato.
5. Dado que se solicita, aprueba, rechaza o revoca un acceso temporal de soporte, cuando cualquiera de esos eventos ocurre, entonces la bitacora de auditoria lo registra con quien lo hizo, la organizacion afectada, la duracion y la fecha y hora.","- Todo acceso de una persona del equipo de soporte a una cuenta cliente especifica requiere autorizacion explicita y registrada del Administrador de esa cuenta (04_secciones/11_roles_y_permisos.md seccion 11.7, propuesta de esa seccion, a validar).
- El acceso queda acotado en el tiempo y se registra en el historial de la organizacion cliente, visible para su Administrador y su Auditor interno (04_secciones/11_roles_y_permisos.md seccion 11.7).","3","R1","21","HU-000-02","","No","","Politica interna de soporte del proveedor que defina motivos validos y duracion maxima del acceso temporal (propuesta a validar por el equipo de producto)","No","","04_secciones/11_roles_y_permisos.md seccion 11.7 (propuesta de esa seccion, no presente en las fichas)"
"HU-000-15","Historia","EP-000","Plataforma y requisitos transversales","-","Usar el acceso temporal de soporte autorizado","Equipo de soporte del producto (proveedor)","Como Equipo de soporte del producto (proveedor), quiero usar, solo dentro de la ventana de tiempo que el Administrador autorizo, un acceso acotado a la organizacion que pidio ayuda, para resolver su consulta de soporte sin acceder sin autorizacion y dejando registrado todo lo que revise.","1. Dado un acceso temporal aprobado y vigente sobre una organizacion, cuando un integrante del equipo de soporte del producto lo usa, entonces solo puede consultar esa organizacion, nunca otra distinta de la autorizada.
2. Dado que la ventana de tiempo autorizada vence, cuando eso ocurre, entonces el acceso se cierra de inmediato, incluso si el integrante del equipo de soporte tenia una sesion abierta en ese momento.
3. Dado que el equipo de soporte del producto usa un acceso autorizado, cuando intenta ejecutar un acto que la ley atribuye a un rol de la organizacion cliente (por ejemplo, aprobar o denegar una solicitud ARCO-POL, aprobar un documento o activar el doble estado de la reforma 659), entonces el sistema no permite esa accion.
4. Dado cualquier accion que el equipo de soporte realice dentro de la ventana autorizada, cuando la realiza, entonces queda registrada en la bitacora de auditoria de esa organizacion, visible para su Administrador y su Auditor (interno).
5. Dado que no existe ningun acceso temporal aprobado y vigente para una organizacion, cuando un integrante del equipo de soporte intenta consultarla, entonces el sistema deniega el acceso de la misma forma que a cualquier otro usuario ajeno a esa organizacion.","- El acceso de soporte nunca sustituye ni ejecuta un acto que la ley atribuye a un rol de la organizacion cliente (04_secciones/11_roles_y_permisos.md seccion 11.7).
- Todo lo que el equipo de soporte hace durante su acceso queda registrado y visible para el Administrador y el Auditor interno de la organizacion (04_secciones/11_roles_y_permisos.md seccion 11.7).","5","R1","21","HU-000-14, HU-000-02, HU-000-01","","No","","","No","","04_secciones/11_roles_y_permisos.md seccion 11.7 (propuesta de esa seccion, no presente en las fichas)"
"HU-000-16","Historia","EP-000","Plataforma y requisitos transversales","-","Exportar todos los datos de la organizacion al finalizar el contrato","Administrador de la organizacion","Como Administrador de la organizacion, quiero solicitar y recibir una exportacion completa de todos los datos que mi organizacion registro en el sistema, cuando termina mi contrato con el proveedor, para conservar la informacion de mi programa de proteccion de datos sin depender de que siga usando la plataforma.","1. Dado que la organizacion finaliza su contrato con el proveedor, cuando el Administrador de la organizacion o el equipo del producto (proveedor) solicita la exportacion completa, entonces el sistema arma un paquete con los registros de todos los modulos que la organizacion uso (organizacion y usuarios, tratamientos, ARCO-POL, incidentes, consentimientos, documentos, evidencia, controles, entre otros).
2. Dado que el paquete de exportacion completa se genera, cuando el servicio comun de exportacion lo procesa, entonces incluye la huella de integridad de cada archivo y el manifiesto del conjunto.
3. Dado que la exportacion de algun modulo con datos de la organizacion queda incompleta o falla, cuando el sistema procesa la solicitud, entonces no marca la exportacion completa como terminada hasta que todos los modulos con datos de esa organizacion queden incluidos.
4. Dado que el paquete de exportacion completa queda disponible, cuando el Administrador de la organizacion lo descarga, entonces el sistema deja constancia de quien lo descargo y cuando.
5. Dado que se solicita o se entrega la exportacion completa de una organizacion, cuando ocurre cualquiera de los dos eventos, entonces la bitacora de auditoria lo registra con quien lo solicito o lo recibio, la organizacion y la fecha y hora.","- La exportacion completa usa el mismo servicio comun de exportacion con verificacion de integridad que el resto del sistema (HU-000-04), no un mecanismo separado.
- La devolucion de los datos al finalizar la relacion con el encargado es una practica recomendada bajo la LPDP, aplicada aqui al propio proveedor frente a su cliente (ver notas_epica sobre OBL-PROV-07).","8","R2","36","HU-000-04, HU-000-02","","No","OBL-PROV-07","","No","","04_secciones/13_evidencia_y_auditoria.md tabla PROV (OBL-PROV-07); 04_secciones/09_modelo_conceptual.md seccion 9.6"
"HU-000-17","Historia","EP-000","Plataforma y requisitos transversales","-","Eliminar los datos de una organizacion tras finalizar el contrato","Equipo del producto (proveedor)","Como Equipo del producto (proveedor), quiero eliminar los datos de una organizacion cliente despues de confirmar que recibio su exportacion completa y de que se cumple el plazo pactado, dejando constancia de la eliminacion, para cerrar la relacion con esa organizacion sin conservar sus datos mas alla de lo pactado.","1. Dado que una organizacion finalizo su contrato, cuando el equipo del producto (proveedor) intenta iniciar la eliminacion de sus datos, entonces el sistema exige confirmar primero que la exportacion completa de la organizacion (HU-000-16) ya fue entregada.
2. Dado que la organizacion tiene un procedimiento sancionador o un reclamo ante la Direccion de Proteccion de Datos de la ACE todavia abierto que referencia sus datos, cuando el equipo del producto intenta eliminarlos, entonces el sistema bloquea la eliminacion mientras ese procedimiento siga abierto.
3. Dado que se cumplen las condiciones para eliminar (exportacion entregada, plazo pactado cumplido, sin procedimiento abierto), cuando el equipo del producto confirma la eliminacion con el metodo usado y su propia identidad, entonces el sistema elimina los datos de esa organizacion y genera una constancia de la eliminacion.
4. Dado que los datos de la organizacion ya fueron eliminados, cuando alguien busca la constancia de esa eliminacion, entonces la encuentra disponible aunque los datos originales ya no existan.
5. Dado que se confirma la eliminacion de los datos de una organizacion, cuando ocurre, entonces la bitacora de auditoria registra quien la ejecuto, el metodo, la fecha y hora.","- La eliminacion nunca ocurre antes de confirmar que la exportacion completa fue entregada.
- Un procedimiento abierto que referencia los datos de la organizacion bloquea la eliminacion, sin excepcion, igual que el mismo criterio que aplica MOD-016 a la evidencia bloqueada por un procedimiento abierto (04_secciones/13_evidencia_y_auditoria.md seccion 13.6.2).
- La eliminacion siempre deja una constancia (metodo, responsable, fecha) que sigue disponible incluso despues de eliminados los datos originales, con el mismo criterio de evidencia de eliminacion que usa MOD-016 (04_secciones/13_evidencia_y_auditoria.md seccion 13.6.3).","5","R2","36","HU-000-16, HU-000-02","","No","OBL-PROV-07, OBL-SEG-05","","No","","04_secciones/13_evidencia_y_auditoria.md secciones 13.6.2 y 13.6.3 (por analogia); tabla PROV (OBL-PROV-07)"
"HU-000-18","Historia","EP-000","Plataforma y requisitos transversales","-","Ver fechas y horas en el huso horario de El Salvador","Usuario de consulta / Colaborador","Como Usuario de consulta / Colaborador, quiero que toda fecha y hora que el sistema muestra use el huso horario y el formato de fecha de El Salvador, para interpretar correctamente los plazos, las alertas y la bitacora de auditoria sin hacer conversiones manuales.","1. Dado cualquier fecha u hora que el sistema muestra en una pantalla, un reporte o un documento generado, cuando el usuario la consulta, entonces aparece en el huso horario de El Salvador y en el formato de fecha usado en el pais, sin importar desde donde se conecte.
2. Dado que otro modulo calcula una fecha limite o un plazo legal (por ejemplo, a traves del motor de plazos), cuando el resultado se muestra al usuario, entonces se presenta en ese mismo huso horario y formato.
3. Dado un usuario cuyo dispositivo o navegador esta configurado con otro huso horario, cuando consulta cualquier fecha dentro del sistema, entonces la fecha mostrada no cambia por la configuracion de su dispositivo.
4. Dado un evento registrado en la bitacora de auditoria, cuando alguien lo consulta, entonces la marca de tiempo se muestra en el huso horario de El Salvador.","- El huso horario y el formato de fecha de El Salvador se aplican de forma uniforme en todo el sistema, sin depender de la configuracion del dispositivo de cada usuario.","2","R1","21","","","No","","","No","","00_contexto_para_agentes.md seccion 1 (contexto de El Salvador)"
"HU-000-19","Historia","EP-000","Plataforma y requisitos transversales","-","Usar el sistema en espanol","Usuario de consulta / Colaborador","Como Usuario de consulta / Colaborador, quiero que todas las pantallas, mensajes, textos de ayuda y documentos que el sistema genera esten en espanol, para poder usar el sistema completo sin depender de otro idioma.","1. Dado cualquier pantalla del sistema, cuando un usuario la abre, entonces todas las etiquetas, botones, mensajes de error y textos de ayuda estan en espanol.
2. Dado un modulo nuevo que se libera a los usuarios, cuando se publica, entonces no contiene texto residual sin traducir en otro idioma.
3. Dado un documento o un correo que el sistema genera de forma automatica (por ejemplo, una invitacion o una notificacion), cuando se genera, entonces su contenido esta en espanol.
4. Dado el estilo de redaccion en espanol sin lenguaje juridico innecesario que exige el principio de transparencia, cuando el equipo de contenido revisa un texto de cara al usuario, entonces el texto evita terminologia tecnica y letra pequena para un usuario no especialista.","- Idioma unico del producto: espanol, con registro profesional y claro para un usuario no especialista (00_contexto_para_agentes.md seccion 4).","1","R1","6","","","No","","","No","","00_contexto_para_agentes.md seccion 4 (reglas de redaccion); 02_validacion/04_objetivo_exacto_del_producto.md"
"HU-001-01","Historia","EP-001","Organizacion y Personas","MOD-001","Registrar y mantener los datos basicos de la organizacion","Administrador de la organizacion","Como Administrador de la organizacion, quiero registrar y mantener actualizados los datos basicos de mi organizacion (razon social, identificacion tributaria, sector o giro economico, numero de empleados, paises donde opera, direccion y sucursales iniciales), para que el resto del sistema tenga una identidad de organizacion confiable desde la cual operar y que quede constancia de la ficha de organizacion que la evaluacion del ambito de aplicacion de la ley necesita como evidencia.","1. Dado que la organizacion esta en estado BORRADOR, cuando el Administrador completa Razon social, Identificacion tributaria (NIT/NRC), Sector o giro economico, Numero de empleados y al menos un pais en Paises donde opera, entonces el sistema cambia el estado de la organizacion a ACTIVA y registra el evento organizacion lista con fecha y hora.
2. Dado que el Administrador intenta guardar la organizacion sin haber completado Razon social, Identificacion tributaria, Sector o giro economico, Numero de empleados o Paises donde opera, cuando confirma el guardado, entonces el sistema rechaza el avance a ACTIVA, muestra que campos faltan y la organizacion permanece en BORRADOR.
3. Dado que el Administrador ingresa una Razon social o una Identificacion tributaria ya registrada por otra cuenta dentro del sistema, cuando intenta guardarla, entonces el sistema rechaza el guardado por duplicidad y muestra el error correspondiente.
4. Dado que el pais El Salvador viene preseleccionado en Paises donde opera, cuando el Administrador intenta quitarlo de la lista, entonces el sistema no permite removerlo.
5. Dado que la organizacion esta en estado ACTIVA, cuando el Administrador edita cualquier campo de los datos basicos, entonces el sistema conserva el estado ACTIVA, guarda el valor anterior y el valor nuevo, y registra en el historial quien hizo el cambio y cuando.
6. Dado que el Administrador adjunta un documento opcional de respaldo (por ejemplo acta de constitucion o poder del representante legal), cuando lo sube, entonces el sistema lo guarda como anexo de la organizacion sin exigirlo como campo obligatorio.
7. Dado que la organizacion completa los datos de Sector o giro economico y Paises donde opera, cuando el Administrador guarda el formulario, entonces el sistema no muestra ninguna conclusion sobre si la Ley para la Proteccion de Datos Personales aplica a la organizacion ni ningun texto de exclusion del Art. 3, porque esa determinacion es exclusiva del Diagnostico de Cumplimiento.
8. Dado que han pasado 3 dias desde el alta de la organizacion sin completar los campos minimos, cuando se cumple ese plazo, entonces el sistema genera la alerta Organizacion incompleta de nivel WARNING hacia el Administrador, con un segundo recordatorio a los 7 dias, y la alerta se apaga cuando la organizacion pasa a ACTIVA.","- La organizacion pasa de BORRADOR a ACTIVA solo cuando estan presentes razon social, NIT/NRC, sector, pais y numero de empleados.
- El Salvador queda preseleccionado y no removible en Paises donde opera.
- Los datos societarios (razon social, NIT, sucursales) no son datos personales; los datos personales viven unicamente en el modulo de usuarios.
- Solo el Administrador puede crear o modificar los datos societarios.","5","R1","1","","","Si","OBL-AMB-01","","No","","MOD-001 secciones D.1, F.1, F.3, G fila 1, H, I (Organizacion incompleta), J, R.1"
"HU-001-02","Historia","EP-001","Organizacion y Personas","MOD-001","Gestionar las sucursales de la organizacion","Administrador de la organizacion","Como Administrador de la organizacion, quiero dar de alta, archivar y reactivar las sucursales de mi organizacion, para reflejar donde opera mi empresa y poder asociar responsables y tratamientos a cada sede.","1. Dado que la organizacion esta en estado ACTIVA o BORRADOR, cuando el Administrador agrega una sucursal con nombre, entonces el sistema la crea en estado ACTIVA y la incluye en el listado de sucursales activas.
2. Dado que el Administrador intenta agregar una sucursal sin nombre, cuando confirma el guardado, entonces el sistema rechaza el guardado y exige el campo Nombre.
3. Dado que una sucursal esta en estado ACTIVA, cuando el Administrador la archiva, entonces el sistema la pasa a estado ARCHIVADA, deja de mostrarla en los listados activos y conserva su historial.
4. Dado que la sucursal que se intenta archivar es la unica registrada y existen tratamientos activos que la referencian desde el modulo de tratamientos, cuando el Administrador confirma el archivado, entonces el sistema muestra una advertencia de que existen tratamientos que la referencian, pero permite continuar porque esta validacion es una advertencia y no un bloqueo automatico.
5. Dado que una sucursal esta en estado ARCHIVADA, cuando el Administrador la reactiva, entonces el sistema la regresa a estado ACTIVA y vuelve a mostrarla en los listados activos, sin perder su historial previo.
6. Dado que el Administrador agrega o edita una sucursal con un pais distinto a El Salvador, cuando guarda el cambio, entonces el sistema registra el evento en el historial de la organizacion con el campo, el valor anterior, el valor nuevo, quien lo hizo y cuando.","- El MVP soporta varias sucursales de una misma razon social, nunca varias razones sociales.
- Archivar o reactivar una sucursal nunca elimina su historial.
- Solo el Administrador puede crear, archivar o reactivar sucursales.","3","R1","1","HU-001-01","","Si","","","No","","MOD-001 secciones D.1 (Sucursales), F.1, F.3, R.2"
"HU-001-03","Historia","EP-001","Organizacion y Personas","MOD-001","Gestionar el catalogo de unidades o departamentos","Administrador de la organizacion","Como Administrador de la organizacion, quiero definir las unidades o departamentos de mi organizacion y asignarles un responsable por defecto, para poder organizar el trabajo y asignar tareas por area desde el primer dia.","1. Dado que la organizacion existe, cuando el Administrador crea una unidad con nombre y area funcional del catalogo (RRHH, Marketing, TI, Legal/Compliance, Operaciones, Finanzas, Atencion al cliente u Otro), entonces el sistema la agrega al catalogo de unidades de la organizacion.
2. Dado que el Administrador intenta crear una unidad sin nombre, cuando confirma el guardado, entonces el sistema rechaza el guardado y exige el campo Nombre.
3. Dado que el Administrador quiere asignar un Responsable por defecto a una unidad, cuando selecciona una persona que aun no ha sido invitada al sistema, entonces el sistema no permite seleccionarla porque el responsable debe ser un usuario ya invitado.
4. Dado que no existia ninguna unidad registrada, cuando el Administrador registra la primera unidad, entonces el sistema habilita el selector de area en la pantalla de invitar usuarios, que antes solo permitia invitar sin area asignada.
5. Dado que una unidad ya tiene usuarios asociados en su area, cuando el Administrador edita el nombre o el area funcional de esa unidad, entonces el sistema conserva la asociacion existente y registra el cambio en el historial con valor anterior y valor nuevo.","- El area funcional de cada unidad se elige del catalogo fijo (RRHH, Marketing, TI, Legal/Compliance, Operaciones, Finanzas, Atencion al cliente, Otro).
- El responsable por defecto de una unidad debe ser un usuario ya invitado.
- Registrar unidades es opcional en el alta pero se recomienda antes de invitar usuarios.","3","R1","2","HU-001-01","","Si","","","No","","MOD-001 secciones D.1 (Unidades o departamentos), G fila 7"
"HU-001-04","Historia","EP-001","Organizacion y Personas","MOD-001","Consultar el catalogo de los 12 roles estandar","Delegado de Proteccion de Datos (o Responsable interno, si aplica el estado FUTURO)","Como Delegado de Proteccion de Datos (o Responsable interno, si aplica el estado FUTURO), quiero consultar el catalogo de los 12 roles estandar disponibles en mi organizacion, incluyendo quienes los ocupan hoy, para saber a quien puedo asignar las tareas que la ley me atribuye y a quien escalar un caso.","1. Dado que la organizacion fue creada, cuando cualquier usuario con permiso de ver el catalogo de roles lo abre, entonces el sistema muestra los 12 roles estandar (Administrador de la organizacion, Delegado de Proteccion de Datos o Responsable interno, Responsable ARCO-POL o Responsable del tramite, Responsable Legal o Compliance, Responsable de Seguridad o IT, Responsable de area, Aprobador, Auditor interno, Auditor externo invitado, Usuario de consulta o Colaborador, Titular formulario externo, Asesor externo invitado) disponibles desde el alta.
2. Dado que el catalogo de roles se muestra, cuando el Delegado lo consulta, entonces el sistema muestra, para cada rol, que usuarios activos lo tienen asignado actualmente.
3. Dado que la reforma 659 puede cambiar de estado ACTUAL a FUTURO, cuando el Delegado consulta el rol de Delegado de Proteccion de Datos, entonces el sistema muestra ambas etiquetas (Delegado de Proteccion de Datos y Responsable interno) como dos nombres visibles de un mismo rol configurable.
4. Dado que Administrador de la organizacion, Delegado de Proteccion de Datos/Responsable interno y Responsable de Seguridad/IT estan marcados como roles criticos, cuando se muestra el catalogo, entonces el sistema identifica visualmente cuales de los 12 roles son criticos.
5. Dado que el MVP no incluye roles personalizados, cuando un Administrador busca una opcion para crear o editar los permisos de uno de los 12 roles estandar, entonces el sistema no ofrece ninguna accion de edicion de permisos sobre el catalogo estandar.
6. Dado que un Usuario de consulta / Colaborador abre el catalogo de roles, cuando intenta ver el listado completo de usuarios por rol, entonces el sistema le deniega esa vista y solo le muestra su propio rol y su propio equipo.","- El catalogo de los 12 roles estandar es fijo y se siembra automaticamente al crear la organizacion.
- Los roles Administrador de la organizacion, Delegado/Responsable interno y Responsable de Seguridad/IT se marcan como criticos para las alertas y bloqueos de continuidad.
- El rol Delegado de Proteccion de Datos y el rol Responsable interno son la misma entidad de rol con dos etiquetas segun el estado de la reforma 659.","2","R1","2","HU-001-01","","Si","","Descripcion breve de cada uno de los 12 roles estandar para mostrar en el catalogo (la ficha solo desarrolla el texto de ayuda general de Rol y el especifico del Delegado/Responsable interno en la seccion R)","No","","MOD-001 secciones B, C, nota final; R.3 y R.6"
"HU-001-05","Historia","EP-001","Organizacion y Personas","MOD-001","Invitar usuarios y gestionar el ciclo de la invitacion","Administrador de la organizacion","Como Administrador de la organizacion, quiero invitar usuarios a mi organizacion asignandoles al menos un rol, y gestionar la aceptacion, el vencimiento y el reenvio de esa invitacion, para dar acceso controlado al sistema a las personas de mi equipo desde el primer dia.","1. Dado que el Administrador invita a un usuario con un correo electronico valido y no duplicado dentro de la cuenta y al menos un rol seleccionado del catalogo de 12 roles estandar, cuando confirma la invitacion, entonces el sistema crea el usuario en estado INVITADO, envia la notificacion de invitacion y crea la tarea Completar perfil para ese usuario.
2. Dado que el Administrador intenta invitar a un usuario con un correo ya registrado en la cuenta o sin seleccionar ningun rol, cuando confirma la invitacion, entonces el sistema rechaza la invitacion y muestra el error correspondiente.
3. Dado que un usuario esta en estado INVITADO, cuando usa el enlace de invitacion vigente y confirma la aceptacion, entonces el sistema cambia su estado a ACTIVO y registra el evento usuario activado con fecha y hora.
4. Dado que un usuario en estado INVITADO no acepta la invitacion dentro de los 30 dias siguientes, cuando se cumple ese plazo, entonces el sistema cambia su estado a EXPIRADO y genera la alerta Invitacion pendiente de aceptar de nivel INFO hacia el Administrador a los 15 y a los 30 dias.
5. Dado que un usuario esta en estado EXPIRADO, cuando el Administrador reenvia la invitacion, entonces el sistema genera un nuevo enlace, reinicia el plazo de 30 dias y regresa al usuario a estado INVITADO.
6. Dado que el Delegado de Proteccion de Datos no tiene ademas asignado el rol Administrador de la organizacion, cuando intenta invitar directamente a un usuario, entonces el sistema le deniega la ejecucion directa y solo le permite registrar una solicitud de alta para que el Administrador la ejecute.
7. Dado que existe una solicitud de alta de usuario pendiente, cuando Administrador, Delegado, Responsable ARCO-POL, Responsable Legal/Compliance, Responsable de Seguridad/IT, Responsable de area o Aprobador la consultan, entonces el sistema les permite comentarla, y a Auditor interno, Auditor externo, Usuario de consulta y Titular no les permite comentarla.
8. Dado que la empresa desactivo el envio de la notificacion de bienvenida, cuando el Administrador invita a un usuario, entonces el sistema crea igualmente el usuario en estado INVITADO y la tarea Completar perfil, pero no envia la notificacion de bienvenida.","- El alta de usuario exige correo valido y no duplicado, y al menos un rol.
- La invitacion vence a los 30 dias; el Administrador puede reenviarla desde EXPIRADO.
- El Delegado o Responsable interno solo puede invitar directamente si ademas tiene asignado el rol Administrador; si no, solo puede solicitar el alta.
- Dar de baja no reasigna ni elimina identidades; este flujo solo cubre invitar y activar.","5","R1","2","HU-001-01, HU-001-04","MOD-021, MOD-022","Si","","","No","PP-PROD-05","MOD-001 secciones D.2, F.2, F.3, G fila 2, I (Invitacion pendiente de aceptar), C (Crear/invitar usuario, Comentar), R.5"
"HU-001-06","Historia","EP-001","Organizacion y Personas","MOD-001","Suspender y reactivar usuarios","Administrador de la organizacion","Como Administrador de la organizacion, quiero suspender temporalmente el acceso de un usuario declarando un motivo, y reactivarlo cuando corresponda, para bloquear el acceso de alguien sin perder su historial ni su identidad dentro del sistema.","1. Dado que un usuario esta en estado ACTIVO, cuando el Administrador lo suspende declarando un motivo, entonces el sistema cambia su estado a SUSPENDIDO, bloquea su acceso de inmediato y registra el motivo, quien lo hizo y cuando.
2. Dado que el Administrador intenta suspender a un usuario sin declarar un motivo, cuando confirma la suspension, entonces el sistema rechaza la accion y exige el campo de motivo.
3. Dado que el usuario que se intenta suspender es el unico usuario activo con un rol critico (Administrador de la organizacion, Delegado de Proteccion de Datos/Responsable interno o Responsable de Seguridad/IT) y no hay otro usuario activo con ese rol, cuando el Administrador confirma la suspension, entonces el sistema exige asignar un reemplazo o confirmar explicitamente con el texto Esta decision requiere la confirmacion de un responsable de su organizacion antes de completar la suspension.
4. Dado que se confirma la suspension de un usuario que es el unico titular de un rol critico sin reemplazo, cuando se completa la accion, entonces el sistema genera la alerta Baja de unico titular de un rol critico sin reemplazo de nivel CRITICAL hacia Administrador y Delegado de forma inmediata.
5. Dado que un usuario esta en estado SUSPENDIDO, cuando el Administrador lo reactiva, entonces el sistema cambia su estado a ACTIVO y restaura su acceso segun el rol o roles que ya tenia asignados.
6. Dado que un Responsable de area intenta suspender a un usuario de su propia unidad, cuando lo intenta, entonces el sistema le deniega la accion porque suspender usuarios es una accion exclusiva del Administrador.","- Suspender exige siempre un motivo declarado.
- No se puede dejar sin reemplazo al unico titular activo de un rol critico sin una confirmacion explicita registrada.
- Suspender bloquea el acceso de inmediato sin perder el historial.","5","R1","2","HU-001-05","MOD-022","Si","","","No","","MOD-001 secciones F.2, F.3, G fila 5, H, I (Baja de unico titular de un rol critico sin reemplazo), C"
"HU-001-07","Historia","EP-001","Organizacion y Personas","MOD-001","Dar de baja usuarios con reemplazo de rol critico","Administrador de la organizacion","Como Administrador de la organizacion, quiero dar de baja de forma definitiva a un usuario declarando un motivo, exigiendo un reemplazo cuando es el unico titular de un rol critico, para cerrar el acceso de quien ya no debe tenerlo sin perder la trazabilidad de lo que hizo mientras estuvo activo.","1. Dado que un usuario esta en estado ACTIVO o SUSPENDIDO, cuando el Administrador lo da de baja declarando un motivo, entonces el sistema cambia su estado a DADO DE BAJA como estado terminal, y el usuario deja de poder iniciar sesion.
2. Dado que el Administrador intenta dar de baja a un usuario sin declarar un motivo, cuando confirma la baja, entonces el sistema rechaza la accion y exige el campo de motivo.
3. Dado que el usuario a dar de baja es el unico usuario activo con un rol critico (Administrador de la organizacion, Delegado de Proteccion de Datos/Responsable interno o Responsable de Seguridad/IT), cuando el Administrador intenta completar la baja sin asignar un reemplazo, entonces el sistema bloquea la accion hasta que se asigne un reemplazo o se confirme explicitamente con el texto Esta decision requiere la confirmacion de un responsable de su organizacion.
4. Dado que un usuario fue dado de baja, cuando se completa la transicion, entonces el sistema conserva integramente su historial de acciones pasadas vinculado a su identidad, sin eliminarlo ni reasignarlo a otra persona.
5. Dado que un usuario dado de baja tenia tareas asignadas o evidencia adjunta en otros modulos, cuando se consulta ese historial despues de la baja, entonces el sistema sigue mostrando esos registros enlazados a la identidad historica del usuario dado de baja.
6. Dado que se completa la baja de un usuario que no era el unico titular de ningun rol critico, cuando se registra el evento, entonces el sistema no genera la alerta CRITICAL de baja de unico titular sin reemplazo.
7. Dado que un Auditor interno consulta el historial de un usuario dado de baja, cuando lo abre, entonces el sistema le permite verlo en modo de solo lectura, sin ninguna opcion de reactivarlo.","- Dar de baja es un estado terminal: no existe transicion de reactivacion desde DADO DE BAJA.
- No se puede dar de baja al unico titular activo de un rol critico sin asignar reemplazo o confirmar explicitamente.
- El historial de un usuario dado de baja nunca se elimina ni se reasigna a otra persona.","5","R1","3","HU-001-05, HU-001-06","MOD-022","Si","","","No","","MOD-001 secciones F.2, F.3, G fila 5, H, I (Baja de unico titular de un rol critico sin reemplazo), O"
"HU-001-08","Historia","EP-001","Organizacion y Personas","MOD-001","Editar los datos y el rol de un usuario","Administrador de la organizacion","Como Administrador de la organizacion, quiero editar los datos basicos de un usuario y modificar el rol o roles que tiene asignados, con las reglas de doble control y de advertencia de autorrevision que correspondan, para mantener el control de acceso actualizado sin que una sola persona pueda aprobarse a si misma un cambio sensible.","1. Dado que un usuario existe en el sistema, cuando el Administrador edita su cargo, su area o unidad, o su telefono, entonces el sistema guarda los cambios y registra en el historial el valor anterior, el valor nuevo, quien lo hizo y cuando.
2. Dado que el Administrador asigna uno o mas roles del catalogo de 12 roles estandar a un usuario, cuando guarda el cambio, entonces el sistema exige que quede al menos un rol seleccionado y registra el rol anterior y el rol nuevo en el historial.
3. Dado que el cambio de rol es sobre el propio rol del Administrador que lo esta ejecutando, cuando intenta guardarlo, entonces el sistema le deniega aprobar ese cambio el mismo y exige que lo apruebe un segundo Administrador o, si no existe otro, el Responsable Legal/Compliance.
4. Dado que se asigna el rol Aprobador o Auditor a un usuario y la organizacion esta por debajo del umbral configurable de separacion de funciones (valor propuesto: 50 empleados), cuando quien crea o modifica ese rol es la misma persona que lo aprobaria, entonces el sistema permite completar la accion pero muestra una advertencia visible de autorrevision y la marca como autorrevision en el historial.
5. Dado que la organizacion supera el umbral configurable de separacion de funciones, cuando se detecta que quien crea o modifica un rol Aprobador o Auditor seria la misma persona que lo aprobaria, entonces el sistema bloquea unicamente esa accion especifica y nunca reasigna o retira el rol de nadie por su cuenta; la resolucion queda siempre a cargo del Administrador o del Responsable Legal/Compliance.
6. Dado que un Usuario de consulta / Colaborador abre su propio perfil, cuando lo consulta, entonces el sistema le muestra unicamente sus propios datos y no le permite ver el listado completo de usuarios de la organizacion.
7. Dado que el Delegado de Proteccion de Datos no tiene ademas asignado el rol Administrador de la organizacion, cuando intenta modificar directamente el rol de otro usuario, entonces el sistema le deniega la ejecucion directa y solo le permite dejar registrada una solicitud de cambio de rol.","- El Administrador nunca puede aprobarse a si mismo un cambio de su propio rol, sin excepcion de tamano de empresa.
- Por debajo del umbral configurable, la acumulacion de roles Aprobador o Auditor con quien los crea se permite con advertencia visible de autorrevision; por encima del umbral, esa accion especifica se bloquea.
- El rol Auditor (interno o externo) es siempre de solo lectura y nunca coincide con quien carga evidencia o aprueba la misma accion que audita.
- Un usuario debe conservar siempre al menos un rol asignado.","5","R1","2","HU-001-04, HU-001-05","","Si","","","No","PP-PROD-04","MOD-001 secciones D.2, C, F.3 (Cambio de rol asignado), H, R.4"
"HU-001-09","Historia","EP-001","Organizacion y Personas","MOD-001","Actualizar el contacto ARCO-POL derivado al cambiar su titular","Administrador de la organizacion","Como Administrador de la organizacion, quiero que el contacto ARCO-POL que se muestra en pantalla y en los documentos se actualice automaticamente cuando cambia quien tiene asignado el rol Responsable ARCO-POL, para no dejar informacion de contacto desactualizada sin que nadie se entere.","1. Dado que el rol Responsable ARCO-POL queda activo en exactamente un usuario, cuando se asigna o se retira ese rol a alguien, entonces el sistema actualiza automaticamente el contacto ARCO-POL derivado que se muestra en pantalla.
2. Dado que existen documentos publicados que citan el contacto ARCO-POL por variable, cuando el contacto derivado se actualiza, entonces el sistema crea una tarea de revision de esos documentos, en vez de reescribirlos o republicarlos automaticamente.
3. Dado que ningun usuario activo tiene asignado el rol Responsable ARCO-POL, cuando el sistema muestra el contacto ARCO-POL derivado, entonces indica que no hay contacto asignado en vez de mostrar un nombre.
4. Dado que se actualiza el contacto ARCO-POL derivado, cuando ocurre el cambio, entonces el sistema registra el evento en el historial de la organizacion con el valor anterior, el valor nuevo, quien ejecuto el cambio de rol y cuando.","- El contacto ARCO-POL nunca se captura como campo independiente; siempre se deriva del usuario activo con el rol Responsable ARCO-POL.
- El sistema nunca reescribe automaticamente un documento ya publicado; solo crea una tarea de revision.","3","R1","3","HU-001-08","MOD-021","Si","","","No","","MOD-001 secciones D.1 (Contacto ARCO-POL publicado), G fila 3, H"
"HU-001-10","Historia","EP-001","Organizacion y Personas","MOD-001","Alertar y registrar la decision sobre el umbral de separacion de funciones","Administrador de la organizacion","Como Administrador de la organizacion, quiero recibir una alerta cuando el numero de empleados declarado supera el umbral configurable de separacion de funciones, y poder dejar registrada mi decision, para decidir de forma informada si activo el bloqueo de acumulacion de roles o si mantengo mi decision de no activarlo por ahora.","1. Dado que el numero de empleados declarado de la organizacion supera el umbral configurable (valor propuesto: 50) y la separacion de funciones no esta activada, cuando se cruza ese umbral, entonces el sistema genera la alerta Umbral de separacion de funciones alcanzado de nivel WARNING hacia el Administrador por plataforma y correo.
2. Dado que la alerta de umbral ya se genero y sigue sin atenderse, cuando pasa un mes sin que el Administrador actue, entonces el sistema repite la alerta mensualmente y la escala al Responsable Legal/Compliance a los 30 dias.
3. Dado que se muestra la alerta de umbral, cuando el Administrador decide activar el bloqueo de acumulacion de Aprobador y Auditor en la misma persona, entonces el sistema activa esa configuracion y apaga la alerta.
4. Dado que se muestra la alerta de umbral, cuando el Administrador decide mantenerla desactivada por ahora, entonces el sistema exige una confirmacion explicita, registra esa decision en el historial con quien la tomo y cuando, y apaga la alerta hasta el proximo ciclo.
5. Dado que el numero de empleados declarado esta por debajo del umbral configurable, cuando se consulta el estado de separacion de funciones, entonces el sistema lo muestra como no aplica y no genera la alerta de umbral.","- El umbral es configurable dentro de un rango predefinido por el equipo de producto (propuesta inicial: 50 empleados).
- Decidir mantener la separacion de funciones desactivada siempre queda registrado como una decision explicita del Administrador.","3","R1","3","HU-001-01, HU-001-08","MOD-022","No","","","No","PP-PROD-04","MOD-001 secciones G fila 4, I (Umbral de separacion de funciones alcanzado), M"
"HU-001-11","Historia","EP-001","Organizacion y Personas","MOD-001","Alertar cuando ningun usuario activo tiene un rol critico","Administrador de la organizacion","Como Administrador de la organizacion, quiero recibir una alerta cuando ningun usuario activo tenga asignado alguno de los roles criticos, para no quedarme sin capacidad de administrar el sistema por una vacante no atendida.","1. Dado que ningun usuario activo tiene asignado el rol Administrador de la organizacion, Delegado de Proteccion de Datos/Responsable interno o Responsable de Seguridad/IT, cuando se detecta esa condicion, entonces el sistema genera la alerta Rol critico sin titular de nivel HIGH hacia el Administrador restante o quien quede con acceso.
2. Dado que la alerta de rol critico sin titular sigue activa, cuando pasan 15 dias sin que se asigne el rol, entonces el sistema la escala a la vista de Gerencia del dashboard.
3. Dado que la alerta de rol critico sin titular esta activa, cuando se repite el ciclo semanal, entonces el sistema la reenvia por plataforma y correo mientras persista la condicion.
4. Dado que se asigna el rol critico faltante a un usuario activo, cuando se completa esa asignacion, entonces el sistema apaga la alerta Rol critico sin titular.
5. Dado que al menos un usuario activo tiene asignado cada uno de los tres roles criticos, cuando se evalua la condicion, entonces el sistema no genera esta alerta.","- Los roles criticos son Administrador de la organizacion, Delegado de Proteccion de Datos/Responsable interno y Responsable de Seguridad/IT.
- El sistema solo alerta; nunca asigna un rol critico a un usuario por su cuenta.","2","R1","3","HU-001-04, HU-001-07","MOD-022","No","","","No","","MOD-001 secciones I (Rol critico sin titular), H, M"
"HU-001-12","Historia","EP-001","Organizacion y Personas","MOD-001","Alertar sobre estructura sin actualizar y registrar la revision de accesos","Responsable de Seguridad / IT","Como Responsable de Seguridad / IT, quiero recibir un aviso cuando la estructura de usuarios, roles o sucursales no ha cambiado en un periodo prolongado, y poder dejar constancia de que se reviso, para usarlo como evidencia de que la organizacion revisa periodicamente sus accesos vigentes.","1. Dado que no hubo ningun cambio de usuarios, roles o sucursales en un periodo prolongado (por ejemplo, 6 meses), cuando se cumple ese periodo, entonces el sistema genera la alerta Estructura sin actualizar de nivel INFO hacia Administrador y Responsable de Seguridad/IT.
2. Dado que se muestra la alerta Estructura sin actualizar, cuando el Administrador realiza cualquier cambio de usuarios, roles o sucursales, entonces el sistema apaga la alerta.
3. Dado que se muestra la alerta Estructura sin actualizar y no hay cambios pendientes que hacer, cuando el Administrador confirma explicitamente que reviso los accesos vigentes y no hay cambios pendientes, entonces el sistema registra esa confirmacion en el historial con quien la hizo y cuando, y apaga la alerta.
4. Dado que se registro una confirmacion de revision de accesos, cuando el Auditor interno o el Responsable de Seguridad/IT consultan el historial del modulo, entonces pueden ver esa confirmacion como parte de la evidencia de control de acceso.
5. Dado que hubo un cambio de estructura dentro del periodo vigente, cuando se evalua la condicion de la alerta, entonces el sistema no genera la alerta Estructura sin actualizar.","- El sistema no ejecuta por si mismo una revision periodica de accesos; solo la sugiere mediante esta alerta.
- La confirmacion de revision queda registrada en el historial como evidencia.","2","R1","3","HU-001-01, HU-001-08","MOD-022","No","","","No","","MOD-001 secciones I (Estructura sin actualizar), M, O"
"HU-001-13","Historia","EP-001","Organizacion y Personas","MOD-001","Crear una tarea de revision al declarar operacion fuera de El Salvador","Delegado de Proteccion de Datos (o Responsable interno, si aplica el estado FUTURO)","Como Delegado de Proteccion de Datos (o Responsable interno, si aplica el estado FUTURO), quiero recibir una tarea sugerida de revision cuando la organizacion declara un pais distinto a El Salvador o una sucursal en el exterior, para evaluar a tiempo si esa operacion implica una transferencia internacional de datos.","1. Dado que el Administrador agrega un pais distinto a El Salvador en Paises donde opera, cuando guarda el cambio, entonces el sistema crea la tarea sugerida Revisar si esto implica una transferencia internacional de datos para el Delegado, con un enlace de referencia al modulo de transferencias internacionales.
2. Dado que el Administrador da de alta una sucursal en el exterior, cuando guarda el cambio, entonces el sistema crea la misma tarea sugerida para el Delegado.
3. Dado que la empresa desactivo esta sugerencia, cuando se agrega un pais distinto a El Salvador o una sucursal en el exterior, entonces el sistema no crea la tarea.
4. Dado que se crea la tarea sugerida, cuando se registra el evento, entonces el sistema no crea por si mismo ningun registro de transferencia internacional, solo la tarea de revision.
5. Dado que el Administrador solo agrega o edita sucursales dentro de El Salvador, cuando guarda esos cambios, entonces el sistema no crea la tarea sugerida de transferencia internacional.","- La empresa puede desactivar esta sugerencia.
- El sistema nunca concluye por si mismo que existe una transferencia internacional; solo sugiere revisarla.","2","R1","3","HU-001-01, HU-001-02","MOD-021","No","","","No","","MOD-001 secciones D.1 (Paises donde opera), G fila 6"
"HU-001-14","Historia","EP-001","Organizacion y Personas","MOD-001","Exportar el listado de usuarios y roles vigentes","Auditor (interno)","Como Auditor (interno), quiero exportar el listado de usuarios y roles vigentes a una fecha de corte, para usarlo como evidencia de control de acceso dentro de una revision o auditoria.","1. Dado que el Auditor interno tiene acceso al modulo, cuando solicita exportar el listado de usuarios y roles vigentes, entonces el sistema genera un archivo en PDF, XLSX o CSV con nombre, correo, cargo, area, rol o roles, estado y fecha de alta de cada usuario a la fecha de corte.
2. Dado que se genera la exportacion, cuando se completa, entonces el sistema registra en el historial quien exporto, cuando y con que filtro.
3. Dado que un Responsable de area sin permiso de exportacion intenta exportar el listado completo, cuando lo intenta, entonces el sistema le deniega la exportacion.
4. Dado que el Auditor interno filtra el listado por area, por rol o por estado antes de exportar, cuando confirma la exportacion, entonces el archivo generado respeta esos filtros.
5. Dado que la exportacion generada en esta version no incluye un mecanismo de verificacion de integridad (hash o firma), cuando se entrega a un tercero, entonces el sistema no la presenta como un EvidencePackage con verificacion de integridad, porque ese mecanismo es una capacidad posterior.","- Pueden exportar el listado Administrador, Delegado, Responsable Legal/Compliance, Responsable de Seguridad/IT, Auditor interno y Auditor externo (este ultimo acotado a su ventana de invitacion).
- La version con hash de integridad queda fuera de esta HU (SHOULD HAVE).","2","R1","3","HU-001-05, HU-001-08","","No","","","No","","MOD-001 secciones E, N, Q (fila Exportacion firmada con verificacion de integridad del listado de usuarios), C (Exportar)"
"HU-002-01","Historia","EP-002","Delegado / Responsable Interno de Datos","MOD-002","Registrar el nombramiento inicial del responsable del programa de datos","Administrador de la organizacion","Como Administrador de la organizacion, quiero crear el registro de nombramiento del Delegado o Responsable Interno con sus datos basicos, modalidad y contacto institucional, con el tipo_rol precargado segun el regimen normativo vigente, para dejar constancia formal de quien ejerce esta funcion, como exige OBL-DPO-01, desde el primer dia de uso del sistema.","1. Dado que no existe ningun registro de nombramiento en la organizacion, cuando el Administrador de la organizacion o el Responsable Legal inician el alta, entonces el sistema crea un registro en estado BORRADOR sin generar todavia ningun plazo legal
2. Dado que la bandera regimen_reforma_659 de MOD-024 esta en ACTUAL, cuando se crea el registro, entonces el campo tipo_rol se precarga como DELEGADO, editable solo con aprobacion de doble control
3. Dado que la persona a designar ya existe como usuario en MOD-001, cuando se selecciona en el alta, entonces nombre_completo, correo_electronico_institucional y telefono_institucional se precargan desde su perfil de usuario y quedan editables
4. Dado que se selecciona modalidad EXTERNO_PERSONA_JURIDICA, cuando se intenta guardar el registro, entonces el sistema exige completar razon_social_persona_juridica, nit_persona_juridica y persona_natural_responsable antes de continuar
5. Dado que se completa fecha_nombramiento, cuando se ingresa una fecha futura, entonces el sistema rechaza el valor con un mensaje de validacion
6. Dado un usuario con un rol distinto de Administrador de la organizacion o Responsable Legal, cuando intenta crear el registro, entonces el sistema deniega el permiso
7. Dado que se completa el registro en BORRADOR, cuando se guarda cualquier cambio, entonces el sistema registra el evento en el historial del modulo con usuario y fecha","- tipo_rol se precarga desde la bandera regimen_reforma_659 de MOD-024 y toma los valores DELEGADO o RESPONSABLE_INTERNO (ficha MOD-002, seccion D)
- El numero de documento de identidad se guarda como dato de referencia, nunca como imagen escaneada, salvo un adjunto puntual de evidencia con acceso restringido (seccion D, minimizacion de datos)
- Crear el registro de nombramiento esta permitido solo a Administrador de la organizacion y a Responsable Legal / Compliance (seccion C)","3","R1","9","","MOD-001, MOD-024","No","OBL-DPO-01","Modelo de acta de nombramiento de Delegado o Responsable Interno, validado por asesoria legal, para adjuntar como documento_acta_nombramiento","No","","MOD-002 secciones D, F (fila inicial) y H decision 5"
"HU-002-02","Historia","EP-002","Delegado / Responsable Interno de Datos","MOD-002","Completar el checklist de perfil y avanzar el nombramiento a pendiente de aceptacion","Administrador de la organizacion","Como Administrador de la organizacion, quiero marcar cada requisito del perfil del Art. 5 de los Lineamientos DPO como cumplido o no cumplido, y que el registro avance a PENDIENTE_ACEPTACION solo cuando todos los campos obligatorios y el checklist esten completos, para dejar evidencia de la diligencia de la organizacion sobre el perfil de la persona designada, sin que el sistema certifique su idoneidad.","1. Dado un registro en BORRADOR con el checklist de requisitos_perfil sin completar, cuando el Administrador de la organizacion intenta avanzarlo a PENDIENTE_ACEPTACION, entonces el sistema bloquea la transicion mientras quede alguna casilla sin marcar explicitamente Si o No
2. Dado que se muestra el checklist de perfil, cuando se presenta en pantalla, entonces el sistema muestra el texto Requiere validacion de la organizacion o asesoria especializada junto a cada requisito
3. Dado un registro en BORRADOR con todos los campos obligatorios de la seccion D completos y el checklist de requisitos_perfil totalmente marcado, cuando el Administrador de la organizacion confirma, entonces el registro pasa a PENDIENTE_ACEPTACION
4. Dado que falta algun campo obligatorio distinto del checklist, por ejemplo documento_identidad o numero_acuerdo_acta, cuando se intenta avanzar el registro, entonces el sistema lista los campos faltantes y no permite la transicion
5. Dado que el registro pasa a PENDIENTE_ACEPTACION, entonces el sistema registra el evento de cambio de estado en el historial del modulo con usuario y fecha
6. Dado un usuario con rol distinto de Administrador de la organizacion, cuando intenta completar el checklist, entonces el sistema deniega el permiso","- El checklist de requisitos_perfil incluye grado universitario, mayor de 21 anos, experiencia acreditada, ausencia de sentencia firme por delitos dolosos relacionados y ausencia de sancion firme por infracciones a la LPDP (seccion D)
- El sistema no verifica por si mismo el cumplimiento del perfil; es responsabilidad de la organizacion confirmarlo con la documentacion de respaldo (seccion H, decision 1)","5","R1","9","HU-002-01","","No","OBL-DPO-01","","No","","MOD-002 secciones D (fila requisitos_perfil), F (transicion BORRADOR a PENDIENTE_ACEPTACION) y H decision 1"
"HU-002-03","Historia","EP-002","Delegado / Responsable Interno de Datos","MOD-002","Aceptar el cargo mediante la declaracion jurada de conflicto de intereses","Delegado de Proteccion de Datos (o Responsable interno, si aplica el estado FUTURO)","Como Delegado de Proteccion de Datos (o Responsable interno, si aplica el estado FUTURO), quiero firmar digitalmente la declaracion jurada de conflicto de intereses y aceptar el cargo, para formalizar mi nombramiento y cumplir la diligencia previa que exige el Art. 9 de los Lineamientos DPO antes de ejercer la funcion.","1. Dado un registro en PENDIENTE_ACEPTACION, cuando la persona designada marca sin conflicto declarado y confirma la aceptacion, entonces el registro pasa a NOMBRADO y se fija fecha_nombramiento con la fecha de la confirmacion
2. Dado que la persona designada marca con situacion declarada, cuando intenta confirmar sin adjuntar la medida correctiva adoptada, entonces el sistema bloquea la aceptacion hasta que se complete ese campo
3. Dado que el registro pasa a NOMBRADO, cuando se completa la transicion, entonces el sistema solicita a MOD-023 la fecha limite de 3 dias habiles para la notificacion interna y crea en MOD-021 la tarea Notificar al Delegado su nombramiento asignada a Administrador de la organizacion
4. Dado que se registra la declaracion jurada, cuando se muestra en pantalla, entonces el sistema presenta el texto Requiere validacion de la organizacion o asesoria especializada junto a la advertencia sobre conflicto de intereses
5. Dado un usuario distinto de la persona designada en el registro, cuando intenta aceptar el cargo en su nombre, entonces el sistema deniega el permiso
6. Dado que la aceptacion se completa, entonces el sistema registra la declaracion jurada firmada, con fecha y contenido declarado, como evidencia del expediente","- La aceptacion del cargo exige que la persona designada firme o acepte digitalmente la declaracion jurada antes de pasar a NOMBRADO (seccion F)
- El sistema registra la declaracion y advierte sobre cargos tipicamente incompatibles, pero no decide si el caso concreto configura conflicto de intereses (seccion H, decision 2)","5","R1","9","HU-002-02","MOD-023, MOD-021","No","OBL-DPO-01","Modelo de declaracion jurada de conflicto de intereses, validado por asesoria legal","No","","MOD-002 secciones D (declaracion_jurada_conflicto_intereses), F (PENDIENTE_ACEPTACION a NOMBRADO), G.1 y H decision 2"
"HU-002-04","Historia","EP-002","Delegado / Responsable Interno de Datos","MOD-002","Registrar la notificacion interna del nombramiento dentro del plazo legal","Administrador de la organizacion","Como Administrador de la organizacion, quiero adjuntar la constancia de que se notifico internamente a la persona designada su nombramiento, dentro del plazo de 3 dias habiles, para cumplir el Art. 8 de los Lineamientos DPO y dejar disparado el plazo de comunicacion a la ACE.","1. Dado un registro en NOMBRADO con la fecha limite de 3 dias habiles calculada por MOD-023, cuando el Administrador de la organizacion adjunta la constancia de notificacion interna y confirma, entonces el registro pasa a NOTIFICADO_INTERNAMENTE
2. Dado que el registro pasa a NOTIFICADO_INTERNAMENTE, cuando se completa la transicion, entonces el sistema solicita a MOD-023 la fecha limite de 15 dias habiles para comunicar el nombramiento a la ACE, contada desde el dia siguiente a fecha_nombramiento, y crea en MOD-021 la tarea Comunicar el nombramiento a la ACE
3. Dado que falta 1 dia habil para vencer el plazo de 3 dias habiles sin que la notificacion se haya registrado, entonces el sistema dispara la alerta WARNING Notificacion interna por vencer hacia Administrador de la organizacion
4. Dado que vence el plazo de 3 dias habiles sin registrar la notificacion, entonces el sistema dispara la alerta HIGH Notificacion interna vencida hacia Administrador de la organizacion y Aprobador, con frecuencia diaria hasta que se complete
5. Dado que se intenta registrar la notificacion sin adjuntar la constancia, cuando se confirma, entonces el sistema bloquea la transicion
6. Dado un usuario con rol distinto de Administrador de la organizacion, cuando intenta registrar la notificacion interna, entonces el sistema deniega el permiso","- El plazo de notificacion interna es de 3 dias habiles desde fecha_nombramiento y lo calcula siempre MOD-023 (seccion F, G.1)
- MOD-002 nunca calcula plazos por su cuenta; si el calendario de dias habiles del ano no esta configurado, el sistema bloquea la creacion de la fecha limite y alerta al Administrador (seccion P, riesgos operativos)","3","R1","9","HU-002-03","MOD-023, MOD-021, MOD-022","No","OBL-DPO-02","","No","","MOD-002 secciones F (NOMBRADO a NOTIFICADO_INTERNAMENTE), G.1, G.2 e I"
"HU-002-05","Historia","EP-002","Delegado / Responsable Interno de Datos","MOD-002","Preparar y registrar la comunicacion del nombramiento a la ACE","Administrador de la organizacion","Como Administrador de la organizacion, quiero preparar el contenido de la comunicacion del nombramiento a la ACE, adjuntar el acta y registrarla como tramite pendiente hacia el Centro Regulatorio, dentro del plazo de 15 dias habiles, para cumplir el Art. 10 de los Lineamientos DPO y dejar evidencia verificable del intento de comunicacion, sin que el sistema presente el tramite ni certifique su recepcion por la ACE.","1. Dado un registro en NOTIFICADO_INTERNAMENTE, cuando el Administrador de la organizacion o el Responsable Legal intentan enviar la comunicacion sin tener adjunto documento_acta_nombramiento, entonces el sistema bloquea la accion
2. Dado un registro en NOTIFICADO_INTERNAMENTE con requisitos_perfil incompleto, cuando se intenta enviar la comunicacion, entonces el sistema bloquea la accion hasta que el checklist este completo
3. Dado un registro con documento_acta_nombramiento adjunto y requisitos_perfil completo, cuando se confirma el envio, entonces el registro pasa a COMUNICADO_A_ACE, se fija fecha_comunicacion_ace y el sistema genera un evento saliente hacia el submodulo Tramites ante la ACE de MOD-024 con estado Preparado
4. Dado que se genera el evento hacia MOD-024, cuando se muestra en pantalla, entonces el sistema presenta el texto el sistema deja evidencia del intento de envio, fecha y documento remitido, y no certifica que la ACE lo haya recibido o aceptado mientras el canal oficial de la ACE no este plenamente operativo
5. Dado que faltan 3 dias habiles para vencer el plazo de 15 dias habiles sin haberse enviado la comunicacion, entonces el sistema dispara la alerta WARNING hacia Administrador de la organizacion y Delegado
6. Dado que vence el plazo de 15 dias habiles sin enviarse la comunicacion, entonces el sistema dispara la alerta CRITICAL hacia Administrador de la organizacion, Aprobador y Responsable Legal, visible en el dashboard de Gerencia
7. Dado que la comunicacion se registra como enviada, entonces el sistema conserva el comprobante de envio, con fecha y documento remitido, como evidencia del expediente","- El sistema nunca presenta tramites ante la ACE en nombre de la empresa sin que esta lo autorice y ejecute; solo prepara el contenido y deja evidencia del intento (anti-feature 13)
- El plazo de comunicacion es de 15 dias habiles contados desde el dia siguiente a fecha_nombramiento y lo calcula MOD-023 (seccion G.2)","8","R1","10","HU-002-04","MOD-023, MOD-021, MOD-024, MOD-022","Si","OBL-DPO-03","Modelo u oficio de comunicacion de nombramiento a la ACE, validado por asesoria legal","Si","PP-REG-06","MOD-002 secciones F (NOTIFICADO_INTERNAMENTE a COMUNICADO_A_ACE), G.2, H decision 7 y anti-feature 13"
"HU-002-06","Historia","EP-002","Delegado / Responsable Interno de Datos","MOD-002","Registrar el rechazo de inscripcion de la ACE y reabrir el nombramiento","Administrador de la organizacion","Como Administrador de la organizacion, quiero registrar cuando la ACE notifica que no inscribe a la persona designada, y volver a iniciar un nombramiento con otra persona dentro del plazo legal, para no dejar a la empresa sin un responsable del tramite valido ante la ACE.","1. Dado un registro en COMUNICADO_A_ACE, cuando el Administrador de la organizacion registra la notificacion formal de incumplimiento de requisitos de la ACE, entonces el registro pasa a RECHAZADO_ACE y el sistema dispara la alerta CRITICAL correspondiente
2. Dado que el registro pasa a RECHAZADO_ACE, entonces el sistema solicita a MOD-023 la cuenta atras de 10 dias habiles para nombrar a otra persona
3. Dado un registro en RECHAZADO_ACE, cuando el Administrador de la organizacion inicia un nuevo nombramiento, entonces el sistema crea un nuevo registro en BORRADOR y archiva el registro anterior con el motivo rechazado por la ACE, sin eliminarlo
4. Dado que el registro anterior queda archivado, cuando se consulta el historial, entonces sigue siendo visible con su motivo de cierre
5. Dado que vencen los 10 dias habiles sin que exista un nuevo registro que llegue a NOMBRADO, entonces el sistema mantiene la alerta CRITICAL visible en el dashboard de Gerencia
6. Dado un usuario con rol distinto de Administrador de la organizacion, cuando intenta registrar el rechazo de la ACE, entonces el sistema deniega el permiso","- El registro rechazado nunca se elimina, solo se archiva con motivo (seccion F, anti-feature 19)
- Iniciar un nuevo nombramiento sigue las mismas reglas de alta que HU-002-01","5","R1","11","HU-002-05, HU-002-01","MOD-023, MOD-021, MOD-022","No","OBL-DPO-01, OBL-DPO-03","","No","","MOD-002 seccion F (COMUNICADO_A_ACE a RECHAZADO_ACE, y RECHAZADO_ACE a BORRADOR) e I"
"HU-002-07","Historia","EP-002","Delegado / Responsable Interno de Datos","MOD-002","Activar el registro tras recibir la credencial o agotarse el plazo de emision","Administrador de la organizacion","Como Administrador de la organizacion, quiero registrar la credencial recibida de la ACE, o que el sistema reconozca automaticamente que el plazo de emision se agoto sin observaciones, para que el registro pase a ACTIVO, para que el contacto del responsable del tramite quede disponible para el resto del sistema desde que la designacion queda firme.","1. Dado un registro en COMUNICADO_A_ACE, cuando el Administrador de la organizacion registra numero_registro_ace o credencial_ace, entonces el registro pasa a ACTIVO
2. Dado un registro en COMUNICADO_A_ACE, cuando transcurren 15 dias habiles desde fecha_comunicacion_ace sin que se haya registrado una observacion de la ACE, entonces el sistema pasa automaticamente el registro a ACTIVO
3. Dado que el registro pasa a ACTIVO, entonces el contacto ARCO-POL derivado, nombre, correo y telefono institucional, queda disponible por referencia para MOD-007, MOD-008 y MOD-011
4. Dado que el registro pasa a ACTIVO, entonces el indicador Estado del nombramiento del dashboard pasa a Verde, salvo que exista otro plazo vencido
5. Dado un usuario con rol distinto de Administrador de la organizacion, cuando intenta registrar la credencial recibida, entonces el sistema deniega el permiso
6. Dado que el registro pasa a ACTIVO, entonces el sistema registra el evento en el historial con la fecha y el mecanismo de activacion, credencial registrada o plazo agotado","- El contacto ARCO-POL derivado se inserta en otros modulos como variable de plantilla, por referencia, sin duplicarlo (seccion G.9)","3","R1","10","HU-002-05","MOD-023","Si","OBL-DPO-03","","No","","MOD-002 secciones F (COMUNICADO_A_ACE a ACTIVO), E y M"
"HU-002-08","Historia","EP-002","Delegado / Responsable Interno de Datos","MOD-002","Editar los datos de contacto o modalidad de un registro activo","Delegado de Proteccion de Datos (o Responsable interno, si aplica el estado FUTURO)","Como Delegado de Proteccion de Datos (o Responsable interno, si aplica el estado FUTURO), quiero editar mis propios datos de contacto institucional o de modalidad mientras mi registro esta ACTIVO, para mantener actualizada la informacion que se publica en el aviso de privacidad y se comunica a la ACE.","1. Dado un registro ACTIVO, cuando la persona designada o el Administrador de la organizacion editan correo_electronico_institucional, telefono_institucional, direccion_institucional o modalidad, entonces el sistema guarda el cambio y lo registra en el historial con el valor anterior y el nuevo
2. Dado un registro ACTIVO que ya fue comunicado a la ACE, cuando se edita un campo de contacto o modalidad, entonces el sistema solicita a MOD-023 la fecha limite de 10 dias habiles para actualizar el tramite ante la ACE y crea en MOD-021 la tarea Actualizar el tramite ante la ACE
3. Dado que faltan 2 dias habiles para vencer el plazo de actualizacion de 10 dias habiles, entonces el sistema dispara la alerta WARNING hacia Administrador de la organizacion
4. Dado que se edita el correo_electronico_institucional, cuando se guarda con un formato invalido, entonces el sistema rechaza el cambio
5. Dado un usuario con rol distinto de Administrador de la organizacion o de la propia persona designada, cuando intenta editar estos datos, entonces el sistema deniega el permiso
6. Dado que se marca el tramite de actualizacion como enviado, entonces la alerta de actualizacion pendiente se apaga","- Editar un registro ACTIVO ya comunicado dispara el plazo de actualizacion del Art. 10 inciso final de los Lineamientos DPO (seccion G.3)
- Modificar datos de perfil o contacto esta permitido a Administrador de la organizacion y a la persona designada sobre su propio registro (seccion C)","3","R1","11","HU-002-07","MOD-023, MOD-021, MOD-022","No","OBL-DPO-03","","No","","MOD-002 secciones G.3, C y D"
"HU-002-09","Historia","EP-002","Delegado / Responsable Interno de Datos","MOD-002","Reverificar el perfil del responsable cada tres anos","Aprobador","Como Aprobador, quiero aprobar la reverificacion periodica del perfil del responsable del programa de datos, respaldada por los atestados de capacitacion o certificacion que la persona designada adjunta, para cumplir la reverificacion trienal que exige el Art. 18 de los Lineamientos DPO.","1. Dado un registro ACTIVO, cuando faltan 30 dias para cumplir 3 anos desde fecha_nombramiento o desde fecha_ultima_reverificacion, entonces el sistema crea en MOD-021 la tarea Reverificar perfil del Delegado y mueve el registro a EN_REVERIFICACION si la fecha limite llega sin completarse
2. Dado un registro en EN_REVERIFICACION, cuando la persona designada adjunta los atestados_reverificacion y reconfirma el checklist de requisitos_perfil, entonces el registro queda listo para la aprobacion
3. Dado un registro en EN_REVERIFICACION con atestados adjuntos, cuando el Aprobador confirma la reverificacion, entonces el registro vuelve a ACTIVO y se actualiza fecha_ultima_reverificacion
4. Dado que vence la fecha de 3 anos sin completarse la reverificacion, entonces el registro permanece ACTIVO pero el indicador de dashboard pasa a Rojo y el sistema dispara la alerta HIGH hacia Administrador de la organizacion, Aprobador y Responsable Legal
5. Dado un usuario con rol distinto de Aprobador, cuando intenta aprobar la reverificacion, entonces el sistema deniega el permiso
6. Dado que se aprueba la reverificacion, entonces el sistema conserva los atestados de esa reverificacion como evidencia versionada, sin sobrescribir los de reverificaciones anteriores","- El plazo de reverificacion es de 3 anos desde el nombramiento o la ultima reverificacion y lo calcula MOD-023, con margen de aviso configurable de 30 dias (seccion G.4)
- El vencimiento sin completar no bloquea el registro porque la ley no lo exige, solo mantiene la alerta activa (seccion F)","8","R1","11","HU-002-07","MOD-023, MOD-021, MOD-022","No","OBL-DPO-04","","No","","MOD-002 secciones F (ACTIVO a EN_REVERIFICACION y de regreso), G.4 e I"
"HU-002-10","Historia","EP-002","Delegado / Responsable Interno de Datos","MOD-002","Registrar la capacitacion anual del propio responsable","Delegado de Proteccion de Datos (o Responsable interno, si aplica el estado FUTURO)","Como Delegado de Proteccion de Datos (o Responsable interno, si aplica el estado FUTURO), quiero registrar la fecha y la constancia de mi capacitacion anual en proteccion de datos, para cumplir la capacitacion anual que exige el Art. 22 de los Lineamientos DPO.","1. Dado un registro ACTIVO, cuando faltan 30 dias para cumplir 1 ano desde fecha_ultima_capacitacion_delegado, entonces el sistema crea en MOD-021 la tarea Renovar capacitacion anual del Delegado asignada a la persona designada
2. Dado la tarea creada, cuando la persona designada registra fecha_ultima_capacitacion_delegado y adjunta la constancia correspondiente, entonces el sistema guarda el registro como evidencia y marca la tarea como completada
3. Dado que faltan 10 dias para vencer el ciclo anual sin registrar la capacitacion, entonces el sistema dispara la alerta WARNING hacia la persona designada
4. Dado que se intenta registrar la capacitacion sin adjuntar constancia, cuando se confirma, entonces el sistema bloquea el registro
5. Dado un usuario distinto de la persona designada o de Administrador de la organizacion, cuando intenta registrar esta capacitacion, entonces el sistema deniega el permiso","- El plazo de capacitacion anual del propio responsable es de 1 ano desde el nombramiento o la ultima capacitacion registrada y lo calcula MOD-023 (seccion G.5)","3","R1","11","HU-002-07","MOD-021, MOD-023, MOD-022","No","OBL-DPO-05","","No","","MOD-002 secciones D (fecha_ultima_capacitacion_delegado), G.5 e I"
"HU-002-11","Historia","EP-002","Delegado / Responsable Interno de Datos","MOD-002","Recibir por referencia la constancia de capacitacion anual generada en MOD-017","Delegado de Proteccion de Datos (o Responsable interno, si aplica el estado FUTURO)","Como Delegado de Proteccion de Datos (o Responsable interno, si aplica el estado FUTURO), quiero que, cuando complete en MOD-017 una capacitacion dirigida a mi rol, el expediente del responsable del programa de datos reciba automaticamente la referencia a esa constancia, para no tener que cargar dos veces la misma constancia de capacitacion.","1. Dado que en MOD-017 se completa un registro de capacitacion cuyo publico destinatario incluye al rol Delegado de Proteccion de Datos, cuando ese registro se completa, entonces MOD-002 recibe la notificacion y ofrece la constancia como referencia disponible para fecha_ultima_capacitacion_delegado, sin duplicar el archivo
2. Dado la referencia recibida, cuando la persona designada la acepta, entonces el sistema actualiza fecha_ultima_capacitacion_delegado con la fecha de esa constancia
3. Dado un registro de capacitacion en MOD-017 dentro de la ventana de reverificacion trienal, cuando se completa, entonces queda disponible como adjunto sugerido para el flujo de reverificacion del perfil descrito en HU-002-09
4. Dado que MOD-017 aun no existe o no esta activo para la organizacion, cuando se necesita registrar la capacitacion anual, entonces el sistema sigue permitiendo el registro manual descrito en HU-002-10 sin bloquear el modulo","- MOD-017 conserva el registro original de la capacitacion; MOD-002 solo referencia o adjunta la constancia, sin duplicar el campo (ficha MOD-017, secciones D.4 e I)","2","R2","36","HU-002-10","MOD-017, MOD-022","No","OBL-DPO-05","","No","","MOD-002 seccion D (plan_capacitacion_personal y fecha_ultima_capacitacion_delegado); MOD-017 secciones D.4, G.8 y G.9"
"HU-002-12","Historia","EP-002","Delegado / Responsable Interno de Datos","MOD-002","Registrar el cese y disparar la designacion de sustituto en 10 dias habiles","Administrador de la organizacion","Como Administrador de la organizacion, quiero registrar la fecha y el motivo de cese de la persona designada, y que el sistema exija designar un sustituto dentro de 10 dias habiles, para no dejar a la empresa sin responsable del tramite mientras haya solicitudes ARCO-POL activas.","1. Dado un registro ACTIVO, cuando el Administrador de la organizacion o el Aprobador registran fecha_cese y motivo_cese, entonces el registro pasa a CESADO
2. Dado que fecha_cese es anterior a fecha_nombramiento, cuando se intenta guardar, entonces el sistema rechaza el valor
3. Dado que motivo_cese no encaja claramente en renuncia, fallecimiento, terminacion de contrato o ausencia temporal, cuando se selecciona la opcion Otra, entonces el sistema exige un texto libre explicando la causal, sin inferirla por si mismo
4. Dado que el registro pasa a CESADO, entonces el sistema solicita a MOD-023 la fecha limite de 10 dias habiles y crea en MOD-021 la tarea Designar sustituto asignada a Administrador de la organizacion
5. Dado que el registro pasa a CESADO, entonces el contacto ARCO-POL derivado queda vacante y el sistema marca esa condicion para que MOD-011 muestre su advertencia
6. Dado que existen tareas pendientes que dependian de la persona cesada, cuando el registro pasa a CESADO, entonces esas tareas se marcan pendiente de reasignar y quedan visibles para el Administrador de la organizacion, sin eliminarse
7. Dado un usuario con rol distinto de Administrador de la organizacion o Aprobador, cuando intenta registrar el cese, entonces el sistema deniega el permiso","- El plazo de designacion de sustituto es de 10 dias habiles desde fecha_cese, fundamentado en la continuidad de la figura (OBL-DPO-01, campo nota_actualizacion_fase3 de la matriz de obligaciones) y en el Art. 19 de los Lineamientos DPO (seccion F, automatizacion 7)
- Las tareas pendientes que dependian de la persona cesada nunca se eliminan; se marcan pendientes de reasignar (seccion F, Registros vinculados)","5","R1","11","HU-002-07","MOD-023, MOD-021, MOD-022","No","OBL-DPO-01","","No","","MOD-002 secciones F (ACTIVO a CESADO), G.7, D (motivo_cese) y H decision 6; OBL-DPO-01 campo nota_actualizacion_fase3 de 01_legal/matriz_obligaciones.json"
"HU-002-13","Historia","EP-002","Delegado / Responsable Interno de Datos","MOD-002","Vigilar el plazo de 10 dias habiles para designar sustituto tras el cese","Administrador de la organizacion","Como Administrador de la organizacion, quiero ver el conteo de dias habiles restantes para designar un sustituto tras un cese, y recibir la alerta correspondiente si el plazo vence, para no perder de vista la obligacion de continuidad de la figura mientras gestiono otras tareas urgentes.","1. Dado un registro en CESADO con la tarea Designar sustituto activa, cuando se consulta el registro, entonces el sistema muestra los dias habiles restantes calculados por MOD-023 hasta el limite de 10 dias habiles
2. Dado que un nuevo registro llega a NOMBRADO dentro del plazo de 10 dias habiles, entonces la tarea Designar sustituto se marca completada y la cuenta atras se detiene
3. Dado que vencen los 10 dias habiles sin que exista un nuevo registro en NOMBRADO, entonces el sistema dispara la alerta CRITICAL Sustituto no designado tras cese hacia Administrador de la organizacion y Aprobador, con frecuencia diaria
4. Dado que la alerta CRITICAL esta activa, entonces el indicador queda visible en el dashboard de Gerencia hasta que se resuelva
5. Dado un registro CESADO con un sustituto ya designado, cuando se consulta el historial, entonces el sistema muestra el registro CESADO archivado junto con la referencia al nuevo registro que lo sucede","- El registro CESADO queda archivado, visible en el historial, mientras corre el periodo de confidencialidad (seccion F)","5","R1","12","HU-002-12, HU-002-01","MOD-023, MOD-022","No","OBL-DPO-01","","No","","MOD-002 secciones F (CESADO a nuevo BORRADOR), I y M"
"HU-002-14","Historia","EP-002","Delegado / Responsable Interno de Datos","MOD-002","Mantener la clausula y el contador de confidencialidad post-cese de 5 anos","Responsable Legal / Compliance","Como Responsable Legal / Compliance, quiero confirmar que el contrato o acta de nombramiento incluye la clausula de confidencialidad post-cese, y que el sistema archive el registro automaticamente cuando se cumplan 5 anos del cese, para cumplir el deber de confidencialidad que exige el Art. 36 de los Lineamientos DPO.","1. Dado un registro en BORRADOR o NOMBRADO, cuando se intenta avanzarlo sin marcar clausula_confidencialidad_postcontractual y su referencia al documento, entonces el sistema bloquea la transicion
2. Dado un registro CESADO, cuando se registra fecha_cese, entonces el sistema inicia el contador de 5 anos de confidencialidad sobre el historial de ese registro
3. Dado que faltan 60 dias para cumplir 5 anos desde fecha_cese, entonces el sistema dispara la alerta INFO hacia Responsable Legal / Compliance y Administrador de la organizacion
4. Dado que transcurren 5 anos desde fecha_cese, entonces el sistema mueve automaticamente el registro a ARCHIVADO y cierra la obligacion de confidencialidad activa, sin eliminar el registro
5. Dado un registro en ARCHIVADO, cuando se consulta, entonces sigue disponible como historico para Delegado, Aprobador, Legal y Auditor
6. Dado un usuario con rol distinto de Administrador de la organizacion o Responsable Legal / Compliance, cuando intenta editar clausula_confidencialidad_postcontractual, entonces el sistema deniega el permiso","- El periodo de confidencialidad post-cese es de 5 anos desde fecha_cese y lo calcula MOD-023 (seccion G.7)
- El registro archivado nunca se elimina, permanece disponible como historico (seccion F, anti-feature 19)","5","R1","12","HU-002-01, HU-002-12","MOD-023, MOD-022","No","OBL-DPO-06","Modelo de clausula de confidencialidad post-cese para incorporar al contrato o acta, validado por asesoria legal o especializada","No","","MOD-002 secciones D (clausula_confidencialidad_postcontractual), F (CESADO a ARCHIVADO) e I"
"HU-002-15","Historia","EP-002","Delegado / Responsable Interno de Datos","MOD-002","Reaccionar automaticamente cuando cambia el regimen normativo de la reforma 659","Administrador de la organizacion","Como Administrador de la organizacion, quiero que, cuando la bandera regimen_reforma_659 de MOD-024 cambie de ACTUAL a FUTURO, reciba una tarea de revision y vea que las tareas de pasos exclusivos del regimen actual quedan marcadas como no aplicables, sin perder su historial, para saber de inmediato que cambio el marco normativo aplicable a la figura del responsable del programa de datos.","1. Dado un registro ACTIVO, cuando la bandera regimen_reforma_659 de MOD-024 cambia de ACTUAL a FUTURO, entonces el sistema crea la tarea Revisar si mantiene esta figura de forma voluntaria asignada a Administrador de la organizacion, sin cambiar tipo_rol de forma automatica
2. Dado el cambio de bandera, entonces el sistema dispara la alerta INFO Cambio de estado regulatorio, reforma 659, hacia Administrador de la organizacion, la persona designada y Responsable Legal / Compliance, una unica vez
3. Dado el cambio de bandera, entonces el sistema actualiza la etiqueta de clasificacion visible de OBL-DPO-02 a OBL-DPO-08 de OBLIGATORIO o CONDICIONAL a opcional bajo el estado regulatorio actual, preservando la clasificacion anterior en el historial
4. Dado que existen tareas recurrentes de tipos exclusivos del regimen ACTUAL, por ejemplo la reverificacion trienal o la comunicacion a la ACE, cuando la bandera pasa a FUTURO y no hay una persona con tipo_rol DELEGADO mantenida de forma voluntaria, entonces esas tareas dejan de generarse y las instancias abiertas se marcan no aplica bajo el estado regulatorio actual, ver historial, sin eliminarse
5. Dado un registro cerrado antes del cambio de bandera, cuando se consulta su historial, entonces conserva integras las reglas y la clasificacion vigentes en el momento de su cierre
6. Dado que la bandera regresa de FUTURO a ACTUAL por reversion, entonces el sistema restaura la generacion de las tareas del regimen ACTUAL sin reinterpretar los registros ya cerrados bajo FUTURO","- El cambio de bandera nunca lo activa MOD-002; el modulo solo lo lee y reacciona a el (seccion G.8, ficha MOD-024)
- Ninguna tarea ni alerta se recalcula retroactivamente; la clasificacion vigente al momento de generarse cada registro queda preservada (06_mapa_definitivo_de_modulos.md, seccion 5, punto 6)","5","R1","10","HU-002-07","MOD-024, MOD-021, MOD-022","No","OBL-DPO-02, OBL-DPO-03, OBL-DPO-04, OBL-DPO-05, OBL-DPO-06, OBL-DPO-07, OBL-DPO-08","","No","","MOD-002 secciones F (nota de diseno), G.8; 06_mapa_definitivo_de_modulos.md seccion 5, puntos 6 y 7; 12_tareas_y_alertas.md seccion 12.7"
"HU-002-16","Historia","EP-002","Delegado / Responsable Interno de Datos","MOD-002","Decidir con doble control si mantener al Delegado de forma voluntaria o migrar a Responsable Interno","Aprobador","Como Aprobador, quiero confirmar, junto con quien propone el cambio, si la organizacion mantiene voluntariamente al Delegado certificado bajo el regimen ACTUAL o migra a la figura de Responsable Interno sin certificacion ante la ACE, una vez que la bandera regimen_reforma_659 este en FUTURO, para que el cambio de tipo_rol quede respaldado por una decision explicita y con doble control, nunca automatica.","1. Dado que la bandera regimen_reforma_659 esta en FUTURO y existe la tarea Revisar si mantiene esta figura de forma voluntaria, cuando Administrador de la organizacion o la persona designada proponen mantener o migrar, entonces el sistema exige una segunda confirmacion de un usuario con rol Aprobador o Responsable Legal / Compliance antes de aplicar el cambio
2. Dado que quien propone el cambio es la unica persona disponible con rol Aprobador, cuando intenta autoaprobar su propia propuesta, entonces el sistema bloquea la confirmacion y exige un segundo usuario distinto
3. Dado que se confirma con doble control mantener la figura, cuando se aplica la decision, entonces tipo_rol permanece DELEGADO y el registro conserva sus tareas de regimen ACTUAL como buena practica voluntaria
4. Dado que se confirma con doble control migrar a Responsable Interno, cuando se aplica la decision, entonces tipo_rol cambia a RESPONSABLE_INTERNO y el sistema muestra el texto requiere validacion de la organizacion o asesoria especializada antes de la confirmacion final
5. Dado que se aplica cualquiera de las dos decisiones, entonces el sistema registra en el historial quien propuso el cambio, quien lo aprobo y la fecha, sin reinterpretar los registros ya cerrados bajo el regimen anterior
6. Dado que no se ha tomado ninguna decision, cuando se consulta el registro, entonces tipo_rol permanece sin cambios hasta que exista la confirmacion explicita","- Aprobar el cambio de tipo_rol exige doble control siempre: quien lo propone no puede ser la unica firma; se requiere ademas Aprobador o Responsable Legal (seccion C, Separacion de funciones)
- El sistema no ejecuta el cambio de tipo_rol sin aprobacion explicita (seccion H, decision 3)","5","R1","10","HU-002-15","MOD-024","Si","OBL-DPO-01, OBL-DPO-02, OBL-DPO-03, OBL-DPO-04, OBL-DPO-05, OBL-DPO-06, OBL-DPO-07, OBL-DPO-08","Texto explicativo de las diferencias entre mantener el Delegado o migrar a Responsable Interno, validado por asesoria legal","Si","PP-JUR-14","MOD-002 secciones C (separacion de funciones), F (nota de diseno), H decision 3; 11_roles_y_permisos.md seccion 11.9"
"HU-002-17","Historia","EP-002","Delegado / Responsable Interno de Datos","MOD-002","Exportar el expediente y la bitacora de plazos del responsable del programa de datos","Auditor (interno)","Como Auditor (interno), quiero exportar la ficha vigente del responsable del programa de datos y la bitacora de los plazos calculados para este modulo, para usar esa evidencia en el programa de auditoria de cumplimiento sin tener que reconstruir manualmente el expediente.","1. Dado un registro ACTIVO o su historico, cuando Auditor interno, Responsable Legal / Compliance o Administrador de la organizacion exportan la ficha del responsable, entonces el sistema genera un documento en PDF con los datos vigentes y el resumen del historico
2. Dado que se exporta la bitacora de plazos, cuando se filtra por rango de fechas o por tipo de plazo, entonces el sistema entrega el archivo en XLSX o CSV con todos los plazos calculados por MOD-023 para este modulo, cumplidos y vencidos
3. Dado un Auditor externo invitado con acceso temporal a un expediente especifico, cuando exporta, entonces el sistema limita la exportacion al alcance temporal autorizado
4. Dado un usuario con rol Usuario de consulta / Colaborador, cuando intenta exportar el expediente completo, entonces el sistema deniega el permiso y solo muestra el dato publico de contacto
5. Dado que se completa una exportacion, entonces el sistema registra en el historial quien exporto, que reporte y con que alcance","- El rol Auditor, interno o externo, es siempre de solo lectura y no puede comentar, aprobar ni adjuntar evidencia (seccion C, Separacion de funciones)
- El documento de identidad de la persona designada nunca se incluye en estas exportaciones basicas por ser un dato de acceso restringido (seccion D, minimizacion de datos)","3","R1","12","HU-002-01","MOD-023","No","","","No","","MOD-002 secciones C (Exportar), N (Reportes) y J"
"HU-003-01","Historia","EP-003","Onboarding","MOD-003","Iniciar la sesion guiada de configuracion inicial","Administrador de la organizacion","Como Administrador de la organizacion, quiero que al crearse la cuenta de mi empresa el sistema me reciba con una alerta de bienvenida y pueda iniciar de inmediato el wizard de configuracion, para comenzar a organizar el programa de proteccion de datos de mi empresa desde el primer contacto con el sistema.","1. Dado que se crea la cuenta de la organizacion (alta comercial) con el correo de contacto verificado, cuando el proceso externo de alta finaliza, entonces el onboarding queda en estado NO_INICIADO, se crea la tarea Completar configuracion inicial en el Centro de Tareas y se envia la alerta INFO Bienvenida configure su organizacion por correo y en plataforma al Administrador.
2. Dado que el onboarding esta en NO_INICIADO y no se ha iniciado la configuracion en 48 horas, cuando se cumple ese plazo, entonces el sistema envia un recordatorio de la alerta de bienvenida.
3. Dado que el Administrador esta autenticado con correo verificado y el onboarding esta en NO_INICIADO, cuando selecciona Iniciar configuracion, entonces el estado cambia a EN_PROGRESO, se abre el Paso 1 del wizard y se registra el evento de auditoria onboarding iniciado con usuario y fecha.
4. Dado que el onboarding aun esta en NO_INICIADO, cuando se consulta el Centro de Tareas, entonces la tarea Completar configuracion inicial aparece asignada al Administrador y sigue pendiente hasta que el wizard avanza.
5. Dado que un usuario no autenticado o sin correo verificado intenta acceder a Iniciar configuracion, cuando lo intenta, entonces el sistema no permite el acceso al wizard.","- El onboarding es un proceso lineal de una sola pasada por organizacion, no repetible (seccion F).
- El alta comercial de la cuenta es un evento externo, fuera del alcance funcional de este modulo (seccion L).","3","R1","5","","MOD-021, MOD-022","No","","","No","","MOD-003 seccion F tabla de transiciones filas (inicio) y NO_INICIADO a EN_PROGRESO; seccion I fila Bienvenida"
"HU-003-02","Historia","EP-003","Onboarding","MOD-003","Completar los datos basicos de la organizacion","Administrador de la organizacion","Como Administrador de la organizacion, quiero registrar los datos basicos de mi empresa (razon social, NIT, sector, cantidad de empleados y paises donde opero) en el Paso 1 del wizard, para dejar identificada mi organizacion con lo minimo indispensable para que el resto del sistema pueda operar.","1. Dado que el onboarding esta en EN_PROGRESO en el Paso 1, cuando el Administrador completa razon social (minimo 3 caracteres), NIT, sector o industria (una opcion del catalogo), cantidad aproximada de empleados (numero entero positivo) y al menos un pais (con El Salvador preseleccionado) y confirma Guardar y continuar, entonces el sistema guarda el paso automaticamente y avanza al Paso 2.
2. Dado que el Administrador deja vacia la razon social, el NIT, no selecciona sector, no indica cantidad de empleados o no selecciona ningun pais, cuando confirma Guardar y continuar, entonces el sistema no avanza de paso y muestra el error especifico del campo faltante.
3. Dado que el Administrador escribe una cantidad de empleados que no es un numero entero positivo, cuando intenta guardar, entonces el sistema rechaza el valor y muestra el error de validacion.
4. Dado que el Administrador completa el sitio web con un formato que no es una URL valida, cuando intenta guardar, entonces el sistema muestra el error de formato sin bloquear los demas campos opcionales.
5. Dado que el nombre comercial, la direccion principal y el sitio web quedan vacios, cuando el Administrador guarda el paso, entonces el sistema permite avanzar porque son opcionales.
6. Dado que el Administrador consulta la ayuda contextual del Paso 1, cuando la abre, entonces ve el texto Que es la organizacion en este sistema (que es, por que, fundamento, cuando necesito ayuda juridica) de la seccion R de la ficha.
7. Dado que se confirma el Paso 1 con la cantidad de empleados registrada, cuando el sistema guarda el paso, entonces calcula si la empresa supera el umbral de 50 empleados y marca la bandera de separacion de funciones recomendada o exigida que MOD-001 usara despues, sin bloquear el avance del wizard en ningun caso.","- Razon social obligatoria, minimo 3 caracteres.
- NIT tratado como obligatorio en el Paso 1 (ver discrepancia con la seccion D de la ficha en notas_epica).
- Sector o industria obligatorio, catalogo cerrado (Comercio, Manufactura, Servicios financieros, Salud, Tecnologia, Educacion, Construccion, Agroindustria, Otro).
- Cantidad de empleados obligatoria, entero positivo.
- Pais o paises obligatorio, seleccion multiple, El Salvador preseleccionado.
- El sistema no precarga ningun campo de este paso porque MOD-003 no tiene dependencias de entrada (seccion L).
- El umbral de 50 empleados para la bandera de separacion de funciones es configurable solo por el equipo del producto, sin respaldo legal (seccion G automatizacion 1; 05_tipos_de_usuario.md seccion 5.4).","3","R1","9","HU-003-01","MOD-001","No","","","No","PP-PROD-04","MOD-003 seccion D Paso 1; seccion G automatizacion 1; seccion R punto 1"
"HU-003-03","Historia","EP-003","Onboarding","MOD-003","Registrar al primer usuario Administrador de la organizacion","Administrador de la organizacion","Como Administrador de la organizacion, quiero registrarme como el primer usuario con el rol Administrador de la organizacion en el Paso 2 del wizard, para quedar habilitado desde el primer momento para configurar usuarios, permisos y el resto del sistema.","1. Dado que el onboarding esta en el Paso 2, cuando el Administrador completa nombre completo y correo electronico validos y confirma Guardar y continuar, entonces el sistema guarda el paso, le asigna el rol Administrador de la organizacion y avanza al Paso 3.
2. Dado que el correo ingresado ya esta registrado en el sistema, cuando el Administrador intenta guardar el Paso 2, entonces el sistema rechaza el valor y muestra el error de correo no disponible.
3. Dado que el nombre completo queda vacio, cuando se intenta guardar el paso, entonces el sistema no permite avanzar.
4. Dado que el Administrador selecciona un cargo del catalogo (Gerente General, Gerente Administrativo, Jefe de TI, Jefe de RRHH, Jefe Legal o Compliance, Otro) o lo deja vacio, cuando guarda el paso, entonces el sistema lo acepta porque el cargo es opcional.
5. Dado que el Paso 2 quedo guardado, cuando el onboarding todavia no llega a COMPLETADO, entonces la cuenta del Administrador existe pero no queda formalmente activa hasta que se confirme el Paso 5.","- Nombre completo y correo son obligatorios; el cargo es opcional.
- El correo debe tener formato valido y ser unico en el sistema.
- La cuenta del Administrador se activa formalmente al cerrar el Paso 5, no al guardar el Paso 2 (seccion E).","2","R1","9","HU-003-02","MOD-001","No","","","No","","MOD-003 seccion D Paso 2; seccion E fila Cuenta y rol del Administrador"
"HU-003-04","Historia","EP-003","Onboarding","MOD-003","Invitar usuarios adicionales con su rol propuesto","Administrador de la organizacion","Como Administrador de la organizacion, quiero agregar en el Paso 3 del wizard, de forma opcional, a otras personas de mi empresa con su rol propuesto y area, para que mi equipo minimo pueda empezar a usar el sistema desde la primera sesion.","1. Dado que el onboarding esta en el Paso 3, cuando el Administrador no agrega ninguna fila y confirma Guardar y continuar, entonces el sistema permite avanzar al Paso 4 porque el paso completo es opcional.
2. Dado que el Administrador agrega una fila con nombre, correo y rol propuesto validos, cuando confirma la fila, entonces el sistema la guarda con estado pendiente de invitacion y permite agregar otra fila o continuar.
3. Dado que el Administrador agrega una fila y deja vacio el nombre, el correo o el rol propuesto, cuando intenta guardar esa fila, entonces el sistema no la acepta y muestra el error del campo faltante.
4. Dado que el correo de una fila ya fue usado en otra fila o ya pertenece a un usuario de la misma organizacion, cuando se intenta guardar, entonces el sistema rechaza el correo duplicado.
5. Dado que el catalogo de Rol propuesto se muestra en una fila, cuando el Administrador lo abre, entonces solo puede elegir entre los roles estandar de 05_tipos_de_usuario.md seccion 5.3, sin incluir Titular (formulario externo), Auditor externo (invitado) ni Asesor externo invitado.
6. Dado que el correo de una fila tiene un dominio distinto al de los correos ya registrados en la misma organizacion, cuando el Administrador confirma la fila, entonces el sistema muestra en pantalla, de forma no bloqueante, la advertencia de que el correo no coincide con el dominio de los demas usuarios de su organizacion y que verifique antes de continuar.
7. Dado que el conjunto de roles asignados en el Paso 3 incluye una combinacion marcada como riesgosa en 05_tipos_de_usuario.md seccion 5.4 (por ejemplo Aprobador y Auditor), cuando el Administrador guarda el paso, entonces el sistema muestra una advertencia no bloqueante y permite continuar de todas formas.
8. Dado que el area o departamento de una fila queda vacia, cuando se guarda la fila, entonces el sistema la acepta porque el area es opcional.","- El Paso 3 admite de 0 a N filas y es opcional en su totalidad.
- Si se agrega una fila, nombre, correo y rol propuesto son obligatorios; el area es opcional.
- El catalogo de rol propuesto excluye Titular externo, Auditor externo y Asesor externo invitado.
- El sistema nunca bloquea el cierre del onboarding por una combinacion de roles riesgosa, solo advierte, porque la organizacion todavia no esta activa (seccion C).","3","R1","9","HU-003-03","MOD-001","No","","","No","","MOD-003 seccion D Paso 3; seccion G automatizacion 8; seccion C nota de separacion de funciones; seccion P riesgo 3"
"HU-003-05","Historia","EP-003","Onboarding","MOD-003","Responder si la organizacion ya tiene o va a designar un Delegado, y sembrar su registro","Administrador de la organizacion","Como Administrador de la organizacion, quiero indicar en el Paso 4 si mi empresa ya tiene un Delegado de Proteccion de Datos designado o si quiero designarlo ahora, con su nombre, correo y tipo interno o externo, para que el sistema siembre el registro inicial en el modulo del Delegado desde el primer contacto, en vez de dejarlo para despues.","1. Dado que el onboarding esta en el Paso 4, cuando el Administrador selecciona Si ya esta designado o No quiero designarlo ahora y completa nombre, correo y tipo (interno, externo persona natural o externo persona juridica), entonces el sistema guarda el paso y permite avanzar al Paso 5.
2. Dado que el Administrador elige Si ya esta designado o No quiero designarlo ahora pero deja vacio el nombre, el correo o el tipo del Delegado, cuando intenta guardar el paso, entonces el sistema no permite avanzar y muestra el error del campo faltante.
3. Dado que el Paso 4 se completo con una de esas dos opciones, cuando el Administrador confirma el Paso 5 y el onboarding pasa a COMPLETADO, entonces el sistema crea el registro inicial del Delegado en MOD-002 en estado designacion en curso con el nombre, correo y tipo capturados.
4. Dado que el registro inicial del Delegado se crea en MOD-002, cuando eso ocurre, entonces el sistema siembra en MOD-023 el conteo del plazo de 15 dias habiles de comunicacion a la ACE, sin calcular ese plazo dentro de este modulo; el conteo real inicia cuando MOD-002 confirme el nombramiento, no en este paso.
5. Dado que el Administrador completa el Paso 4 con cualquiera de las tres opciones, cuando la pantalla se muestra, entonces incluye el texto Requiere validacion de la organizacion o asesoria especializada y el sistema nunca concluye por si mismo si la empresa necesita o no un Delegado.
6. Dado que el correo del Delegado no tiene formato valido, cuando se intenta guardar el paso, entonces el sistema rechaza el valor.","- La pregunta del Paso 4 es obligatoria; debe elegirse una de las tres opciones.
- Nombre, correo y tipo interno o externo del Delegado son obligatorios si la respuesta no fue No estoy seguro.
- El sistema nunca decide si la empresa necesita Delegado ni que tipo de vinculo le conviene (seccion H, decision 1).
- El calculo del plazo de 15 dias habiles lo hace el motor de plazos MOD-023, nunca este modulo.","5","R1","10","HU-003-04","MOD-002, MOD-023","No","OBL-DPO-01, OBL-DPO-03","","Si","","MOD-003 seccion D Paso 4; seccion G automatizacion 2; seccion F tabla de transiciones fila Confirmar y finalizar; seccion H decision 1"
"HU-003-06","Historia","EP-003","Onboarding","MOD-003","Registrar que la empresa no esta segura sobre el Delegado y crear la tarea critica de seguimiento","Administrador de la organizacion","Como Administrador de la organizacion, quiero poder responder No estoy seguro, necesito ayuda para decidir en el Paso 4 sin que eso bloquee mi avance, para que el sistema no me deje olvidar este tema y me cree un recordatorio critico hasta que lo resuelva.","1. Dado que el onboarding esta en el Paso 4, cuando el Administrador selecciona No estoy seguro, necesito ayuda para decidir y confirma Guardar y continuar, entonces el sistema guarda la respuesta sin exigir nombre, correo ni tipo del Delegado, y permite avanzar al Paso 5.
2. Dado que se guarda la respuesta No estoy seguro, cuando eso ocurre, entonces el sistema crea de inmediato la tarea CRITICAL Resolver si su empresa necesita designar un Delegado de Proteccion de Datos en el Centro de Tareas, asignada al Administrador, con ayuda contextual de los Arts. 15 y 17, sin importar si el resto del wizard se completa despues.
3. Dado que la tarea CRITICAL sigue sin resolverse, cuando pasan 7 dias desde su creacion, entonces el sistema repite la alerta CRITICAL al Administrador, y al Delegado si ya fue invitado por otra via, por plataforma y correo.
4. Dado que la tarea CRITICAL sigue sin resolverse, cuando pasan 15 dias habiles calculados por MOD-023, entonces la alerta se hace visible en el dashboard de Gerencia.
5. Dado que la tarea CRITICAL esta activa, cuando se muestra al Administrador, entonces incluye el texto Requiere validacion de la organizacion o asesoria especializada.
6. Dado que mas adelante MOD-002 registra un Delegado confirmado, o queda documentada una decision explicita de la organizacion sobre por que no aplica, cuando eso ocurre, entonces la alerta CRITICAL se apaga.","- La opcion No estoy seguro nunca cierra el tema ni se interpreta como que no aplica (seccion H, decision 1; seccion P riesgo 1).
- El plazo de 15 dias habiles para la escalada visible en el dashboard de Gerencia lo calcula MOD-023, no este modulo.
- La tarea CRITICAL se crea al guardar la respuesta del Paso 4, no al finalizar todo el wizard (seccion G automatizacion 3; seccion I).","3","R1","10","HU-003-04","MOD-021, MOD-022, MOD-023","No","OBL-DPO-01","","Si","","MOD-003 seccion D Paso 4; seccion G automatizacion 3; seccion I fila Debe resolver si necesita un Delegado; seccion H decision 1"
"HU-003-07","Historia","EP-003","Onboarding","MOD-003","Aceptar el descargo de responsabilidad y confirmar la finalizacion de la configuracion inicial","Administrador de la organizacion","Como Administrador de la organizacion, quiero aceptar explicitamente el aviso de que el sistema no sustituye asesoria legal y confirmar el cierre del wizard, para activar mi organizacion y mis usuarios invitados, y dejar constancia formal de como quedo configurado mi programa desde el primer dia.","1. Dado que el onboarding esta en el Paso 5 con los campos obligatorios de los Pasos 1, 2 y 4 completos, cuando el Administrador marca la casilla Acepto el aviso de que este sistema no sustituye asesoria legal y selecciona Confirmar y finalizar, entonces el sistema muestra el texto completo Confirmo que entiendo que este sistema organiza y documenta el programa de proteccion de datos de mi empresa, pero no sustituye asesoria legal ni garantiza cumplimiento y pasa el onboarding a COMPLETADO.
2. Dado que la casilla del descargo no esta marcada, cuando el Administrador intenta Confirmar y finalizar, entonces el sistema no permite finalizar y muestra el error de casilla obligatoria.
3. Dado que falta un campo obligatorio de los Pasos 1, 2 o 4, cuando el Administrador intenta confirmar el Paso 5, entonces el sistema no permite finalizar y senala el paso incompleto.
4. Dado que el onboarding pasa a COMPLETADO, cuando eso ocurre, entonces se activa la Organizacion en MOD-001 con los datos del Paso 1, y se activan formalmente la cuenta del Administrador y las cuentas de los usuarios agregados en el Paso 3 en estado invitado con su rol propuesto.
5. Dado que el onboarding pasa a COMPLETADO, cuando eso ocurre, entonces se envia, via MOD-022, una invitacion por correo a cada usuario agregado en el Paso 3, con un enlace de activacion de un solo uso y con vencimiento.
6. Dado que el onboarding pasa a COMPLETADO, cuando eso ocurre, entonces se registra el evento de auditoria onboarding completado con una fotografia de todos los valores capturados en los 5 pasos, la fecha y el usuario.
7. Dado que el onboarding ya esta en COMPLETADO, cuando alguien intenta reabrir el wizard, entonces el sistema no lo permite porque es un estado terminal; cualquier cambio posterior a organizacion, usuarios o roles se hace directamente en MOD-001.","- La casilla del descargo es obligatoria para poder finalizar (seccion D Paso 5).
- COMPLETADO exige todos los campos obligatorios de los Pasos 1, 2 y 5 completos, la casilla marcada y al menos un usuario Administrador activo (seccion F).
- COMPLETADO es un estado terminal del wizard; no existe accion de reabrirlo (seccion F).
- La creacion del registro del Delegado en MOD-002, cuando aplica, esta cubierta por HU-003-05 y no se repite aqui.","8","R1","10","HU-003-02, HU-003-03, HU-003-05, HU-003-06","MOD-001, MOD-022","No","","","No","","MOD-003 seccion D Paso 5; seccion F tabla de transiciones fila Confirmar y finalizar; seccion G automatizacion 4; seccion J evidencia de aceptacion del descargo"
"HU-003-08","Historia","EP-003","Onboarding","MOD-003","Crear automaticamente la tarea de iniciar el Diagnostico y redirigir a MOD-004","Administrador de la organizacion","Como Administrador de la organizacion, quiero que al terminar la configuracion inicial el sistema me cree de inmediato la tarea de iniciar el Diagnostico de Cumplimiento y me lleve directamente a el, para no abandonar el producto justo antes de llegar al valor real, que son el Diagnostico y el Plan de Cumplimiento.","1. Dado que el onboarding pasa a COMPLETADO, cuando eso ocurre siempre, entonces el sistema crea la tarea Iniciar el Diagnostico de Cumplimiento en el Centro de Tareas, asignada al Administrador o a quien este designe.
2. Dado que se crea esa tarea, cuando el Administrador termina el Paso 5, entonces el sistema lo redirige automaticamente a MOD-004 Diagnostico de Cumplimiento.
3. Dado que la tarea ya fue creada, cuando el Administrador consulta el Centro de Tareas, entonces la ve con un enlace directo hacia MOD-004.
4. Dado que el onboarding todavia esta en EN_PROGRESO o ABANDONADO, cuando se consulta el Centro de Tareas, entonces la tarea Iniciar el Diagnostico de Cumplimiento todavia no existe.
5. Dado que pasan mas de 7 dias desde el onboarding COMPLETADO sin que se inicie ninguna sesion del Diagnostico, cuando se cumple ese plazo, entonces se dispara la alerta WARNING Diagnostico nunca iniciado tras onboarding, gestionada por MOD-004.","- La tarea se crea siempre al completarse el onboarding, sin condicion adicional (seccion G automatizacion 5).
- El nombre de la tarea usado en esta HU es Iniciar el Diagnostico de Cumplimiento, tomado de la seccion E de la ficha y de 04_secciones/15_onboarding.md; ver discrepancia de nombre en notas_epica.","3","R1","10","HU-003-07","MOD-021, MOD-004","No","","","No","","MOD-003 seccion E fila Tarea Iniciar el Diagnostico; seccion G automatizacion 5"
"HU-003-09","Historia","EP-003","Onboarding","MOD-003","Guardar automaticamente el avance y reanudar la configuracion inicial tras un periodo de inactividad","Administrador de la organizacion","Como Administrador de la organizacion, quiero que mi avance en el wizard se guarde solo despues de cada paso y poder continuar exactamente donde quede si me alejo varios dias, para no perder lo ya capturado ni tener que empezar de nuevo si no puedo terminar la configuracion en una sola sesion.","1. Dado que el Administrador confirma Guardar y continuar en cualquier paso con los campos obligatorios validos, cuando el sistema guarda, entonces el onboarding permanece en EN_PROGRESO, se actualiza el indicador de progreso (paso X de 5), se conserva una fotografia de los valores de ese paso para el historial, incluidos los cambios de un campo con su valor anterior y nuevo si se corrigio antes de avanzar, y lo guardado no se pierde aunque el Administrador cierre sesion.
2. Dado que el onboarding esta en EN_PROGRESO y pasan 5 dias, valor por defecto configurable solo por el equipo del producto y no por la empresa, sin completar un paso nuevo, cuando se cumple ese plazo, entonces el sistema envia la alerta WARNING Configuracion inicial incompleta por correo y en plataforma, y repite el recordatorio cada 5 dias hasta un maximo de 3 veces.
3. Dado que transcurren los mismos dias de inactividad configurados sin completar un paso nuevo, cuando se cumple ese plazo, entonces el estado cambia de EN_PROGRESO a ABANDONADO sin eliminar el avance ya guardado, y se envia la alerta WARNING Onboarding abandonado una vez al entrar al estado y luego semanalmente.
4. Dado que el onboarding esta en ABANDONADO, cuando el Administrador, ya autenticado, reingresa al wizard, entonces el estado vuelve a EN_PROGRESO y continua exactamente en el ultimo paso guardado, sin pedir de nuevo los datos ya capturados.
5. Dado que el onboarding esta en NO_INICIADO, EN_PROGRESO o ABANDONADO, cuando un proceso externo de baja comercial cancela la cuenta antes de completar el onboarding, entonces el registro pasa a ARCHIVADO con el motivo de la cancelacion cuando el proceso comercial lo proporcione, se conserva como historico sin eliminarse, y las invitaciones pendientes de usuarios que no habian aceptado quedan revocadas automaticamente.
6. Dado que el onboarding ya esta en COMPLETADO o en ARCHIVADO, cuando alguien intenta modificar cualquiera de sus pasos, entonces el sistema lo impide porque ambos son estados terminales de solo lectura para este modulo.
7. Dado que una organizacion reactiva su cuenta despues de haber quedado ARCHIVADA sin completar el onboarding, cuando vuelve a acceder, entonces el sistema le presenta un onboarding nuevo y no reutiliza el registro archivado.","- El autoguardado ocurre al final de cada paso, no a nivel de campo individual (seccion F).
- El numero de dias de inactividad es configurable solo por el equipo del producto, nunca por la empresa (seccion G automatizacion 6).
- COMPLETADO y ARCHIVADO son estados terminales; no existe reapertura del wizard (seccion F).
- Ningun cambio de estado borra informacion; todo queda versionado con su historial (seccion F, principio del mapa definitivo citado ahi).","5","R1","11","HU-003-02","MOD-022","No","","","No","","MOD-003 seccion F completa (workflow y tabla de transiciones); seccion I filas Configuracion inicial incompleta y Onboarding abandonado; seccion O"
"HU-003-10","Historia","EP-003","Onboarding","MOD-003","Consultar el historial de la configuracion inicial","Administrador de la organizacion","Como Administrador de la organizacion, quiero ver el historial completo de como se configuro mi organizacion, paso por paso, para verificar en cualquier momento que se declaro y cuando, incluso despues de terminado el onboarding.","1. Dado que el onboarding esta COMPLETADO, cuando el Administrador abre el historial, entonces ve cada paso guardado con la fotografia de los valores capturados en ese momento, fecha y usuario, incluidos los cambios de campo corregidos antes de avanzar.
2. Dado que el onboarding esta COMPLETADO, cuando el Administrador abre el historial, entonces tambien ve la respuesta elegida en el Paso 4, la evidencia de aceptacion del descargo (texto, version, fecha y usuario) y el evento onboarding completado.
3. Dado que un usuario con rol Auditor (interno) abre el historial del onboarding ya completado, cuando lo consulta, entonces accede en modo de solo lectura, sin poder modificar ningun dato.
4. Dado que un usuario con un rol distinto de Administrador o Auditor (interno) intenta ver el wizard en curso o su historial, cuando lo intenta, entonces el sistema le niega el acceso.
5. Dado que el onboarding todavia esta EN_PROGRESO o ABANDONADO, cuando el Administrador lo consulta, entonces ve el wizard en su punto actual, no un historial cerrado.","- Solo Administrador (total) y Auditor interno (solo lectura del historial ya completado) pueden ver el wizard o su historial (seccion C).
- El historial es inmutable y queda con usuario, fecha y hora, y el motivo cuando aplique (seccion O).","2","R1","11","HU-003-07","","No","","","No","","MOD-003 seccion C tabla de permisos fila Ver; seccion J; seccion O"
"HU-003-11","Historia","EP-003","Onboarding","MOD-003","Exportar el resumen de configuracion inicial y el historial de invitaciones","Administrador de la organizacion","Como Administrador de la organizacion, quiero exportar un resumen en PDF de como quedo configurada mi organizacion y un listado del historial de invitaciones, para usarlos como insumo del paquete de evidencias de auditoria y para dar seguimiento a quien acepto su invitacion.","1. Dado que el onboarding esta COMPLETADO, cuando el Administrador solicita el reporte Resumen de configuracion inicial, entonces el sistema genera un PDF con los datos de la organizacion del Paso 1, la lista de usuarios y roles asignados, el estado de la designacion del Delegado al cierre, y la fecha de finalizacion y el usuario que lo completo.
2. Dado que el onboarding esta COMPLETADO, cuando el Administrador o el Auditor (interno) solicitan el Historial de invitaciones y aceptaciones, entonces el sistema genera un archivo CSV o XLSX con cada invitacion enviada, su fecha de envio, su fecha de aceptacion o de vencimiento, y el rol asignado.
3. Dado que se solicita el historial de invitaciones, cuando el usuario aplica un filtro por rango de fechas o por estado (pendiente, aceptada, vencida), entonces el listado exportado respeta ese filtro.
4. Dado que un usuario con un rol distinto de Administrador o Auditor (interno) intenta exportar cualquiera de estos dos reportes, cuando lo intenta, entonces el sistema le niega el permiso.
5. Dado que el onboarding todavia no esta COMPLETADO, cuando se intenta exportar el Resumen de configuracion inicial, entonces el sistema no genera el reporte porque el onboarding aun no tiene fecha de cierre.
6. Dado que se exporta cualquiera de los dos reportes, cuando la exportacion se genera, entonces el sistema registra en el historial quien lo exporto y cuando.","- El Resumen de configuracion inicial es un reporte unico por organizacion, no un listado filtrable (seccion N).
- El historial de invitaciones admite filtro por rango de fechas y por estado (seccion N).
- Solo Administrador y Auditor (interno) pueden exportar (seccion C).","3","R1","11","HU-003-07, HU-003-10","","No","","","No","","MOD-003 seccion N; seccion C fila Exportar; seccion O ultima fila"
"HU-003-12","Historia","EP-003","Onboarding","MOD-003","Gestionar el estado de las invitaciones enviadas","Administrador de la organizacion","Como Administrador de la organizacion, quiero recibir recordatorios automaticos de las invitaciones que no se han aceptado, y poder reenviarlas o retirarlas, para asegurar que mi equipo minimo realmente pueda acceder al sistema sin quedar con invitaciones olvidadas.","1. Dado que una invitacion enviada al confirmar el Paso 5 sigue sin aceptarse, cuando pasan 5 dias, entonces el sistema envia un recordatorio por correo y en plataforma al usuario invitado y alerta al Administrador; el nivel de la alerta pasa de INFO a WARNING a los 10 dias.
2. Dado que una invitacion sigue sin aceptarse, cuando pasan 30 dias desde su envio, entonces el sistema la marca como vencida y notifica al Administrador para que la reenvie o la retire.
3. Dado que una invitacion esta pendiente, no vencida ni aceptada, cuando el Administrador elige retirarla, entonces el sistema la retira y deja de enviar recordatorios sobre ella.
4. Dado que una invitacion ya fue aceptada y el usuario ya creo su cuenta, cuando el Administrador intenta retirarla, entonces el sistema no lo permite porque solo puede retirar invitaciones pendientes.
5. Dado que una invitacion quedo marcada como vencida, cuando el Administrador elige reenviarla, entonces el sistema genera un nuevo enlace de activacion de un solo uso con su propio vencimiento y reinicia el conteo de recordatorios.
6. Dado que un usuario invitado acepta su invitacion, cuando lo hace, entonces el sistema registra en el historial quien acepto y cuando, y detiene cualquier recordatorio pendiente sobre esa invitacion.","- Los plazos de recordatorio de 5, 10 y 30 dias son configurables por el equipo del producto, no por la empresa (seccion G automatizacion 7).
- El Administrador solo puede retirar invitaciones pendientes, nunca eliminar el registro del onboarding ya completado (seccion C).
- El enlace de activacion es de un solo uso y con vencimiento (seccion P riesgo de seguridad).","5","R1","11","HU-003-07","MOD-022","No","","","No","PP-PROD-05","MOD-003 seccion G automatizacion 7; seccion I fila Invitacion de usuario pendiente; seccion C fila Eliminar/archivar"
"HU-004-01","Historia","EP-004","Diagnostico de Cumplimiento","MOD-004","Iniciar una sesion de diagnostico de cumplimiento","Administrador de la organizacion","Como Administrador de la organizacion, quiero iniciar una nueva sesion de diagnostico de cumplimiento para mi organizacion, con la version vigente del cuestionario y los datos de cabecera precargados, para que la empresa comience a identificar que le exige la ley sin tener que descubrirlo por su cuenta.","1. Dado que la organizacion completo el Onboarding (MOD-003), cuando el Administrador o el Delegado inician una sesion de diagnostico, entonces el sistema crea la sesion en estado EN PROGRESO con la organizacion precargada, el responsable de la sesion y la version vigente del cuestionario asignada automaticamente
2. Dado que la organizacion no ha completado el Onboarding, cuando se intenta iniciar una sesion de diagnostico, entonces el sistema impide la creacion y explica que debe completarse el Onboarding primero
3. Dado que la organizacion no tiene ninguna sesion de diagnostico cerrada previa, cuando se crea la sesion, entonces el campo Motivo de la sesion permite elegir Diagnostico inicial
4. Dado que la organizacion ya tiene al menos una sesion de diagnostico cerrada, cuando se crea una nueva sesion, entonces el campo Motivo de la sesion no permite elegir Diagnostico inicial y exige elegir Re-diagnostico por cambio de actividad o Re-diagnostico periodico
5. Dado un usuario sin permiso de iniciar sesion, por ejemplo Responsable de area o Usuario de consulta, cuando intenta crear una sesion de diagnostico, entonces el sistema deniega la accion
6. Dado que se crea la sesion, cuando se guarda, entonces el sistema registra un evento de historial con la organizacion, el usuario, la fecha, la version del cuestionario y el motivo de la sesion","- La organizacion, el responsable de la sesion y la version del cuestionario se precargan y no se piden de nuevo (seccion D.1)
- Solo Administrador y Delegado pueden iniciar una sesion (seccion C)
- El motivo Diagnostico inicial solo esta disponible si es la primera sesion cerrada de la organizacion (seccion D.1)","3","R1","5","","MOD-003, MOD-001","No","","Catalogo y textos de las tres opciones de Motivo de la sesion
Texto de ayuda contextual de que es el Diagnostico de Cumplimiento (seccion R)","No","","MOD-004 secciones D.1 y F (transicion No iniciado a En progreso)"
"HU-004-02","Historia","EP-004","Diagnostico de Cumplimiento","MOD-004","Responder las preguntas de un bloque respetando sus dependencias","Administrador de la organizacion","Como Administrador de la organizacion, quiero responder las preguntas de cada bloque del cuestionario, viendo solo las preguntas que corresponden segun mis respuestas anteriores y con los datos ya conocidos de mi organizacion precargados, para declarar como opera realmente mi empresa sin repetir datos ni responder preguntas que no le aplican.","1. Dado que una pregunta obligatoria de un bloque no tiene respuesta, cuando el usuario intenta avanzar al siguiente bloque, entonces el sistema bloquea el avance y exige elegir una opcion antes de continuar
2. Dado que P-PER-01, tiene personal en planilla, se responde No, cuando se muestra el Bloque 2, entonces las preguntas P-PER-03, P-PER-05 y P-PER-06, que dependen de P-PER-01 igual a Si, no se muestran y no se exigen como obligatorias
3. Dado que P-PER-03, usa sistema de control de asistencia, se responde Si, cuando se muestra el Bloque 2, entonces aparece la pregunta P-PER-04 sobre biometria y se vuelve obligatoria antes de avanzar
4. Dado que la organizacion ya tiene registrados en MOD-001 su sector, su cantidad de empleados y si tiene mas de una sucursal, cuando se abre el Bloque 1, entonces esos valores aparecen prellenados en P-EMP-01, P-EMP-02 y P-EMP-08, listos para confirmarse o corregirse sin volver a capturarlos
5. Dado que una pregunta ya tenia una respuesta guardada y la sesion sigue abierta, cuando el usuario cambia esa respuesta antes del cierre, entonces el sistema conserva el valor anterior y el nuevo en el historial, con usuario y fecha, sin sobrescribir el dato anterior
6. Dado un usuario sin permiso de responder, por ejemplo Auditor interno o Usuario de consulta, cuando intenta responder una pregunta, entonces el sistema deniega la accion
7. Dado que P-TEC-02, proveedor con servidores fuera de El Salvador, ya fue respondida, cuando se muestra el Bloque 9, entonces P-TRF-01 aparece sugerida prellenada con esa respuesta, pero puede confirmarse o corregirse de forma independiente
8. Dado que se guarda una respuesta, cuando se guarda, entonces el sistema registra un evento de historial con la pregunta, el valor, el usuario, la fecha y la version del cuestionario","- Todas las preguntas se muestran en lenguaje simple; el fundamento normativo, OBL-ID y articulo, solo aparece en la ayuda contextual de segundo nivel (seccion D.2)
- Ninguna pregunta pide nombre, DUI, correo u otro dato identificativo de un titular concreto; todas las preguntas son sobre la existencia de un tipo de tratamiento (seccion D.3)
- El cuestionario tiene 47 preguntas en 11 bloques, con las dependencias documentadas en la ficha seccion D.2 y en 04_secciones/15_onboarding.md seccion 15.3.2","8","R1","12","HU-004-01","MOD-001","No","OBL-AMB-01, OBL-PRIN-03","Banco completo de las 47 preguntas de los 11 bloques con su texto en lenguaje simple, opciones, dependencias y ayuda contextual de segundo nivel (OBL-ID y articulo), validado por el equipo legal y de contenido antes de publicarse","No","","MOD-004 secciones D.2, D.3, F (transicion Responder una pregunta), G.3 (cambio de respuesta) y C (permisos Responder y modificar respuestas)"
"HU-004-03","Historia","EP-004","Diagnostico de Cumplimiento","MOD-004","Guardar el avance del cuestionario y continuar despues","Administrador de la organizacion","Como Administrador de la organizacion, quiero guardar mi avance del cuestionario en cualquier punto y retomarlo despues en la ultima pregunta sin responder, para no perder lo ya respondido ni tener que completar las 47 preguntas en una sola sesion.","1. Dado que el usuario esta respondiendo una sesion en EN PROGRESO, cuando selecciona Guardar y continuar, entonces la sesion pasa a GUARDADO PARCIAL conservando exactamente el avance, sin calcular ningun resultado todavia
2. Dado una sesion en GUARDADO PARCIAL, cuando el mismo usuario la reanuda, entonces la sesion vuelve a EN PROGRESO y se posiciona en la ultima pregunta sin responder
3. Dado una sesion en GUARDADO PARCIAL, cuando el Administrador o el Delegado la reanudan aunque no la hayan iniciado ellos, entonces el sistema permite continuar respondiendo
4. Dado un usuario sin permiso de responder, cuando intenta reanudar una sesion en GUARDADO PARCIAL, entonces el sistema deniega la accion
5. Dado que la sesion cambia entre EN PROGRESO y GUARDADO PARCIAL, cuando ocurre el cambio, entonces el sistema registra un evento de historial con el estado anterior, el estado nuevo, el usuario y la fecha","- Guardar y continuar no genera resultado ni cierra la sesion (seccion F)
- Reanudar posiciona al usuario en la ultima pregunta sin responder (tabla de transiciones, seccion F)","3","R1","12","HU-004-01, HU-004-02","","No","","","No","","MOD-004 seccion F (transiciones Guardar y continuar, Reanudar) y seccion P (riesgo de abandono por extension del cuestionario)"
"HU-004-04","Historia","EP-004","Diagnostico de Cumplimiento","MOD-004","Detectar posibles exclusiones del Art. 3 y exigir confirmacion humana","Responsable Legal / Compliance","Como Responsable Legal / Compliance, quiero que el sistema me muestre una advertencia clara cuando una respuesta sugiera una posible exclusion del ambito de la ley, y que me pida confirmarla antes de descartar cualquier tratamiento, para no sobre obligar a la empresa con tareas que no le corresponden, pero tampoco asumir por error que esta exenta de la ley.","1. Dado que P-EMP-03, entidad supervisada por la SSF, es Si y P-EMP-04, reporta historial crediticio, es Si, cuando se guardan ambas respuestas, entonces el sistema muestra la advertencia de posible exclusion parcial del reporte de historial crediticio y exige la confirmacion de Legal/Compliance antes de continuar sin generar tareas para esa actividad especifica
2. Dado que P-EMP-05, tratamiento exclusivamente domestico, es Si, cuando se guarda la respuesta, entonces el sistema muestra la advertencia de que una empresa registrada formalmente rara vez cumple esa condicion y exige la confirmacion explicita del Administrador antes de continuar
3. Dado que P-EMP-06, objeto es seguridad publica o registro publico oficial, es Si, cuando se guarda la respuesta, entonces el sistema muestra la advertencia de que esta exclusion no se extiende a seguridad privada ni a prevencion de fraude de empresas privadas y exige la confirmacion de Legal/Compliance
4. Dado que P-EMP-07, la ACE notifico infraestructura critica, es Si o No lo se, cuando se guarda la respuesta, entonces el sistema crea en el Centro de Tareas, MOD-021, la tarea de confirmar ante la ACE si la empresa esta calificada como operador de infraestructura critica, sin concluir por si mismo esa calificacion
5. Dado que ninguna de las cuatro condiciones anteriores se cumple, cuando se completa el Bloque 1, entonces el sistema no muestra ninguna advertencia de exclusion ni marca ningun tratamiento como excluido del alcance del diagnostico
6. Dado que un usuario confirma o rechaza una advertencia de posible exclusion, cuando responde, entonces el sistema registra un evento de historial con la decision, el usuario y la fecha","- El sistema nunca concluye por si mismo que una empresa esta o no esta sujeta a la ley; solo marca la posibilidad y exige confirmacion humana (seccion H)
- La calificacion de operador de infraestructura critica es facultad exclusiva de la ACE (seccion G.1, OBL-INC-05)
- Toda advertencia de exclusion muestra el texto Requiere validacion de la organizacion o asesoria especializada (seccion H)","5","R1","12","HU-004-02","MOD-021","No","OBL-AMB-02, OBL-AMB-03, OBL-AMB-04, OBL-INC-05","Los cuatro textos de advertencia de exclusion del Art. 3, seccion G.1, validados por el equipo legal antes de publicarse","Si","","MOD-004 seccion G.1 y seccion H (primera decision que el sistema no automatiza)"
"HU-004-05","Historia","EP-004","Diagnostico de Cumplimiento","MOD-004","Calcular y mostrar el resultado del diagnostico","Delegado de Proteccion de Datos (o Responsable interno, si aplica el estado FUTURO)","Como Delegado de Proteccion de Datos (o Responsable interno, si aplica el estado FUTURO), quiero ver el nivel de madurez inicial de mi organizacion y el conteo de acciones criticas, importantes y recomendadas apenas se completan los bloques obligatorios, para saber que tan urgente es actuar sin necesitar que alguien me traduzca 105 obligaciones legales.","1. Dado que todas las preguntas obligatorias visibles segun las dependencias quedan respondidas, cuando se completa el ultimo bloque pendiente, entonces el sistema calcula el resultado preliminar y la sesion pasa a PENDIENTE DE CIERRE
2. Dado que no existe Delegado designado, P-GOB-01 es No, o no existe Aviso de Privacidad publicado, P-GOB-03 es No, o existe al menos una accion CRITICA de datos sensibles, menores o un incidente no reportado, cuando se calcula el resultado, entonces el nivel de madurez es INICIAL
3. Dado que existen Delegado y Aviso de Privacidad pero quedan acciones CRITICAS de otro origen o acciones IMPORTANTES sin asignar, cuando se calcula el resultado, entonces el nivel de madurez es EN DESARROLLO
4. Dado que solo quedan acciones RECOMENDADAS o ninguna accion pendiente, cuando se calcula el resultado, entonces el nivel de madurez es EN CONSOLIDACION
5. Dado el conteo de acciones criticas, importantes y recomendadas de la sesion, cuando se muestra el panel de resultado, entonces se presenta como X acciones criticas, Y importantes, Z recomendadas junto con el texto fijo que aclara que es un calculo de apoyo interno basado en lo registrado y no una declaracion de cumplimiento legal
6. Dado un usuario sin permiso de ver el resultado completo, por ejemplo Usuario de consulta o Titular, cuando intenta abrir el panel de resultado, entonces el sistema deniega el acceso
7. Dado el calculo del nivel de madurez o el conteo de acciones, cuando se muestra en cualquier pantalla, entonces el sistema nunca lo expresa como un porcentaje de cumplimiento legal","- El nivel de madurez es un estado del programa, nunca un porcentaje de cumplimiento (seccion E.1)
- Cuando dos o mas preguntas distintas disparan una accion sobre el mismo tratamiento u obligacion, se fusionan en una sola antes de contarla (seccion E.1)","5","R1","13","HU-004-02, HU-004-04","","No","OBL-PRIN-03","Texto fijo de descargo del resultado, validado por legal
Redaccion de los tres niveles de madurez, INICIAL, EN DESARROLLO, EN CONSOLIDACION, y su explicacion en lenguaje simple","No","","MOD-004 secciones E y E.1"
"HU-004-06","Historia","EP-004","Diagnostico de Cumplimiento","MOD-004","Cerrar la sesion de diagnostico con confirmacion simple o doble control","Delegado de Proteccion de Datos (o Responsable interno, si aplica el estado FUTURO)","Como Delegado de Proteccion de Datos (o Responsable interno, si aplica el estado FUTURO), quiero confirmar el cierre de la sesion de diagnostico, con una segunda confirmacion cuando el resultado tenga alguna accion critica, para que el resultado quede formalmente generado con la revision que corresponde segun su riesgo.","1. Dado una sesion en PENDIENTE DE CIERRE sin ninguna accion CRITICA, cuando el Delegado o el Administrador confirman el cierre, entonces la sesion pasa a CERRADO - RESULTADO GENERADO con una sola confirmacion
2. Dado una sesion en PENDIENTE DE CIERRE con al menos una accion CRITICA, cuando el Delegado confirma el cierre, entonces el sistema exige una segunda confirmacion de Legal/Compliance o de Aprobador, distinta de quien respondio el cuestionario, antes de generar el resultado
3. Dado que la organizacion esta por debajo del umbral de tamano configurable, propuesta inicial 50 empleados, cuando existe una accion CRITICA, entonces el sistema solo recomienda la segunda confirmacion sin bloquear el cierre con una sola
4. Dado una sesion en PENDIENTE DE CIERRE, cuando quien inicio la sesion o el Administrador la reabren para corregir una respuesta antes de la confirmacion final, entonces la sesion vuelve a EN PROGRESO, se habilita la edicion y se registra el motivo de la reapertura
5. Dado una sesion en CERRADO - RESULTADO GENERADO, cuando cualquier usuario intenta modificar una respuesta, entonces el sistema deniega la edicion
6. Dado un usuario sin permiso para cerrar la sesion, por ejemplo Responsable de area, cuando intenta confirmar el cierre, entonces el sistema deniega la accion
7. Dado que se confirma el cierre, cuando ocurre, entonces el sistema registra un evento de historial con la identidad y la fecha de cada confirmacion, incluida la segunda cuando aplique","- Cualquier respuesta clasificada como CRITICA no cierra la sesion sin la segunda confirmacion (seccion H)
- El cierre bloquea la edicion de respuestas (seccion F)
- Eliminar o archivar una sesion es exclusivo del Administrador y no forma parte de esta confirmacion de cierre (seccion C)","5","R1","13","HU-004-05","","No","OBL-PRIN-03","","No","","MOD-004 seccion F (transiciones Completar bloques obligatorios, Confirmar cierre, Reabrir) y seccion C (separacion de funciones)"
"HU-004-07","Historia","EP-004","Diagnostico de Cumplimiento","MOD-004","Generar tratamientos, tareas, documentos y riesgos sugeridos al cerrar la sesion","Delegado de Proteccion de Datos (o Responsable interno, si aplica el estado FUTURO)","Como Delegado de Proteccion de Datos (o Responsable interno, si aplica el estado FUTURO), quiero que al confirmarse el cierre el sistema genere automaticamente, en un solo paso, los tratamientos sugeridos, las tareas, los documentos sugeridos y las evaluaciones de riesgo que correspondan segun las respuestas del cuestionario, para saber de inmediato que debe hacer la empresa primero, sin tener que deducir por mi cuenta que obligacion dispara cada respuesta.","1. Dado que la sesion se cierra con P-PER-04, biometria de personal, igual a Si, cuando se confirma el cierre, entonces el sistema crea en el RAT, MOD-006, el tratamiento sugerido de control de acceso biometrico de personal, crea en el Centro de Tareas, MOD-021, la tarea de registrar consentimiento por escrito y ofrecer alternativa no biometrica, y sugiere en Documentos, MOD-008, el aviso especifico de biometria laboral
2. Dado que la sesion se cierra con P-CLI-01, registra datos de clientes, igual a Si, cuando se confirma el cierre, entonces el sistema crea el tratamiento sugerido de gestion de datos de clientes en MOD-006, la tarea de completar la ficha de RAT en MOD-021, y sugiere el Aviso de Privacidad de clientes en MOD-008
3. Dado que la sesion se cierra con P-SEN-02, datos geneticos, igual a Si, cuando se confirma el cierre, entonces el sistema crea en MOD-021 la tarea de elaborar EIPD para el tratamiento de datos geneticos, con prioridad CRITICA
4. Dado que dos o mas preguntas distintas de la misma sesion apuntan al mismo tratamiento u obligacion, por ejemplo P-PER-04 y P-VID-03, ambas sobre biometria, cuando se confirma el cierre, entonces el sistema fusiona ambos disparadores en una sola accion antes de crearla, sin duplicar tareas
5. Dado que la sesion se cierra con P-SEG-04, acceso no autorizado, perdida o fuga en el ultimo ano, igual a Si, cuando se confirma el cierre, entonces el sistema solicita de inmediato una alerta CRITICAL a Delegado y a Responsable de Seguridad/IT ademas de crear la tarea de evaluar si activa el flujo de Incidentes
6. Dado que la sesion se cierra con P-GOB-04, solicitud de un titular en el ultimo ano, igual a Si, cuando se confirma el cierre, entonces el sistema solicita de inmediato una alerta CRITICAL a Delegado y a Responsable ARCO-POL ademas de crear la tarea de revisar si existe una solicitud ARCO-POL pendiente fuera de plazo
7. Dado que una pregunta de la tabla de disparadores nunca se mostro en la sesion porque su dependencia no se cumplio, cuando se confirma el cierre, entonces el sistema no genera ningun tratamiento, tarea, documento ni riesgo asociado a esa pregunta
8. Dado que se genera cualquier tratamiento, tarea, documento o riesgo sugerido, cuando se crea, entonces el sistema registra en el historial la lista completa de lo generado, con referencia a cada registro creado en el modulo destino","- El Diagnostico no escribe directamente en MOD-002, MOD-009, MOD-010, MOD-013, MOD-015 ni MOD-017; su unica salida transversal es siempre una tarea en el Centro de Tareas, MOD-021, y esa tarea describe en su texto en que modulo se completa el registro final (seccion G.2, nota de dependencias)
- La tension entre la LPDP y la Ley Crecer Juntos para P-MEN-02 se marca como nota de advertencia que requiere asesoria legal, sin que el sistema la resuelva (seccion H)
- Cuando MOD-014 Riesgos y EIPD no esta disponible, la evaluacion de riesgo sugerida se limita a lo que ya define esta HU en las filas de la tabla G.2 que crean una tarea propia de EIPD, por ejemplo P-SEN-02 y P-VID-02; el resto de la cobertura de riesgo sin MOD-014 se cubre con la HU-004-13","8","R1","14","HU-004-05, HU-004-06","MOD-006, MOD-021, MOD-008, MOD-022","No","OBL-DOC-02, OBL-AVISO-01, OBL-SENS-06, OBL-SENS-07, OBL-CONS-04, OBL-DOC-03, OBL-SENS-04, OBL-INC-01, OBL-INC-02, OBL-INC-04, OBL-ARCO-08, OBL-ARCO-10, OBL-DOC-01","Tabla completa de disparadores de la seccion G.2, pregunta, tratamiento, tarea, documento, riesgo, OBL-ID y prioridad, validada por el equipo legal y de contenido, incluida su carga como configuracion mantenible
Textos de las tareas, nombres de tratamientos y documentos sugeridos de cada fila de la tabla","Si","PP-JUR-05","MOD-004 secciones G.2, G.3 (cierre confirmado) y E.1 (fusion de disparadores duplicados)"
"HU-004-08","Historia","EP-004","Diagnostico de Cumplimiento","MOD-004","Iniciar un re-diagnostico y archivar la sesion anterior","Administrador de la organizacion","Como Administrador de la organizacion, quiero abrir una nueva sesion de diagnostico cuando cambia algo relevante en mi operacion o vence el ciclo periodico, partiendo de las respuestas anteriores, para mantener actualizado el analisis de mi empresa sin perder el historial de lo que ya se respondio antes.","1. Dado una sesion en CERRADO - RESULTADO GENERADO, cuando el Administrador o el Delegado declaran un cambio relevante de actividad o se cumple el ciclo periodico configurado, entonces el sistema crea una nueva sesion en RE-DIAGNOSTICO ABIERTO con la version N mas 1 del cuestionario vigente
2. Dado que se crea la nueva sesion, cuando se genera, entonces la sesion cerrada anterior pasa a estado Archivado, sigue visible en el historial y no se elimina
3. Dado que la nueva sesion se abre, cuando el usuario continua respondiendo, entonces las respuestas de la sesion anterior se muestran precargadas como punto de partida y quedan editables
4. Dado un usuario sin permiso para iniciar sesion, por ejemplo Responsable de area, cuando intenta iniciar un re-diagnostico, entonces el sistema deniega la accion
5. Dado que se crea la nueva sesion de re-diagnostico, cuando se genera, entonces el sistema registra un evento de historial con el motivo del re-diagnostico, la version archivada y el usuario","- Ninguna sesion cerrada se elimina; el re-diagnostico archiva, nunca borra (seccion F y O, principio de historial append-only)
- El motivo de la nueva sesion debe ser Re-diagnostico por cambio de actividad o Re-diagnostico periodico (seccion D.1)","5","R1","14","HU-004-06","","No","OBL-PRIN-03","","No","","MOD-004 seccion F (transicion Iniciar re-diagnostico) y seccion D.1 (version del cuestionario)"
"HU-004-09","Historia","EP-004","Diagnostico de Cumplimiento","MOD-004","Archivar manualmente una sesion de diagnostico","Administrador de la organizacion","Como Administrador de la organizacion, quiero archivar una sesion de diagnostico que ya no debe seguir activa, para mantener ordenado el listado de sesiones sin que nadie pueda borrar el registro subyacente.","1. Dado una sesion en cualquier estado distinto de Archivado, cuando el Administrador selecciona archivar la sesion, entonces la sesion pasa a estado Archivado y deja de aparecer en las vistas de sesiones activas
2. Dado que una sesion se archiva, cuando ocurre, entonces ningun registro de respuestas ni de historial subyacente se elimina
3. Dado un usuario distinto del Administrador, incluido el Delegado, cuando intenta archivar o eliminar una sesion, entonces el sistema deniega la accion
4. Dado que una sesion queda Archivada, cuando el Administrador o el Auditor interno consultan el historial, entonces la sesion archivada sigue siendo visible en modo lectura
5. Dado que se archiva una sesion, cuando ocurre, entonces el sistema registra un evento de historial con el usuario, la fecha y el motivo del archivado","- Archivar es exclusivo del Administrador, nunca del Delegado, para que quien participa en el contenido del diagnostico no pueda hacerlo desaparecer del historial (seccion C)
- Archivar nunca borra el registro subyacente (secciones C y O)","2","R1","9","HU-004-01","","No","OBL-PRIN-03","","No","","MOD-004 seccion C (fila Eliminar / archivar una sesion) y seccion O (archivado de una sesion)"
"HU-004-10","Historia","EP-004","Diagnostico de Cumplimiento","MOD-004","Consultar en solo lectura el resultado y el historial de sesiones cerradas","Auditor (interno)","Como Auditor (interno), quiero consultar en modo lectura el historial de diagnosticos completados de la organizacion, para usarlo como evidencia en la auditoria anual de cumplimiento sin poder alterarlo.","1. Dado el rol Auditor interno, cuando accede al historial de sesiones de diagnostico cerradas o archivadas de la organizacion, entonces puede consultarlo en modo lectura sin poder crear, responder, aprobar ni archivar ninguna sesion
2. Dado el rol Auditor externo invitado con una invitacion puntual vigente, cuando accede al resultado de una sesion cerrada, entonces solo puede consultarlo en modo lectura dentro del alcance de su invitacion
3. Dado el rol Asesor externo invitado con acceso acotado a un bloque o pregunta marcada como que requiere asesoria legal, cuando consulta esa respuesta, entonces solo ve el bloque o pregunta autorizados, en modo lectura
4. Dado que un Auditor externo invitado o un Asesor externo invitado accede a un resultado o a una respuesta, cuando ocurre el acceso, entonces el sistema registra un evento de historial reforzado con identidad, fecha y alcance del acceso, por tratarse de un rol externo
5. Dado el rol Titular, formulario externo, cuando intenta acceder a cualquier pantalla del diagnostico, entonces el sistema no le expone ninguna pantalla del modulo","- El Auditor, interno o externo, siempre es de solo lectura, nunca puede coincidir con quien carga evidencia o aprueba una accion (05_tipos_de_usuario.md seccion 5.4)
- El acceso de un rol externo queda registrado con un refuerzo especifico frente al de un rol interno (seccion O)","3","R1","14","HU-004-06","","No","OBL-PRIN-03","","No","","MOD-004 secciones B y C (filas Ver resultado completo, Exportar) y O (accesos externos reforzados)"
"HU-004-11","Historia","EP-004","Diagnostico de Cumplimiento","MOD-004","Alertar sobre el ciclo de vida de la sesion de diagnostico","Delegado de Proteccion de Datos (o Responsable interno, si aplica el estado FUTURO)","Como Delegado de Proteccion de Datos (o Responsable interno, si aplica el estado FUTURO), quiero recibir avisos cuando el diagnostico nunca se inicia, cuando una sesion queda estancada, cuando el cierre deja acciones criticas sin asignar, cuando el diagnostico envejece sin repetirse, o cuando cambia el estado regulatorio, para actuar a tiempo sin depender de revisar manualmente cada sesion.","1. Dado que el Onboarding se completo hace mas de 7 dias sin que se haya iniciado una sesion de diagnostico, cuando se cumple el plazo, entonces el sistema solicita a Notificaciones, MOD-022, avisar con nivel WARNING al Administrador, y escala a Delegado a los 21 dias si sigue sin iniciarse
2. Dado que una sesion en GUARDADO PARCIAL no tiene actividad por mas del umbral configurable, por defecto 15 dias, cuando se cumple el umbral, entonces el sistema solicita avisar con nivel WARNING a quien tiene el bloque asignado y al Administrador, escalando a Delegado a los 30 dias
3. Dado que una sesion se cierra con al menos una accion CRITICA sin tarea asignada con responsable en el Centro de Tareas, MOD-021, cuando ocurre, entonces el sistema solicita avisar con nivel HIGH a diario al Delegado hasta que todas las acciones criticas queden asignadas, escalando a Administrador a los 5 dias
4. Dado que una sesion cerrada tiene mas de 12 meses, configurable, sin re-diagnostico, cuando se cumple el plazo, entonces el sistema solicita avisar con nivel INFO al Administrador y al Delegado sugiriendo iniciar un re-diagnostico
5. Dado que el Centro Regulatorio, MOD-024, activa el estado FUTURO y existe una sesion cerrada con P-GOB-01 respondida bajo el estado ACTUAL, cuando ocurre el cambio, entonces el sistema marca las tareas relacionadas con la designacion del Delegado como revisar bajo el nuevo estado regulatorio, sin eliminarlas, y solicita avisar con nivel WARNING al Delegado escalando a Administrador a los 10 dias","- Los avisos internos siempre los envia Notificaciones, MOD-022; este modulo solo define la condicion y el destinatario (seccion I)
- Ningun cambio de estado normativo elimina una tarea; solo la marca para revision (seccion G.3, principio 8 de 06_mapa_definitivo_de_modulos.md)","5","R1","14","HU-004-01, HU-004-03, HU-004-06, HU-004-08","MOD-022, MOD-024, MOD-021","No","OBL-DPO-01, OBL-DPO-03, OBL-PRIN-03","Textos de asunto y cuerpo de cada alerta para los canales plataforma y correo, validados por el equipo de contenido","No","","MOD-004 seccion I (tabla de alertas) y G.3 (ultima fila, cambio de estado regulatorio)"
"HU-004-12","Historia","EP-004","Diagnostico de Cumplimiento","MOD-004","Crear tarea manual para documentar una transferencia internacional detectada","Responsable de area (RRHH, Marketing, Operaciones, etc.)","Como Responsable de area (RRHH, Marketing, Operaciones, etc.), quiero recibir una tarea para documentar como evidencia suelta la transferencia internacional que el diagnostico detecto, mientras el modulo de Transferencias Internacionales no exista, para dejar constancia de la transferencia aunque el sistema todavia no tenga un registro formal para ella.","1. Dado que la sesion se cierra con P-TRF-01, datos almacenados o procesados fuera de El Salvador, igual a Si, o con P-TEC-02, proveedor con servidores fuera de El Salvador, igual a Si o No lo se, cuando se confirma el cierre y el modulo de Transferencias Internacionales no esta disponible en el sistema, entonces el sistema crea en el Centro de Tareas, MOD-021, una tarea manual dirigida al Responsable de area para documentar la transferencia detectada como evidencia suelta, en vez de crear una ficha formal de transferencia
2. Dado que esa tarea se completa, cuando el Responsable de area adjunta la documentacion de la transferencia, entonces el sistema la registra como evidencia suelta pendiente de aprobacion en el Centro de Evidencias, MOD-019
3. Dado que P-TRF-01 y P-TEC-02 se responden ambas No, cuando se cierra la sesion, entonces el sistema no crea esta tarea de cobertura parcial
4. Dado que P-TRF-02, comparte datos con sociedades del grupo en otros paises, o P-TRF-03, le han pedido enviar datos al extranjero, se responden Si, cuando se cierra la sesion, entonces el sistema aplica el mismo mecanismo de tarea manual de evidencia suelta mientras el modulo de Transferencias Internacionales no exista
5. Dado que se crea la tarea de esta cobertura parcial, cuando se genera, entonces el sistema registra un evento de historial que indica que el mecanismo usado fue la cobertura parcial de Transferencias Internacionales, referenciando OBL-TRANSF-01 y OBL-TRANSF-03","- Mientras MOD-010 Transferencias Internacionales no exista en el sistema, el diagnostico crea el registro pendiente de confirmar como tarea manual en MOD-021 en vez de una ficha formal de transferencia (seccion L de la ficha y seccion 19.4 del roadmap)
- Este mecanismo no sustituye al flujo formal de MOD-010; solo evita que la obligacion quede sin ninguna forma de cumplirse mientras el modulo completo no se construya (seccion 19.4)","3","R1","14","HU-004-02, HU-004-06","MOD-021, MOD-019","No","OBL-TRANSF-01, OBL-TRANSF-03","Texto de la tarea manual de documentar la transferencia como evidencia suelta, validado por el equipo legal mientras MOD-010 no exista","No","","MOD-004 seccion L (que ocurre si MOD-010 no existe) y 04_secciones/19_21_roadmap_mvp_v1_v2.md seccion 19.4, fila MOD-010"
"HU-004-13","Historia","EP-004","Diagnostico de Cumplimiento","MOD-004","Crear tarea de elaborar EIPD con plantilla generica cuando se detecta biometria, salud, menores o camaras","Delegado de Proteccion de Datos (o Responsable interno, si aplica el estado FUTURO)","Como Delegado de Proteccion de Datos (o Responsable interno, si aplica el estado FUTURO), quiero recibir una tarea de elaborar EIPD con una plantilla generica cuando el diagnostico detecte biometria, salud, menores o camaras, mientras el modulo de Riesgos y EIPD no exista, para empezar a documentar el riesgo del tratamiento aunque el sistema todavia no tenga un motor de calculo de riesgo propio.","1. Dado que la sesion detecta biometria, P-PER-04, P-VID-02 o P-VID-03 igual a Si, salud, P-PER-05 igual a Si o P-EMP-01 igual a Salud, menores, P-MEN-01 igual a Si, o camaras de videovigilancia, P-VID-01 igual a Si, cuando se confirma el cierre de la sesion y el modulo de Riesgos y EIPD no esta disponible en el sistema, entonces el sistema crea en el Centro de Tareas, MOD-021, la tarea elaborar EIPD para el tratamiento detectado, dirigida al Delegado o Responsable interno
2. Dado que se crea la tarea elaborar EIPD, cuando se genera, entonces el sistema sugiere en Documentos y Politicas, MOD-008, la plantilla generica de EIPD, de llenado manual y sin motor de calculo de riesgo
3. Dado que dos o mas de esas condiciones se detectan sobre el mismo tratamiento, por ejemplo biometria de personal y camaras con reconocimiento facial, cuando se confirma el cierre, entonces el sistema fusiona ambos disparadores en una sola tarea elaborar EIPD, sin duplicarla
4. Dado que ninguna de las cuatro condiciones se detecto en la sesion, cuando se confirma el cierre, entonces el sistema no crea la tarea elaborar EIPD de esta cobertura parcial
5. Dado que se crea la tarea de esta cobertura parcial, cuando se genera, entonces el sistema registra un evento de historial que referencia el OBL-ID del tratamiento detectado y deja constancia de que se uso la plantilla generica de MOD-008 en vez de una evaluacion nativa de MOD-014","- Mientras MOD-014 Riesgos y EIPD no exista en el sistema, el diagnostico igual crea la tarea elaborar EIPD en MOD-021 con una plantilla generica en MOD-008, sin motor de scoring (seccion L de la ficha y seccion 19.4 del roadmap)
- La conclusion juridica sobre si una EIPD es realmente obligatoria siempre requiere aprobacion humana; esta tarea solo abre el expediente, no lo resuelve (seccion H)","3","R1","14","HU-004-02, HU-004-06","MOD-021, MOD-008","No","OBL-SENS-06, OBL-SENS-07, OBL-SENS-04, OBL-PRIN-04","Plantilla generica de EIPD en MOD-008, validada por el equipo legal, para uso mientras MOD-014 no exista
Texto de la tarea elaborar EIPD","Si","","MOD-004 seccion L (que ocurre si MOD-014 no existe) y 04_secciones/19_21_roadmap_mvp_v1_v2.md seccion 19.4, fila MOD-014"
"HU-005-01","Historia","EP-005","Plan de Cumplimiento","MOD-005","Generar automaticamente la primera version del plan al cerrar el diagnostico","Administrador de la organizacion","Como Administrador de la organizacion, quiero que el sistema genere automaticamente la primera version del plan de cumplimiento en cuanto el diagnostico de mi empresa se cierra, para recibir de inmediato una lista de acciones concretas y priorizadas en lugar de un cuestionario respondido sin ninguna traduccion a trabajo real.","1. Dado que el diagnostico de mi empresa (MOD-004) llega a estado completado por primera vez, cuando el sistema procesa ese cierre, entonces crea automaticamente la version 1 del plan en estado Generado, con una AccionDelPlan por cada obligacion que el diagnostico marco como aplicable.
2. Dado que se crea una AccionDelPlan a partir de una obligacion aplicable, cuando el sistema la precarga, entonces completa los campos Titulo, Descripcion, Obligacion relacionada, Modulo de ejecucion y Evidencia esperada a partir de la plantilla de esa obligacion en el catalogo, y deja el campo Origen del disparo en Respuesta de diagnostico, de solo lectura.
3. Dado que ya existe una version previa del plan para mi organizacion, cuando el diagnostico se completa de nuevo, entonces el sistema no crea una segunda version de forma automatica por este evento, porque la regla de generacion automatica solo aplica cuando no existe ninguna version previa.
4. Dado que el diagnostico de mi empresa todavia no llego a estado completado, cuando intento abrir el plan de cumplimiento, entonces el sistema me indica que aun no existe ninguna version generada, sin crear un plan vacio por su cuenta.
5. Dado que la version 1 del plan termina de generarse, cuando reviso el historial del modulo, entonces encuentro el evento plan generado con la fecha y las obligaciones incluidas, registrado tambien en el AuditLog transversal.
6. Dado que una obligacion aplicable no tiene plantilla de accion cargada en el catalogo, cuando el sistema genera su AccionDelPlan, entonces la crea igual con la Obligacion relacionada visible y marca Descripcion y Evidencia esperada como pendientes de completar, sin bloquear la generacion del resto del plan.","- El cierre del diagnostico dispara la generacion de la primera version del plan (v1, estado Generado) solo cuando no existe una version previa (seccion F.1 y G.2 regla 1).
- Los campos Titulo, Descripcion, Obligacion relacionada, Modulo de ejecucion, Origen del disparo y Evidencia esperada se precargan automaticamente desde el resultado del diagnostico y el catalogo de obligaciones (seccion D, Precarga).
- El campo Origen del disparo no es editable tras la creacion (seccion D).","5","R1","15","","MOD-004","No","OBL-PLAZO-03, OBL-PRIN-01, OBL-PRIN-02","Plantilla de accion por obligacion (titulo, descripcion y evidencia esperada) para cada obligacion del catalogo de matriz_obligaciones.json, redactada en lenguaje simple y validada por el equipo legal o de contenido","No","","MOD-005 secciones A, D (Precarga), F.1, G.2 regla 1"
"HU-005-02","Historia","EP-005","Plan de Cumplimiento","MOD-005","Configurar los parametros de generacion del plan de cumplimiento","Administrador de la organizacion","Como Administrador de la organizacion, quiero definir los dias habiles por defecto de cada nivel de prioridad y los umbrales de alerta por vencimiento, para adaptar los tiempos y las alertas del plan a la forma de operar de mi empresa sin depender de un cambio del equipo del producto.","1. Dado que soy Administrador de la organizacion, cuando abro la configuracion de generacion del plan, entonces veo los cinco parametros de la seccion D con su valor por defecto: Dias habiles por defecto para accion Critica en 10, Importante en 30, Recomendada en 90, Umbral de dias vencida para escalar (Critica) en 5, y Umbral de acciones criticas vencidas para alerta maxima en 3.
2. Dado que cambio el valor de un parametro por un numero entero positivo, cuando guardo el cambio, entonces el sistema lo aplica desde ese momento a los calculos de fecha limite y de alertas, sin recalcular las fechas ya asignadas a acciones existentes.
3. Dado que intento guardar un parametro con un valor negativo, en cero o no numerico, cuando confirmo el cambio, entonces el sistema rechaza el guardado, muestra el motivo y conserva el valor anterior.
4. Dado que no soy Administrador de la organizacion, cuando intento abrir la configuracion de generacion del plan, entonces el sistema me niega el acceso, porque segun la seccion C solo el Administrador puede modificarla.
5. Dado que un parametro de configuracion se modifica, cuando reviso el historial del modulo, entonces encuentro el registro del cambio con el usuario, la fecha, el valor anterior y el nuevo.","- La configuracion de generacion del plan es un conjunto de parametros a nivel de organizacion, editables solo por el Administrador, con valores por defecto de producto (seccion D).","2","R1","4","","","No","","","No","","MOD-005 seccion D, tabla Configuracion de generacion del plan"
"HU-005-03","Historia","EP-005","Plan de Cumplimiento","MOD-005","Calcular el nivel de prioridad de cada accion y permitir su reclasificacion manual justificada","Delegado de Proteccion de Datos (o Responsable interno, si aplica el estado FUTURO)","Como Delegado de Proteccion de Datos (o Responsable interno, si aplica el estado FUTURO), quiero que cada accion del plan reciba automaticamente un nivel de prioridad (Critica, Importante o Recomendada) segun reglas verificables, y poder cambiarlo manualmente cuando no refleje el riesgo real, dejando constancia del motivo, para saber por donde empezar sin tener que leer la ley articulo por articulo, sin perder la posibilidad de aplicar mi propio criterio cuando el algoritmo no conoce el contexto especifico de mi empresa.","1. Dado que se genera o recalcula el plan, cuando el motor de priorizacion evalua una accion cuya obligacion tiene un plazo transitorio ya vencido (por ejemplo OBL-PLAZO-03 u OBL-PLAZO-04), entonces le asigna el nivel Critica.
2. Dado que se genera o recalcula el plan, cuando el motor evalua una accion cuya obligacion esta clasificada OBLIGATORIO en la matriz y su incumplimiento esta asociado a una infraccion GRAVE o MUY GRAVE, entonces le asigna el nivel Critica.
3. Dado que una accion no califica como Critica, cuando su obligacion esta clasificada OBLIGATORIO con infraccion LEVE, o es una obligacion CONDICIONAL que el diagnostico confirmo aplicable a la empresa, entonces el sistema le asigna el nivel Importante.
4. Dado que una accion no califica como Critica ni como Importante, cuando el motor la evalua, entonces le asigna el nivel Recomendada.
5. Dado que soy Delegado de Proteccion de Datos o Responsable Legal / Compliance, cuando cambio manualmente el Nivel de prioridad calculado de una accion sin diligenciar el campo Justificacion de repriorizacion manual, entonces el sistema no permite guardar el cambio y exige un texto de al menos 20 caracteres.
6. Dado que reclasifico manualmente el nivel de una accion con la justificacion diligenciada, cuando confirmo el cambio, entonces el sistema muestra el texto Requiere validacion de la organizacion o asesoria especializada, y guarda en el historial de la accion el nivel anterior, el nuevo y la justificacion.
7. Dado que soy Administrador de la organizacion, cuando intento reclasificar manualmente el nivel de prioridad de una accion, entonces el sistema no me lo permite, porque segun la seccion C esa accion esta reservada a Delegado de Proteccion de Datos y a Responsable Legal / Compliance.
8. Dado que soy Responsable de area (RRHH, Marketing, Operaciones, etc.), Responsable ARCO-POL / Responsable del tramite, Responsable de Seguridad / IT o Usuario de consulta / Colaborador, cuando abro una accion que se me asigno, entonces puedo ver su Nivel de prioridad pero el sistema no me ofrece la opcion de reclasificarla.","- Motor de priorizacion: reglas de Nivel CRITICA (a, b, c), Nivel IMPORTANTE (a, b) y Nivel RECOMENDADA (a, b, c) de la seccion G.1.
- El campo Nivel de prioridad es editable solo con justificacion (seccion D); reclasificar es una decision que siempre exige que una persona registre el motivo (seccion H, decision 5).","5","R1","15","HU-005-01","","No","OBL-PLAZO-03","","No","","MOD-005 seccion G.1, seccion D (Nivel de prioridad, Justificacion de repriorizacion manual), seccion H decision 5"
"HU-005-04","Historia","EP-005","Plan de Cumplimiento","MOD-005","Asignar el responsable y calcular la fecha limite de cada accion del plan","Administrador de la organizacion","Como Administrador de la organizacion, quiero asignar o reasignar quien ejecuta cada accion del plan y que el sistema calcule automaticamente su fecha limite con el motor de plazos habiles, para convertir cada accion en un compromiso de trabajo real, con alguien especifico y una fecha concreta, en lugar de una lista sin dueno de tarea asignado.","1. Dado que se crea una AccionDelPlan, cuando el sistema la precarga, entonces sugiere un Responsable asignado por defecto segun el rol tipicamente responsable de esa obligacion, tomado del catalogo de usuarios activos de MOD-001.
2. Dado que quiero reasignar el Responsable asignado de una accion, cuando selecciono un usuario que no tiene acceso al Modulo de ejecucion de esa accion, entonces el sistema no permite guardar la asignacion y me indica el motivo.
3. Dado que una version del plan pasa a Vigente, cuando el sistema calcula la Fecha objetivo / limite de cada accion Pendiente, entonces usa el motor de plazos habiles compartido (MOD-023): si la obligacion tiene un plazo legal propio ya vencido, cuenta desde la fecha de generacion mas los dias habiles por defecto del nivel de la accion; si no tiene plazo legal propio, usa igualmente los dias habiles por defecto de su nivel.
4. Dado que edito manualmente la Fecha objetivo / limite de una accion, cuando la fecha que ingreso es anterior a la fecha de generacion del plan, entonces el sistema rechaza el cambio y muestra el motivo.
5. Dado que cambio el Responsable asignado o la Fecha objetivo / limite de una accion, cuando guardo el cambio, entonces el sistema actualiza el campo Fecha de ultima revision y registra en el historial el valor anterior y el nuevo.
6. Dado que soy Responsable Legal / Compliance, cuando reasigno el responsable de una accion por un criterio legal, entonces el sistema permite el cambio, igual que a Administrador de la organizacion y a Delegado de Proteccion de Datos, segun la seccion C.
7. Dado que una accion no tiene Responsable asignado, cuando intento pasarla a En curso, entonces el sistema no permite la transicion, porque ese campo es obligatorio antes de llegar a ese estado.","- Responsable asignado obligatorio antes de pasar a En curso, con sugerencia de valor por defecto (seccion D).
- Fecha objetivo / limite calculada por el motor de plazos habiles compartido, nunca por un calculo local del modulo (seccion D, seccion G.2 regla 2, seccion P riesgo de calendario).","5","R1","15","HU-005-01, HU-005-03","MOD-023, MOD-001","No","","","No","","MOD-005 seccion D (Responsable asignado, Fecha objetivo / limite), seccion G.2 regla 2, seccion C"
"HU-005-05","Historia","EP-005","Plan de Cumplimiento","MOD-005","Consultar el plan de cumplimiento agrupado por prioridad y filtrable","Administrador de la organizacion","Como Administrador de la organizacion, quiero ver todas las acciones del plan vigente agrupadas por Nivel de prioridad y poder filtrarlas por modulo de ejecucion, responsable y estado, para dar seguimiento al avance sin perderme entre docenas de acciones ni tener que revisarlas una por una.","1. Dado que existe una version Vigente del plan, cuando la abro como Administrador de la organizacion, entonces veo primero las acciones en nivel Critica, luego Importante y luego Recomendada, cada grupo en su propia vista.
2. Dado que estoy viendo el plan, cuando aplico un filtro por Modulo de ejecucion, por Responsable asignado o por Estado, entonces la lista muestra unicamente las acciones que cumplen ese filtro, combinables entre si.
3. Dado que soy Responsable de area (RRHH, Marketing, Operaciones, etc.), Responsable ARCO-POL / Responsable del tramite, Responsable de Seguridad / IT o Usuario de consulta / Colaborador, cuando abro el plan, entonces veo unicamente las acciones que tengo asignadas, sin acceso al resto del plan, segun la seccion C.
4. Dado que soy Auditor (interno), cuando abro el plan, entonces puedo ver el plan completo y su version, pero el sistema no me ofrece ninguna accion de crear, modificar, aprobar, descartar o adjuntar evidencia.
5. Dado que soy Auditor externo (invitado), cuando se me concede acceso, entonces veo el plan y la evidencia enlazada solo mientras dura la invitacion y dentro del alcance concedido.
6. Dado que soy Asesor externo invitado, cuando abro el modulo, entonces solo veo el fundamento normativo y el estado de la accion puntual para la que fui invitado, no el resto del plan.
7. Dado que no existe todavia ninguna version del plan para mi organizacion, cuando intento abrirlo, entonces el sistema me indica que aun no hay un plan generado, en lugar de mostrar una lista vacia sin explicacion.
8. Dado que la vista del plan muestra cualquier indicador de avance, cuando se presenta ese indicador, entonces el sistema lo expresa siempre como avance del plan o evidencia disponible, y nunca como un porcentaje de cumplimiento legal.","- Permisos de Ver plan completo por rol (seccion C).
- Mitigacion de sobrecarga visual: agrupacion por prioridad mostrando primero las Criticas, con Importantes y Recomendadas en vistas separadas (seccion P).
- El indicador de avance nunca se expresa como porcentaje de cumplimiento legal (seccion M, apertura).","3","R1","15","HU-005-01, HU-005-03, HU-005-04","","No","","","No","","MOD-005 seccion C (Ver plan completo), seccion P (sobrecarga visual), seccion M (apertura)"
"HU-005-06","Historia","EP-005","Plan de Cumplimiento","MOD-005","Enviar una version del plan a revision","Administrador de la organizacion","Como Administrador de la organizacion, quiero enviar el borrador del plan a revision cuando considere que esta completo, para que el Aprobador pueda confirmarlo formalmente antes de que se convierta en el compromiso oficial de mi empresa.","1. Dado que una version del plan esta en estado Generado y tiene al menos una AccionDelPlan por cada obligacion aplicable, cuando la envio a revision como Administrador de la organizacion o como Delegado de Proteccion de Datos, entonces el sistema cambia su estado a En revision y notifica al Aprobador.
2. Dado que a una version del plan en estado Generado le falta una accion para alguna obligacion aplicable, cuando intento enviarla a revision, entonces el sistema no permite el cambio de estado y me indica que obligacion quedo sin accion.
3. Dado que no soy Administrador de la organizacion ni Delegado de Proteccion de Datos, cuando intento enviar el plan a revision, entonces el sistema me niega la accion, segun la seccion C.
4. Dado que una version del plan pasa a En revision, cuando reviso el historial, entonces encuentro el evento con el usuario y la fecha del envio.
5. Dado que una version del plan lleva mas de 2 dias habiles en estado Generado o En revision, cuando se cumple ese plazo, entonces el sistema solicita a MOD-022 la alerta Plan pendiente de aprobacion hacia el Aprobador y el Administrador, sin bloquear el envio ni la aprobacion.","- Transicion Generado a En revision: el borrador debe tener al menos una accion por cada obligacion aplicable (seccion F.1).
- Alerta Plan pendiente de aprobacion tras 2 dias habiles en Generado o En revision (seccion I).","3","R1","15","HU-005-01","MOD-022","No","","","No","","MOD-005 seccion F.1, seccion I (Plan pendiente de aprobacion)"
"HU-005-07","Historia","EP-005","Plan de Cumplimiento","MOD-005","Aprobar o rechazar una version del plan como Vigente","Aprobador","Como Aprobador, quiero aprobar formalmente una version del plan que esta en revision, o rechazarla con un motivo, con doble control frente a quien la propuso, para que el plan solo se convierta en el compromiso oficial de la empresa cuando una persona con esa responsabilidad lo confirme de forma explicita, nunca de manera automatica.","1. Dado que una version del plan esta En revision, cuando la apruebo como Aprobador, entonces el sistema la cambia a Vigente, congela un snapshot con hash de integridad, y registra el evento de auditoria plan aprobado con mi usuario, mi rol y la fecha.
2. Dado que soy la misma persona que genero o envio a revision el borrador y ademas ocupo el rol Aprobador, cuando voy a confirmar la aprobacion, entonces el sistema muestra una advertencia visible de autorrevision antes de permitirme continuar.
3. Dado que estoy a punto de aprobar una version como Vigente, cuando el sistema me presenta la confirmacion, entonces incluye el texto Requiere validacion de la organizacion o asesoria especializada, porque publicar el plan nunca ocurre de forma automatica.
4. Dado que una version del plan esta En revision, cuando la rechazo registrando un motivo, entonces el sistema la regresa a estado Generado como borrador editable y notifica a quien la genero, con el motivo visible.
5. Dado que intento rechazar una version sin registrar un motivo, cuando confirmo el rechazo, entonces el sistema no permite guardar la accion.
6. Dado que no ocupo el rol Aprobador, cuando intento aprobar o rechazar una version del plan, entonces el sistema me niega la accion aunque sea Administrador de la organizacion o Delegado de Proteccion de Datos, segun la seccion C.
7. Dado que una version del plan pasa a Vigente, cuando reviso la evidencia del modulo, entonces encuentro el registro de aprobacion (usuario, rol, fecha) disponible para la auditoria anual de cumplimiento.","- Aprobar congela snapshot con hash, crea tareas en MOD-021 y notifica a cada responsable (seccion F.1).
- Quien genera o propone el plan nunca es quien lo aprueba; advertencia de autorrevision cuando la misma persona ocupa ambos roles (seccion C, separacion de funciones).
- Aprobar una version como Vigente nunca es automatico (seccion H, decision 2).","8","R1","15","HU-005-06","MOD-001, MOD-022","No","OBL-PLAZO-03","","No","","MOD-005 seccion F.1, seccion H decision 2, seccion J"
"HU-005-08","Historia","EP-005","Plan de Cumplimiento","MOD-005","Archivar manualmente una version del plan","Administrador de la organizacion","Como Administrador de la organizacion, quiero archivar una version del plan en un caso excepcional, registrando el motivo, para retirarla de circulacion sin perder nunca su historial, cuando una situacion fuera de lo normal lo justifique.","1. Dado que una version del plan esta en estado Generado, En revision o Vigente, cuando la archivo como Administrador de la organizacion sin registrar un motivo, entonces el sistema no permite guardar la accion.
2. Dado que archivo una version registrando el motivo, cuando confirmo la accion, entonces el sistema la cambia a Archivada, deja de generar tareas nuevas a partir de ella, y registra el evento de auditoria con mi usuario, la fecha y el motivo.
3. Dado que no soy Administrador de la organizacion, cuando intento archivar una version del plan, entonces el sistema me niega la accion, segun la seccion C.
4. Dado que una version pasa a Archivada, cuando busco una opcion para eliminarla, entonces el sistema no ofrece ninguna, porque ninguna version del plan se borra.
5. Dado que una version Vigente se archiva manualmente, cuando reviso sus AccionDelPlan en estado Completada o Descartada, entonces el sistema las conserva vinculadas a esa version archivada como evidencia historica, sin perderlas ni duplicarlas.","- Archivar manualmente exige justificacion obligatoria y es exclusivo del Administrador (seccion F.1, seccion C).
- Ninguna version del plan se elimina, solo se archiva, preservando el historial completo (seccion C, seccion P).","2","R1","15","HU-005-01","","No","OBL-PLAZO-03","","No","","MOD-005 seccion F.1 (Archivar manualmente), seccion C"
"HU-005-09","Historia","EP-005","Plan de Cumplimiento","MOD-005","Crear automaticamente una tarea por cada accion pendiente al aprobar el plan","Administrador de la organizacion","Como Administrador de la organizacion, quiero que cada accion en estado Pendiente de la version recien aprobada genere automaticamente su tarea equivalente en el Centro de Tareas (MOD-021), para que cada responsable vea su trabajo pendiente en un solo lugar, sin tener que capturarlo de nuevo a mano.","1. Dado que una version del plan pasa a Vigente, cuando el sistema procesa esa aprobacion, entonces crea en MOD-021 una tarea por cada AccionDelPlan en estado Pendiente, con el mismo Responsable asignado y la misma Fecha objetivo / limite, enlazada de vuelta a la accion.
2. Dado que una AccionDelPlan de la version aprobada no esta en estado Pendiente (por ejemplo ya esta Descartada), cuando el sistema crea las tareas de esa version, entonces no genera ninguna tarea para esa accion.
3. Dado que la creacion de tareas termina, cuando reviso el plan, entonces cada accion Pendiente muestra el enlace a su tarea equivalente en MOD-021.
4. Dado que una version ya aprobada anteriormente vuelve a aprobarse tras un recalculo (v+1), cuando el sistema crea las tareas de la nueva version, entonces no duplica una tarea para una accion que se preservo sin cambios desde la version anterior y que ya tenia su tarea activa.
5. Dado que se crearon las tareas de una version, cuando reviso el historial del plan, entonces encuentro el numero de tareas creadas junto con el evento de aprobacion de esa version.","- Version aprobada como Vigente, accion en estado Pendiente: crear una tarea equivalente en MOD-021 con el mismo responsable y fecha limite, enlazada de vuelta (seccion G.2 regla 3, seccion E).","3","R1","15","HU-005-07","MOD-021","No","","","No","","MOD-005 seccion E, seccion G.2 regla 3, seccion F.1"
"HU-005-10","Historia","EP-005","Plan de Cumplimiento","MOD-005","Avanzar el estado de una accion entre Pendiente, En curso, Completada y Vencida","Responsable de area (RRHH, Marketing, Operaciones, etc.)","Como Responsable de area (RRHH, Marketing, Operaciones, etc.), quiero iniciar el trabajo de una accion asignada a mi area, completarla con evidencia cuando termine, y que quede marcada si se vence, para dar seguimiento real al trabajo que me corresponde dentro del plan de cumplimiento.","1. Dado que una accion esta en estado Pendiente y tiene Responsable asignado, cuando inicio el trabajo, entonces el sistema la cambia a En curso y registra la Fecha de inicio real.
2. Dado que una accion esta En curso, cuando la completo adjuntando o referenciando la Evidencia adjunta o referenciada exigida, entonces el sistema la cambia a Completada y actualiza el indicador de avance del plan.
3. Dado que la obligacion relacionada de la accion esta clasificada OBLIGATORIO, cuando intento completarla sin ninguna Evidencia adjunta o referenciada, entonces el sistema no permite el cambio a Completada.
4. Dado que estoy a punto de marcar una accion como Completada, cuando confirmo la evidencia, entonces el sistema me exige declarar explicitamente que la evidencia cargada satisface la tarea y muestra el texto Requiere validacion de la organizacion o asesoria especializada.
5. Dado que una accion Pendiente o En curso llega a su Fecha objetivo / limite sin llegar a Completada ni a Descartada, cuando el sistema evalua la fecha, entonces la cambia automaticamente a Vencida y solicita a MOD-022 la alerta correspondiente (WARNING para Importante o Recomendada, HIGH para Critica).
6. Dado que una accion Vencida se completa despues de su fecha limite, cuando la marco Completada, entonces el sistema la deja registrada como completada con retraso, sin perder la fecha limite original.
7. Dado que el numero de acciones en nivel Critica y estado Vencida alcanza el umbral configurado, cuando se cruza ese umbral, entonces el sistema solicita a MOD-022 la alerta CRITICAL hacia Administrador de la organizacion y Gerencia (via Aprobador).
8. Dado que una accion cambia de estado, cuando el cambio se guarda (manual o automatico), entonces el sistema lo registra en el historial con el estado anterior, el nuevo, el usuario o Sistema, y la fecha.","- Transiciones de estado de AccionDelPlan (seccion F.2): Pendiente a En curso, En curso a Completada, Pendiente/En curso a Vencida.
- Declarar Completada exige declaracion explicita de que la evidencia satisface la tarea; el sistema no lo infiere solo por adjuntar un archivo (seccion H, decision 3).
- Alertas de vencimiento y escalamiento por nivel de prioridad (seccion I, seccion G.2 reglas 4 a 7).","8","R1","16","HU-005-04, HU-005-07","MOD-023, MOD-022","No","OBL-PLAZO-03","","No","","MOD-005 seccion F.2, seccion H decision 3, seccion G.2 reglas 4 a 7, seccion I"
"HU-005-11","Historia","EP-005","Plan de Cumplimiento","MOD-005","Descartar una accion como no aplica con justificacion y validacion reforzada","Delegado de Proteccion de Datos (o Responsable interno, si aplica el estado FUTURO)","Como Delegado de Proteccion de Datos (o Responsable interno, si aplica el estado FUTURO), quiero marcar una accion como Descartada cuando no aplique a mi empresa, registrando el motivo y, si la obligacion es OBLIGATORIO, con la validacion de una segunda persona, para dejar constancia de por que esa obligacion no se ejecuta, sin que desaparezca del plan sin que nadie lo note.","1. Dado que una accion esta en estado Pendiente, En curso o Vencida, cuando la marco como Descartada sin diligenciar la Justificacion de descarte, entonces el sistema no permite guardar el cambio y exige un texto de al menos 20 caracteres.
2. Dado que la obligacion relacionada de la accion no esta clasificada OBLIGATORIO en la matriz, cuando registro la justificacion de descarte como Delegado de Proteccion de Datos o como Administrador de la organizacion, entonces el sistema cambia la accion a Descartada de inmediato.
3. Dado que la obligacion relacionada de la accion si esta clasificada OBLIGATORIO, cuando propongo el descarte con justificacion, entonces el sistema exige ademas la validacion de un segundo usuario (Responsable Legal / Compliance o Delegado de Proteccion de Datos, distinto de quien propuso) antes de cambiar la accion a Descartada, y muestra el texto Requiere validacion de la organizacion o asesoria especializada.
4. Dado que soy la misma persona que propuso el descarte de una accion ligada a una obligacion OBLIGATORIO, cuando intento validarlo yo mismo, entonces el sistema no lo permite.
5. Dado que una accion queda Descartada y su obligacion relacionada no tiene ninguna otra accion viva en el plan, cuando el sistema detecta esa situacion, entonces alerta a Responsable Legal / Compliance.
6. Dado que soy Responsable de area (RRHH, Marketing, Operaciones, etc.) o Responsable de Seguridad / IT, cuando propongo el descarte de una accion, entonces el sistema exige la validacion de Responsable Legal / Compliance antes de completarlo si la obligacion es OBLIGATORIO, segun la seccion C.
7. Dado que una accion queda Descartada, cuando reviso su historial, entonces encuentro el evento de auditoria con el motivo, quien lo registro y, cuando aplica, quien lo valido.
8. Dado que soy Auditor (interno) o Auditor externo (invitado), cuando reviso el plan, entonces no tengo ninguna opcion de descartar una accion, porque ese rol es siempre de solo lectura.","- Transicion a Descartada: justificacion obligatoria y, si la obligacion es OBLIGATORIO, validacion de un segundo usuario (seccion F.2, seccion C).
- Descartar una accion ligada a una obligacion OBLIGATORIO nunca es una decision de una sola persona (seccion H, decision 4).","5","R1","16","HU-005-10","MOD-001","No","","","No","","MOD-005 seccion F.2, seccion C, seccion H decision 4, seccion D (Justificacion de descarte)"
"HU-005-12","Historia","EP-005","Plan de Cumplimiento","MOD-005","Recalcular manualmente el plan bajo demanda","Administrador de la organizacion","Como Administrador de la organizacion, quiero solicitar un recalculo del plan cuando lo considere necesario, sin perder el trabajo ya completado, para mantener el plan actualizado aunque el recalculo automatico por cambio de diagnostico o de normativa todavia no exista en esta version del producto.","1. Dado que existe una version Vigente del plan, cuando solicito su recalculo como Administrador de la organizacion o como Delegado de Proteccion de Datos, entonces el sistema la pasa a estado Recalculando.
2. Dado que el plan esta en Recalculando, cuando el motor de priorizacion termina de aplicar sus reglas sobre las obligaciones aplicables vigentes segun MOD-004, entonces el sistema genera una nueva version en estado Generado (v+1).
3. Dado que se genera la nueva version (v+1), cuando el sistema la crea, entonces cambia la version Vigente anterior a Archivada.
4. Dado que una AccionDelPlan ya esta Completada o Descartada y su obligacion sigue aplicando, cuando el plan se recalcula, entonces esa accion se preserva y se re-vincula a la nueva version, sin perderse ni duplicarse.
5. Dado que no soy Administrador de la organizacion ni Delegado de Proteccion de Datos, cuando intento solicitar el recalculo del plan, entonces el sistema me niega la accion, segun la seccion C.
6. Dado que solicito el recalculo del plan, cuando confirmo la accion, entonces el sistema registra en el historial el motivo del recalculo y la version anterior archivada.
7. Dado que la nueva version (v+1) queda en estado Generado, cuando la reviso, entonces todavia no genera tareas nuevas en MOD-021 ni es el compromiso oficial de la empresa, hasta que se repita el flujo de envio a revision y aprobacion.","- Recalculo manual: un usuario con permiso lo solicita; la version Vigente pasa a Recalculando y luego a Generado (v+1); la version Vigente anterior pasa a Archivada (seccion F.1).
- El mantenimiento continuo de la adecuacion no tiene un articulo especifico que obligue a recalcular, pero si respalda la obligacion continua de OBL-PLAZO-03 (seccion R.5).","8","R1","16","HU-005-07, HU-005-09, HU-005-10","MOD-004","No","OBL-PLAZO-03","","No","","MOD-005 seccion F.1, seccion C (Generar o recalcular el plan), seccion R.5"
"HU-005-13","Historia","EP-005","Plan de Cumplimiento","MOD-005","Exportar el plan con verificacion de integridad","Administrador de la organizacion","Como Administrador de la organizacion, quiero exportar la version vigente del plan o una version archivada como Plan de adecuacion, con un hash de integridad verificable de forma independiente, para contar con la prueba concreta y verificable de que mi empresa esta ejecutando su adecuacion, lista para una auditoria o un requerimiento de la ACE.","1. Dado que existe una version Vigente o una version Archivada del plan, cuando la exporto como Administrador de la organizacion, Delegado de Proteccion de Datos, Responsable Legal / Compliance o Aprobador, entonces el sistema genera el documento usando el servicio comun de exportacion con verificacion de integridad de EP-000 y produce un archivo con hash validable de forma independiente.
2. Dado que genero la exportacion Plan de adecuacion de una version aprobada especifica, cuando el archivo se genera, entonces incluye el numero de version, la fecha de aprobacion, y el listado completo de acciones con su fundamento (obligacion y articulo), Nivel de prioridad, Estado y Evidencia esperada.
3. Dado que genero cualquier exportacion del plan, cuando se produce el archivo, entonces incluye el texto de descargo Documento generado como borrador a partir de la informacion registrada. Requiere revision y aprobacion de su organizacion antes de usarse, y puede requerir validacion de asesoria legal especializada.
4. Dado que el servicio comun de EP-000 no puede verificar la integridad del archivo generado, cuando intento completar la exportacion, entonces el sistema no entrega el archivo como valido y me informa del error, en lugar de entregar un documento sin hash.
5. Dado que soy Auditor externo (invitado), cuando exporto el plan o su evidencia, entonces solo puedo hacerlo dentro de lo autorizado por mi invitacion, segun la seccion C.
6. Dado que soy Responsable de area (RRHH, Marketing, Operaciones, etc.), Responsable ARCO-POL / Responsable del tramite, Responsable de Seguridad / IT o Usuario de consulta / Colaborador, cuando busco exportar el plan, entonces el sistema no me ofrece esa opcion, porque segun la seccion C esos roles no tienen permiso de exportar.
7. Dado que se completa una exportacion del plan, cuando reviso el historial del modulo, entonces encuentro el evento registrado con el usuario, la fecha y el formato exportado.","- Reporte Plan de adecuacion: version historica congelada con hash de integridad, evidencia central de OBL-PLAZO-03 (seccion E, K, N, J).
- Toda exportacion queda registrada en el historial (usuario, fecha, formato) (seccion O).","5","R1","16","HU-005-07","EP-000","No","OBL-PLAZO-03","Plantilla de exportacion Plan de Cumplimiento (variables nombre_organizacion, fecha_generacion, numero_de_version, lista_de_acciones) con el texto de descargo estandar del banner general, validada por el equipo legal o de contenido","No","","MOD-005 seccion E, K, N, J"
"HU-006-01","Historia","EP-006","RAT y Mapa de Datos","MOD-006","Crear ficha de tratamiento en Borrador","Responsable de area (RRHH, Marketing, Operaciones, etc.)","Como Responsable de area (RRHH, Marketing, Operaciones, etc.), quiero crear una ficha nueva de actividad de tratamiento en estado Borrador indicando su nombre y el area responsable, para empezar a registrar en el RAT un tratamiento de datos personales que mi area ejecuta.","1. Dado que estoy creando una ficha nueva, cuando intento guardarla sin nombre ni area responsable, entonces el sistema bloquea el guardado porque ambos campos son obligatorios.
2. Dado que escribo un nombre de tratamiento de menos de 5 caracteres, cuando intento guardar la ficha, entonces el sistema rechaza el guardado y pide un nombre de al menos 5 caracteres.
3. Dado que ya existe una ficha con el mismo nombre en mi organizacion, cuando intento guardar una ficha nueva con ese mismo nombre, entonces el sistema rechaza el guardado por nombre duplicado.
4. Dado que selecciono el area responsable, cuando el area no existe en el catalogo de areas activas de MOD-001, entonces el sistema no me la ofrece como opcion.
5. Dado que completo un nombre y un area responsable validos, cuando guardo la ficha, entonces la ficha queda creada en estado Borrador y el sistema registra en el historial el evento ficha creada, con autor y fecha.
6. Dado que tengo el rol Responsable ARCO-POL, Auditor interno, Usuario de consulta o Titular, cuando intento crear una ficha de tratamiento, entonces el sistema deniega la accion.","- El nombre debe ser unico dentro de la organizacion y tener al menos 5 caracteres (seccion D.1).
- Solo Responsable de area, Legal/Compliance, Delegado y Administrador pueden crear una ficha (seccion C).
- La transicion (nuevo) a Borrador exige nombre y area responsable definidos (seccion F.2).","3","R1","7","","MOD-001","Si","OBL-DOC-02","","No","","MOD-006 secciones D.1 (Nombre del tratamiento, Area responsable), F.1 y F.2 (fila nuevo a Borrador), C (permisos)"
"HU-006-02","Historia","EP-006","RAT y Mapa de Datos","MOD-006","Completar los campos de Borrador y enviar la ficha a revision","Responsable de area (RRHH, Marketing, Operaciones, etc.)","Como Responsable de area (RRHH, Marketing, Operaciones, etc.), quiero completar la finalidad, las categorias de titulares, si incluye menores de edad y las categorias de datos tratados, y enviar la ficha a revision, para que Legal o el Delegado puedan revisar el tratamiento antes de que quede vigente.","1. Dado que la ficha esta en Borrador, cuando escribo una finalidad de menos de 15 caracteres o identica a la descripcion breve, entonces el sistema rechaza el campo y explica la regla.
2. Dado que la ficha esta en Borrador, cuando intento enviarla a revision sin marcar al menos una categoria de titulares, entonces el sistema bloquea el envio.
3. Dado que la ficha esta en Borrador, cuando intento enviarla a revision sin marcar al menos una categoria de datos tratados, entonces el sistema bloquea el envio y no permite continuar.
4. Dado que completo Incluye menores de edad y las demas categorias de titulares, categorias de datos y finalidad, cuando envio la ficha a revision, entonces el sistema cambia su estado de Borrador a En revision.
5. Dado que la ficha pasa a En revision, cuando la transicion se completa, entonces el sistema crea una tarea de revision para Legal/Compliance o el Delegado en MOD-021 y registra el evento en el historial.
6. Dado que soy Usuario de consulta o Titular, cuando intento enviar una ficha a revision, entonces el sistema deniega la accion porque no tengo permiso de edicion sobre la ficha.
7. Dado que la ficha ya esta en un estado distinto de Borrador, cuando intento aplicar de nuevo la transicion enviar a revision, entonces el sistema la rechaza porque esa transicion solo aplica desde Borrador.","- Finalidad minimo 15 caracteres y distinta de la descripcion breve (seccion D.1).
- Categorias de titulares y categorias de datos tratados exigen al menos una seleccion (seccion D.1).
- La transicion Borrador a En revision exige todos los campos marcados obligatorio desde Borrador completos (seccion F.2).","5","R1","8","HU-006-01","MOD-021","Si","OBL-DOC-02, OBL-TRAT-01, OBL-PRIN-02, OBL-SENS-01","","No","","MOD-006 D.1 (Finalidad, Categorias de titulares, Incluye menores de edad, Categorias de datos tratados), F.2 fila Borrador a En revision"
"HU-006-03","Historia","EP-006","RAT y Mapa de Datos","MOD-006","Marcar automaticamente como sensible una categoria de dato del catalogo cerrado","Responsable de area (RRHH, Marketing, Operaciones, etc.)","Como Responsable de area (RRHH, Marketing, Operaciones, etc.), quiero que el sistema marque en rojo y como Dato sensible cualquier categoria de datos que pertenezca al catalogo cerrado (union del Art. 4 lit. g y el Art. 59 lit. b), para darme cuenta de inmediato cuando el tratamiento activa el regimen reforzado de datos sensibles.","1. Dado que selecciono una categoria de dato de la lista cerrada de sensibles (por ejemplo Informacion biometrica o Salud fisica y mental), cuando guardo la ficha, entonces el sistema la marca visualmente en rojo y agrega la etiqueta Dato sensible visible en el listado del RAT.
2. Dado que una categoria pertenece al catalogo cerrado de sensibles, cuando intento guardarla como otros ordinarios para ocultarla, entonces el sistema rechaza ese cambio y la mantiene marcada como sensible.
3. Dado que el dato que quiero registrar no esta en ninguna de las categorias cerradas del catalogo, cuando marco la opcion otro dato sensible no listado, entonces el sistema muestra el texto: este dato no esta en el catalogo cerrado de categorias sensibles, requiere validacion de la organizacion o asesoria especializada antes de decidir si aplica el regimen reforzado.
4. Dado que marco Salud fisica y mental y el sector de la empresa registrado en MOD-001 es salud, cuando guardo la ficha, entonces el sistema muestra el aviso de revisar la Ley de Deberes y Derechos de los Pacientes con la nota de que requiere validacion de la organizacion o asesoria especializada.
5. Dado que marco Informacion biometrica, cuando guardo la ficha, entonces el sistema crea la tarea confirmar consentimiento escrito y alternativa no biometrica en MOD-021.
6. Dado que el campo de nacionalidad se declara como un atributo de tratamiento diferenciado y no solo como parte de un documento identificativo, cuando guardo la ficha, entonces el sistema pide confirmacion humana mostrando el texto: el sistema marco este dato como potencialmente sensible por su categoria, confirme con su organizacion si en este caso concreto aplica el regimen reforzado.
7. Dado que ninguna categoria de dato marcada pertenece al catalogo de sensibles, cuando guardo la ficha, entonces el sistema no agrega la etiqueta Dato sensible ni exige el analisis adicional.","- El catalogo de sensibles es la union cerrada del Art. 4 lit. g y el Art. 59 lit. b, y no se puede ocultar bajo otra categoria (seccion D.3 y D.4).
- El sistema no puede precalificar la clausula abierta otras informaciones intimas de similar naturaleza (seccion H).","3","R1","14","HU-006-02","MOD-021","No","OBL-SENS-01, OBL-SENS-04, OBL-SENS-06, OBL-SENS-08","Texto de ayuda de cada categoria del catalogo cerrado de datos sensibles (seccion D.4), validado por asesoria legal","No","","MOD-006 D.3, D.4, G.1, G.2, G.3, seccion H filas 2 y 6"
"HU-006-04","Historia","EP-006","RAT y Mapa de Datos","MOD-006","Seleccionar la base de licitud del tratamiento con su justificacion","Responsable de area (RRHH, Marketing, Operaciones, etc.)","Como Responsable de area (RRHH, Marketing, Operaciones, etc.), quiero elegir una de las seis bases de licitud reconocidas por la ley y escribir la justificacion de por que aplica a este tratamiento, para declarar la razon legal por la que mi area puede tratar estos datos personales.","1. Dado que estoy completando la ficha, cuando intento guardarla sin elegir una de las seis bases de licitud (Consentimiento expreso, Ejecucion de contrato o medidas precontractuales, Cumplimiento de obligacion legal, Proteccion de intereses vitales, Cumplimiento de un fin de interes publico, Intereses legitimos), entonces el sistema bloquea el guardado.
2. Dado que elijo una base distinta de Consentimiento expreso, cuando intento guardar sin escribir al menos 30 caracteres en la justificacion de la base de licitud, entonces el sistema bloquea el guardado.
3. Dado que elijo la base Intereses legitimos, cuando completo la justificacion, entonces el sistema exige que tambien explique por que el tratamiento no afecta de forma desproporcionada al titular, y muestra el texto: la eleccion de esta base requiere el criterio de su organizacion sobre si es defendible para este tratamiento especifico, requiere validacion de la organizacion o asesoria especializada.
4. Dado que la ficha tiene al menos una categoria de dato marcada como sensible, cuando intento guardarla sin completar la justificacion de la base de licitud, entonces el sistema bloquea el guardado aunque la base elegida sea Consentimiento expreso.
5. Dado que marco que el tratamiento invoca una excepcion del Art. 28 en lugar de consentimiento, cuando guardo la ficha, entonces el sistema exige seleccionar una de las 8 opciones de excepcion y no permite dejarla vacia.
6. Dado que guardo una base de licitud con su justificacion, cuando reviso la ficha despues, entonces el sistema nunca marca esa base como valida o invalida por si mismo, solo la deja registrada con su autor y fecha.","- El sistema registra la base elegida por la empresa pero nunca decide si es valida o proporcional (seccion H, anti-feature 6).
- Justificacion obligatoria de al menos 30 caracteres si la base no es Consentimiento expreso (seccion D.1).","5","R1","8","HU-006-01","","Si","OBL-PRIN-02, OBL-TRAT-02","Pregunta guiada de ponderacion de la base Intereses legitimos frente al derecho del titular (plantilla Analisis de base de interes legitimo, seccion K), validada por asesoria legal","No","","MOD-006 D.1 filas Base de licitud, Justificacion de la base de licitud, Excepcion invocada; seccion H fila 1; anti-feature 6"
"HU-006-05","Historia","EP-006","RAT y Mapa de Datos","MOD-006","Registrar el origen del dato y el analisis de fuente de acceso publico","Responsable de area (RRHH, Marketing, Operaciones, etc.)","Como Responsable de area (RRHH, Marketing, Operaciones, etc.), quiero indicar de donde proviene el dato y, si elijo fuente de acceso publico, documentar el analisis que lo respalda, para dejar constancia de por que puedo tratar ese dato sin pedirlo directamente al titular.","1. Dado que estoy completando la ficha, cuando intento enviarla a aprobacion sin elegir el origen del dato, entonces el sistema bloquea el envio.
2. Dado que elijo el origen Fuente de acceso publico, cuando guardo la ficha, entonces el sistema activa el campo obligatorio de analisis con la pregunta guiada: explique por que esta fuente puede consultarse por disposicion de ley por cualquier persona, no basta con que sea publica o abierta en internet.
3. Dado que elijo Fuente de acceso publico y dejo vacio el campo de analisis, cuando intento guardar la ficha, entonces el sistema bloquea el guardado.
4. Dado que completo el analisis de fuente de acceso publico, cuando lo guardo, entonces el sistema muestra el texto: el sistema no determina si esta fuente cumple la definicion legal de acceso publico, requiere validacion de la organizacion o asesoria especializada, y no valida el contenido del analisis.
5. Dado que elijo un origen distinto de Fuente de acceso publico, cuando guardo la ficha, entonces el sistema no muestra el campo de analisis.","- El origen del dato es obligatorio para pasar a En revision (seccion D.1).
- Si el origen es Fuente de acceso publico, el analisis documentado es obligatorio y el sistema nunca valida su contenido (seccion D.5).","3","R1","8","HU-006-01","","No","OBL-TRAT-03","Plantilla de Analisis de fuente de acceso publico con la pregunta guiada de la seccion D.5, validada por asesoria legal","No","","MOD-006 D.1 fila Origen del dato, D.5, seccion H fila 3"
"HU-006-06","Historia","EP-006","RAT y Mapa de Datos","MOD-006","Dar de alta un sistema en el Catalogo de Sistemas","Responsable de Seguridad / IT","Como Responsable de Seguridad / IT, quiero registrar un sistema nuevo en el Catalogo de Sistemas con su tipo, pais de alojamiento y responsable tecnico, para tener una unica lista de sistemas que el RAT y otros modulos puedan referenciar sin duplicar el dato.","1. Dado que quiero registrar un sistema nuevo, cuando dejo vacio el nombre, el tipo de sistema o el pais de alojamiento, entonces el sistema bloquea el guardado.
2. Dado que ya existe un sistema con el mismo nombre en mi organizacion, cuando intento guardar otro con ese mismo nombre, entonces el sistema rechaza el guardado por duplicado.
3. Dado que elijo el tipo de sistema SaaS de un proveedor, cuando guardo el sistema, entonces el campo Proveedor asociado queda disponible para vincularlo al catalogo de Proveedores tipo Encargado de MOD-009, sin bloquear el alta mientras ese catalogo no exista.
4. Dado que no se cual es el pais de alojamiento, cuando elijo la opcion No se sabe / pendiente de confirmar, entonces el sistema guarda el registro y crea una tarea en MOD-021 para averiguar el pais.
5. Dado que dejo vacio el responsable tecnico interno, cuando intento guardar el sistema, entonces el sistema bloquea el guardado porque ese campo es obligatorio.
6. Dado que tengo el rol Responsable de area, Aprobador o Auditor interno, cuando intento dar de alta un sistema en el catalogo, entonces el sistema deniega la accion porque esa alta es exclusiva de Administrador y Responsable de Seguridad/IT.","- Nombre unico dentro de la organizacion (seccion D.7).
- Dar de alta un sistema en el catalogo es exclusivo de Administrador y Responsable de Seguridad/IT (seccion C).
- Si el pais de alojamiento queda pendiente de confirmar, el sistema crea una tarea para averiguarlo (seccion D.7).","5","R1","8","","MOD-001, MOD-021","Si","","","No","","MOD-006 D.7, C (nota especifica del modulo)"
"HU-006-07","Historia","EP-006","RAT y Mapa de Datos","MOD-006","Vincular el tratamiento a uno o mas sistemas del catalogo","Responsable de area (RRHH, Marketing, Operaciones, etc.)","Como Responsable de area (RRHH, Marketing, Operaciones, etc.), quiero elegir en que sistema o sistemas del Catalogo de Sistemas se procesa mi tratamiento, o agregar uno nuevo si no esta en la lista, para que quede claro donde vive el dato y esa informacion alimente el Mapa de Datos.","1. Dado que estoy completando la ficha, cuando intento enviarla a aprobacion sin vincular al menos un sistema, entonces el sistema bloquea el envio.
2. Dado que el sistema donde vive el dato no esta en el catalogo, cuando elijo Agregar sistema nuevo, entonces el sistema me permite darlo de alta y lo deja disponible para vincularlo a la ficha.
3. Dado que vinculo mas de un sistema a la misma ficha, cuando la guardo, entonces el sistema conserva todos los sistemas vinculados y los muestra en el listado y en el Mapa de Datos.
4. Dado que un sistema vinculado a mi ficha cambia a estado Dado de baja, cuando ese cambio ocurre, entonces mi ficha, si esta Vigente, pasa a Requiere revision con la nota de que el sistema fue dado de baja.
5. Dado que intento vincular como sistema un texto libre que no existe en el catalogo, cuando guardo la ficha, entonces el sistema rechaza el texto libre y solo permite seleccionar del catalogo o crear un sistema nuevo.","- Al menos un sistema vinculado es obligatorio para pasar a En revision (seccion D.1).
- Un sistema dado de baja con tratamientos Vigentes que lo referencian los marca Requiere revision (seccion G.8, seccion I).","3","R1","8","HU-006-01, HU-006-06","","Si","","","No","","MOD-006 D.1 fila Sistema o sistemas donde se procesa, G.8, I fila Sistema dado de baja"
"HU-006-08","Historia","EP-006","RAT y Mapa de Datos","MOD-006","Completar la descripcion, el responsable interno y la transferencia internacional","Responsable de area (RRHH, Marketing, Operaciones, etc.)","Como Responsable de area (RRHH, Marketing, Operaciones, etc.), quiero escribir la descripcion breve del tratamiento, asignar su responsable interno y declarar si hay transferencia de datos fuera de El Salvador, para dejar la ficha lista con los datos que Legal necesita para aprobarla.","1. Dado que estoy completando la ficha, cuando escribo mas de 1000 caracteres en la descripcion breve, entonces el sistema rechaza el exceso de caracteres.
2. Dado que intento enviar la ficha a aprobacion sin asignar un responsable interno, entonces el sistema bloquea el envio.
3. Dado que asigno como responsable interno a un usuario sin el rol Responsable de area o superior, cuando guardo la ficha, entonces el sistema rechaza esa asignacion.
4. Dado que marco Hay transferencia fuera de El Salvador: Si, cuando guardo la ficha, entonces el sistema exige el pais de alojamiento o destino y no permite dejarlo vacio.
5. Dado que marco Hay transferencia fuera de El Salvador: No, cuando guardo la ficha, entonces el sistema no exige el campo de pais de destino.
6. Dado que dejo el campo Hay transferencia fuera de El Salvador sin responder, cuando intento enviar la ficha a aprobacion, entonces el sistema bloquea el envio porque ese campo es obligatorio para pasar a En revision.","- Descripcion breve hasta 1000 caracteres (seccion D.1).
- Responsable interno obligatorio para pasar a En revision, con rol Responsable de area o superior (seccion D.1).
- Hay transferencia fuera de El Salvador es obligatorio para pasar a En revision; el pais de destino solo se exige si la respuesta es Si (seccion D.1).","3","R1","8","HU-006-01","MOD-001","No","OBL-PRIN-03, OBL-TRANSF-05","","No","","MOD-006 D.1 filas Descripcion breve, Responsable interno del tratamiento, Hay transferencia fuera de El Salvador, Pais de alojamiento o destino"
"HU-006-09","Historia","EP-006","RAT y Mapa de Datos","MOD-006","Registrar el plazo de conservacion del tratamiento","Responsable de area (RRHH, Marketing, Operaciones, etc.)","Como Responsable de area (RRHH, Marketing, Operaciones, etc.), quiero indicar cuanto tiempo se conservan los datos de este tratamiento y, si elijo indefinido, justificarlo, para dejar constancia del plazo de conservacion mientras el motor de retencion no exista.","1. Dado que completo el plazo de conservacion, cuando elijo una de las opciones Anios, Meses o Mientras dure la relacion mas N anios adicionales, entonces el sistema guarda el numero y la unidad como texto estructurado del tratamiento.
2. Dado que elijo la opcion Indefinido, cuando intento guardar sin escribir una justificacion, entonces el sistema bloquea el guardado.
3. Dado que elijo Indefinido y completo la justificacion, cuando guardo la ficha, entonces el sistema muestra el texto: un plazo de conservacion indefinido requiere una justificacion legal especifica, requiere validacion de la organizacion o asesoria especializada.
4. Dado que intento enviar la ficha a aprobacion sin completar el plazo de conservacion, entonces el sistema bloquea el envio porque es obligatorio para pasar a En revision.
5. Dado que el plazo de conservacion queda guardado como campo de texto, cuando reviso la ficha mas adelante, entonces el sistema no genera ninguna alerta automatica de vencimiento sobre este campo mientras MOD-016 no exista.","- El plazo de conservacion es un campo estructurado (numero y unidad, o Indefinido con justificacion obligatoria), obligatorio para pasar a En revision (seccion D.1).
- Mientras MOD-016 no exista, este campo no dispara ninguna alerta automatica de vencimiento (cobertura parcial, seccion 19.4).","2","R1","8","HU-006-01","","No","","","No","","MOD-006 D.1 fila Plazo de conservacion / retencion, seccion H fila 7"
"HU-006-10","Historia","EP-006","RAT y Mapa de Datos","MOD-006","Aprobar una ficha de tratamiento y pasarla a Vigente","Aprobador","Como Aprobador, quiero aprobar una ficha que esta En revision cuando todos sus campos obligatorios estan completos, para que el tratamiento quede Vigente y sirva como referencia confiable para el resto de la empresa.","1. Dado que la ficha esta En revision con todos los campos obligatorio para pasar a En revision completos, cuando la apruebo, entonces el sistema cambia su estado a Vigente, calcula la fecha de proxima revision a 12 meses por defecto usando el motor de plazos de MOD-023, y registra en el historial mi identidad, la fecha y mi comentario si lo dejo.
2. Dado que la ficha tiene al menos una categoria de dato sensible marcada y el campo de justificacion de la base de licitud esta vacio, cuando intento aprobarla, entonces el sistema bloquea la aprobacion.
3. Dado que soy el mismo usuario que registro una ficha con dato sensible o riesgo alto, cuando intento aprobarla, entonces el sistema deniega la aprobacion porque exige el rol Aprobador o Legal/Compliance distinto de quien la registro, salvo que mi organizacion este por debajo del umbral configurable de tamano (propuesta inicial 50 empleados), en cuyo caso el sistema permite la autoaprobacion mostrando siempre la advertencia visible de autorrevision.
4. Dado que la ficha pasa a Vigente, cuando la transicion se completa, entonces el sistema crea o notifica las tareas correspondientes a traves de MOD-021 y MOD-022 hacia los modulos que la consultan.
5. Dado que la ficha esta Vigente, cuando alguien intenta modificar directamente la finalidad o la base de licitud sin pasar de nuevo por revision, entonces el sistema bloquea la edicion directa de esos campos criticos.
6. Dado que tengo el rol Responsable de area, Usuario de consulta o Auditor interno, cuando intento aprobar una ficha En revision, entonces el sistema deniega la accion porque no tengo el rol Aprobador, Legal/Compliance o Delegado.
7. Dado que la ficha En revision no tiene todos los campos obligatorio para pasar a En revision completos, cuando intento aprobarla, entonces el sistema bloquea la aprobacion y senala los campos faltantes.","- Separacion de funciones: quien registra un tratamiento de riesgo alto o con dato sensible no puede aprobarlo, salvo pyme con advertencia visible de autorrevision (seccion C).
- La aprobacion bloquea la edicion directa de campos criticos sin pasar de nuevo por revision (seccion F.2).
- La fecha de proxima revision se calcula con el motor de plazos compartido MOD-023, nunca de forma local (seccion P).","8","R1","8","HU-006-02, HU-006-04, HU-006-05, HU-006-07, HU-006-08, HU-006-09","MOD-023, MOD-021, MOD-022","Si","OBL-DOC-02, OBL-PRIN-02, OBL-PRIN-03","","No","","MOD-006 F.1, F.2 fila En revision a Vigente (Aprobar), seccion C (separacion de funciones), R.6"
"HU-006-11","Historia","EP-006","RAT y Mapa de Datos","MOD-006","Rechazar una ficha en revision y devolverla a Borrador","Aprobador","Como Aprobador, quiero rechazar una ficha En revision dejando un comentario obligatorio sobre lo que falta, para que el Responsable de area sepa que debe corregir antes de volver a enviarla.","1. Dado que la ficha esta En revision, cuando la rechazo sin escribir un comentario, entonces el sistema bloquea el rechazo porque el comentario es obligatorio.
2. Dado que rechazo la ficha con un comentario, cuando la accion se completa, entonces el sistema cambia su estado a Borrador y crea una tarea para el Responsable de area con el motivo del rechazo.
3. Dado que la ficha vuelve a Borrador, cuando reviso su historial, entonces el sistema registra el evento de rechazo con mi identidad, la fecha y el comentario.
4. Dado que tengo el rol Responsable de area o Usuario de consulta, cuando intento rechazar una ficha En revision, entonces el sistema deniega la accion.
5. Dado que la ficha ya esta en Borrador, Vigente, Requiere revision o Archivado, cuando intento aplicar la accion rechazar, entonces el sistema la rechaza porque esa transicion solo aplica desde En revision.","- Rechazar exige un comentario obligatorio y crea una tarea para el Responsable de area con el motivo (seccion F.2).","3","R1","16","HU-006-02","MOD-021","No","OBL-PRIN-03","","No","","MOD-006 F.2 fila En revision a Borrador (Rechazar / devolver)"
"HU-006-12","Historia","EP-006","RAT y Mapa de Datos","MOD-006","Pasar una ficha Vigente a Requiere revision y confirmarla o actualizarla","Delegado de Proteccion de Datos (o Responsable interno, si aplica el estado FUTURO)","Como Delegado de Proteccion de Datos (o Responsable interno, si aplica el estado FUTURO), quiero que el sistema marque automaticamente como Requiere revision una ficha Vigente cuando vence su fecha de proxima revision o cuando cambia un campo material, y poder confirmarla o actualizarla, para mantener el RAT vivo y no dejarlo desactualizado.","1. Dado que una ficha Vigente llega a su fecha de proxima revision calculada por MOD-023, cuando esa fecha se cumple, entonces el sistema cambia su estado a Requiere revision y crea una tarea para el Responsable de area con copia a mi.
2. Dado que una ficha Vigente cambia su base de licitud, agrega una categoria sensible nueva o cambia de sistema, cuando guardo ese cambio, entonces el sistema la marca automaticamente como Requiere revision sin bloquear su consulta por otros modulos, mostrando la marca pendiente de reconfirmacion.
3. Dado que una ficha esta Requiere revision y la informacion sigue siendo correcta, cuando la confirmo sin cambios, entonces el sistema la regresa a Vigente y actualiza la fecha de proxima revision.
4. Dado que una ficha esta Requiere revision y hace falta actualizar un campo material, cuando el Responsable de area la actualiza, entonces el sistema la envia de nuevo a En revision y exige repetir el flujo completo de aprobacion.
5. Dado que confirmo o actualizo una ficha Requiere revision, cuando la accion se completa, entonces el sistema registra el evento en el historial con mi identidad y la fecha.
6. Dado que tengo el rol Usuario de consulta, cuando intento confirmar una ficha Requiere revision, entonces el sistema deniega la accion.","- Llegar a la fecha de proxima revision o un cambio material pasa la ficha Vigente a Requiere revision de forma automatica (seccion F.2, seccion G.7).
- Confirmar sin cambios regresa la ficha a Vigente; actualizar con cambios materiales exige repetir el flujo de En revision (seccion F.2).","5","R1","16","HU-006-10","MOD-023, MOD-021, MOD-022","No","OBL-PRIN-03","","No","","MOD-006 F.2 filas Vigente a Requiere revision y Requiere revision a Vigente/En revision, R.6"
"HU-006-13","Historia","EP-006","RAT y Mapa de Datos","MOD-006","Archivar y reactivar un tratamiento","Administrador de la organizacion","Como Administrador de la organizacion, quiero archivar un tratamiento que dejo de ejecutarse, declarando el motivo, y poder reactivarlo despues si vuelve a ejecutarse, para reflejar en el RAT que ese tratamiento ya no esta activo sin perder su historial.","1. Dado que una ficha esta Vigente o Requiere revision, cuando la archivo sin declarar el motivo y la fecha de cese, entonces el sistema bloquea la accion.
2. Dado que archivo una ficha con motivo y fecha de cese, cuando la accion se completa, entonces el sistema cambia su estado a Archivado, conserva integro su historial y la deja visible como referencia historica de forma indefinida.
3. Dado que una ficha esta Archivada, cuando la reactivo porque el tratamiento vuelve a ejecutarse, entonces el sistema la envia al estado En revision conservando el historial anterior y abre un nuevo periodo de vigencia.
4. Dado que intento eliminar fisicamente una ficha Archivada, cuando lo intento, entonces el sistema lo rechaza porque el archivado nunca borra el historial ni permite el borrado fisico.
5. Dado que tengo el rol Responsable de area o Usuario de consulta, cuando intento archivar o reactivar una ficha, entonces el sistema deniega la accion porque esa capacidad es de Administrador, Delegado o Legal/Compliance.","- Archivar exige motivo y fecha de cese declarados; nunca elimina la ficha ni su historial (seccion F.2).
- Reactivar regresa la ficha a En revision conservando el historial anterior (seccion F.2).
- Archivar y reactivar son exclusivos de Administrador, Delegado y Legal/Compliance (seccion C).","3","R1","16","HU-006-10","","No","OBL-PRIN-03","","No","","MOD-006 F.2 filas Archivar y Reactivar, seccion C"
"HU-006-14","Historia","EP-006","RAT y Mapa de Datos","MOD-006","Eliminar definitivamente una ficha en Borrador","Administrador de la organizacion","Como Administrador de la organizacion, quiero eliminar de forma fisica una ficha que sigue en Borrador y que nadie mas ha editado, para limpiar el RAT de fichas creadas por error sin dejar un registro incompleto.","1. Dado que la ficha esta en Borrador y ningun usuario distinto de quien la creo la ha editado, cuando la elimino, entonces el sistema la borra de forma fisica y no queda registro de ella en el listado del RAT.
2. Dado que la ficha ya paso alguna vez por En revision, cuando intento eliminarla, entonces el sistema rechaza la eliminacion y solo permite archivarla.
3. Dado que otro usuario distinto de quien la creo ya edito la ficha en Borrador, cuando intento eliminarla, entonces el sistema rechaza la eliminacion.
4. Dado que tengo el rol Responsable de area, Delegado o Legal/Compliance, cuando intento eliminar una ficha en Borrador, entonces el sistema deniega la accion porque esa capacidad es exclusiva del Administrador.","- Eliminar de forma fisica solo aplica a una ficha en Borrador que nunca paso a En revision y que nadie mas edito (seccion F.2).
- Eliminar es exclusivo del Administrador (seccion C).","2","R1","15","HU-006-01","","No","OBL-PRIN-03","","No","","MOD-006 F.2 fila Borrador (sin historial) a eliminada, seccion C, seccion O"
"HU-006-15","Historia","EP-006","RAT y Mapa de Datos","MOD-006","Crear una ficha desde la biblioteca de tratamientos plantilla","Responsable de area (RRHH, Marketing, Operaciones, etc.)","Como Responsable de area (RRHH, Marketing, Operaciones, etc.), quiero elegir una plantilla de la biblioteca de al menos 20 tratamientos comunes para crear una ficha nueva ya precargada, para no tener que llenar cada campo desde cero para un tratamiento tipico de mi area.","1. Dado que abro la biblioteca de tratamientos plantilla, cuando la reviso, entonces el sistema muestra al menos 20 plantillas distintas, cada una con area tipica, finalidad sugerida, base de licitud sugerida, categorias de datos y retencion sugerida.
2. Dado que elijo una plantilla, cuando la selecciono, entonces el sistema copia sus valores sugeridos a una ficha nueva en estado Borrador, editable en todos sus campos.
3. Dado que la ficha se creo desde una plantilla, cuando reviso su historial, entonces el sistema registra que se origino desde esa plantilla especifica, con el nombre de la plantilla.
4. Dado que la ficha se creo desde una plantilla, cuando intento marcarla directamente como Vigente sin pasar por En revision y aprobacion, entonces el sistema rechaza ese cambio de estado directo.
5. Dado que se crea una ficha desde una plantilla, cuando la creacion se completa, entonces el sistema asigna una tarea en MOD-021 al Responsable de area sugerido por la plantilla para completar la ficha.","- Elegir una plantilla copia sus valores sugeridos a una ficha nueva en Borrador, editable en su totalidad (seccion D.6).
- El sistema deja constancia en el historial de que la ficha se origino desde una plantilla y cual (seccion D.6).","5","R1","17","HU-006-01","MOD-021","No","","Contenido completo de al menos 20 tratamientos plantilla (seccion D.6): nombre, area tipica, finalidad sugerida, categorias de titulares y de datos, base de licitud sugerida, origen tipico, sistema tipico, retencion sugerida y riesgo inicial sugerido, validado por el equipo legal o de contenido antes de publicarse","No","","MOD-006 D.6, K, Q fila Biblioteca inicial de tratamientos plantilla"
"HU-006-16","Historia","EP-006","RAT y Mapa de Datos","MOD-006","Crear automaticamente una ficha desde una respuesta del Diagnostico","Responsable de area (RRHH, Marketing, Operaciones, etc.)","Como Responsable de area (RRHH, Marketing, Operaciones, etc.), quiero que el sistema cree automaticamente una ficha en Borrador cuando mi respuesta en el Diagnostico corresponde a una plantilla de la biblioteca, para empezar a completar el RAT sin tener que crear la ficha manualmente desde cero.","1. Dado que respondo el Diagnostico y mi respuesta corresponde a una plantilla de la biblioteca, cuando cierro esa seccion del Diagnostico, entonces el sistema crea automaticamente una ficha en Borrador a partir de esa plantilla.
2. Dado que se crea la ficha automaticamente, cuando la creacion se completa, entonces el sistema asigna una tarea en MOD-021 al Responsable de area sugerido y enlaza el disparador del diagnostico en el historial de la ficha.
3. Dado que mi organizacion desactivo la creacion automatica desde el Diagnostico, cuando respondo una pregunta que normalmente dispara una ficha, entonces el sistema no crea la ficha automaticamente y deja la creacion manual disponible.
4. Dado que ya existe una ficha Vigente o en Borrador para el mismo tratamiento sugerido, cuando respondo de nuevo esa pregunta del Diagnostico, entonces el sistema no duplica la ficha.","- Una respuesta del diagnostico que corresponde a una plantilla de la biblioteca crea automaticamente una ficha en Borrador (seccion G.9).
- La empresa puede desactivar la creacion automatica y crear la ficha manualmente (seccion G.9).","5","R1","17","HU-006-15","MOD-004, MOD-021","No","OBL-DOC-02","","No","","MOD-006 G.9, E fila Tarea completar ficha de tratamiento, L"
"HU-006-17","Historia","EP-006","RAT y Mapa de Datos","MOD-006","Exportar el RAT consolidado y el paquete de evidencia con verificacion de integridad","Delegado de Proteccion de Datos (o Responsable interno, si aplica el estado FUTURO)","Como Delegado de Proteccion de Datos (o Responsable interno, si aplica el estado FUTURO), quiero exportar el listado completo del RAT filtrado por area, estado, base de licitud o riesgo, y generar el paquete de evidencia con un mecanismo de verificacion de integridad, para entregar una prueba confiable del cumplimiento de OBL-DOC-02 a un auditor o a la ACE.","1. Dado que exporto el RAT consolidado, cuando elijo los filtros de area, estado, base de licitud y sensibilidad, entonces el sistema genera el archivo en PDF y en CSV con solo las fichas que cumplen esos filtros.
2. Dado que exporto el paquete de evidencia del RAT, cuando la exportacion se completa, entonces el sistema entrega un archivo ZIP con el RAT, el historial de cambios y las aprobaciones, mas un archivo de verificacion de integridad que permite comprobar despues que no fue alterado.
3. Dado que exporto el RAT o el paquete de evidencia, cuando la exportacion se completa, entonces el sistema registra en el historial y en el AuditLog transversal mi identidad, la fecha y que se exporto.
4. Dado que tengo el rol Responsable de area o Usuario de consulta, cuando intento exportar el RAT completo o el paquete de evidencia, entonces el sistema deniega la accion porque esa exportacion exige rol Administrador, Delegado o Legal/Compliance.
5. Dado que soy Auditor externo (invitado), cuando intento exportar, entonces el sistema solo me permite exportar lo que se me compartio explicitamente, nunca el RAT completo.","- Exportar el RAT completo o el paquete de evidencia exige rol Administrador, Delegado o Legal/Compliance, nunca un Responsable de area por si solo (seccion C).
- Todo paquete de evidencia exportado incluye un mecanismo propio de verificacion de integridad (anti-feature 25).","8","R1","17","HU-006-10","EP-000","No","OBL-DOC-02, OBL-PRIN-03","Texto de descargo estandar del paquete de evidencia y del RAT exportado, validado por el equipo legal o de contenido","No","","MOD-006 E, J, N, C fila Exportar RAT / paquete de evidencia"
"HU-006-18","Historia","EP-006","RAT y Mapa de Datos","MOD-006","Consultar el Mapa de Datos como vista tabular del RAT","Responsable Legal / Compliance","Como Responsable Legal / Compliance, quiero ver el recorrido de cada tratamiento (origen, sistema, area, proveedor, pais, eliminacion) como una tabla filtrable sobre la misma informacion del RAT, para detectar de un vistazo donde esta cada dato sin depender de un diagrama interactivo.","1. Dado que abro el Mapa de Datos, cuando lo consulto, entonces el sistema muestra una tabla con origen, sistema, area, proveedor si existe, pais y plazo de conservacion de cada ficha, calculada en tiempo real a partir del RAT.
2. Dado que filtro el Mapa de Datos por area, pais o tipo de sistema, cuando aplico el filtro, entonces el sistema muestra solo las filas que cumplen ese filtro.
3. Dado que el Mapa de Datos es una vista tabular en este MVP, cuando lo abro, entonces el sistema no ofrece un diagrama interactivo navegable, solo la tabla y su exportacion como PDF o CSV.
4. Dado que tengo el rol Titular o Usuario de consulta, cuando intento abrir el Mapa de Datos, entonces el sistema deniega el acceso porque nunca es visible desde el Portal del Titular ni para ese rol.
5. Dado que tengo el rol Delegado, Legal/Compliance o Auditor interno, cuando abro el Mapa de Datos, entonces el sistema me permite verlo con los mismos permisos de lectura que tengo sobre el RAT.","- El Mapa de Datos se recalcula en tiempo real a partir del RAT, nunca es una base independiente (seccion A).
- Los permisos de lectura del Mapa de Datos siguen exactamente los mismos roles que el RAT (seccion P).","3","R1","16","HU-006-07","","No","","","No","","MOD-006 E fila Mapa de Datos (vista), Q, R.4, seccion P"
"HU-006-19","Historia","EP-006","RAT y Mapa de Datos","MOD-006","Vincular los encargados del tratamiento a la ficha","Responsable de area (RRHH, Marketing, Operaciones, etc.)","Como Responsable de area (RRHH, Marketing, Operaciones, etc.), quiero enlazar a la ficha el o los proveedores tipo Encargado que procesan estos datos por cuenta de mi empresa, para que quede claro que tratamiento delega mi empresa a cada proveedor externo.","1. Dado que uno de los sistemas vinculados a mi ficha es de tipo SaaS externo, cuando guardo la ficha, entonces el sistema sugiere automaticamente el proveedor asociado a ese sistema desde el catalogo de MOD-009.
2. Dado que un sistema vinculado es externo y no enlazo ningun encargado, cuando intento enviar la ficha a aprobacion, entonces el sistema bloquea el envio porque el campo es obligatorio en ese caso.
3. Dado que enlazo un encargado a la ficha, cuando la ficha pasa a Vigente, entonces el sistema notifica a MOD-009 para verificar que exista un contrato o DPA vigente con ese encargado, y crea una tarea si no existe.
4. Dado que la ficha con un encargado enlazado se archiva, cuando el archivado se completa, entonces MOD-009 recibe la alerta de que el tratamiento de origen se archivo, sin que eso borre el enlace historico.
5. Dado que ningun sistema vinculado es externo, cuando guardo la ficha sin enlazar ningun encargado, entonces el sistema lo permite porque el campo es opcional en ese caso.","- Encargados del tratamiento es opcional en Borrador y obligatorio si algun sistema vinculado es externo (seccion D.1).
- Si el sistema es SaaS externo, el sistema sugiere automaticamente el proveedor asociado (seccion D.1).","3","R2","8","HU-006-07, HU-006-10","MOD-009","Si","OBL-PROV-01","","No","","MOD-006 D.1 fila Encargados del tratamiento involucrados, G.10, L"
"HU-006-20","Historia","EP-006","RAT y Mapa de Datos","MOD-006","Vincular controles de seguridad y bloquear el paso a Vigente sin control en dato sensible","Responsable de Seguridad / IT","Como Responsable de Seguridad / IT, quiero enlazar a la ficha los controles de seguridad del catalogo de MOD-015 que protegen ese tratamiento, para dejar evidencia de que un dato sensible como la informacion biometrica esta protegido antes de que el tratamiento quede Vigente.","1. Dado que la ficha tiene marcada la categoria Informacion biometrica y no tiene ningun control de MOD-015 enlazado, cuando alguien intenta aprobarla, entonces el sistema bloquea el paso a Vigente con la alerta Dato biometrico sin control de seguridad enlazado.
2. Dado que enlazo al menos un control de tipo cifrado o control de acceso a una ficha con dato sensible, cuando intento aprobarla despues, entonces el sistema ya no bloquea la aprobacion por falta de control.
3. Dado que la ficha no tiene ninguna categoria de dato sensible marcada, cuando la envio a aprobacion sin enlazar controles de seguridad, entonces el sistema no exige ese campo.
4. Dado que enlazo un control de MOD-015 a la ficha, cuando lo guardo, entonces el sistema registra la fecha del enlace en el historial de la ficha.
5. Dado que tengo el rol Responsable de area, cuando intento enlazar un control de seguridad a la ficha, entonces el sistema me permite proponerlo, pero solo Responsable de Seguridad/IT, Legal/Compliance, Delegado o Administrador pueden confirmarlo como enlazado.","- Controles de seguridad es opcional en Borrador y obligatorio para pasar a Vigente; si hay dato sensible, exige al menos un control de tipo cifrado o control de acceso (seccion D.1).
- Sin ese control enlazado, la ficha con dato biometrico no puede pasar a Vigente (seccion I, alerta Dato biometrico sin control de seguridad enlazado).","5","R2","9","HU-006-10","MOD-015","Si","OBL-SEG-02","","No","","MOD-006 D.1 fila Controles de seguridad aplicados, seccion I fila Dato biometrico sin control de seguridad enlazado"
"HU-007-01","Historia","EP-007","Consentimiento","MOD-007","Registrar el consentimiento general de un titular para una finalidad del RAT","Responsable de area (RRHH, Marketing, Operaciones, etc.)","Como Responsable de area (RRHH, Marketing, Operaciones, etc.), quiero presentar el aviso vigente y registrar el consentimiento de un titular para una finalidad de tratamiento que el RAT ya declaro con base Consentimiento, dejando un registro con el snapshot del texto y de la version del aviso, para poder demostrar despues que la persona acepto de forma expresa e informada, tal como exige la carga de la prueba de la ley.","1. Dado un tratamiento Vigente en el RAT con base juridica Consentimiento y al menos una finalidad declarada, cuando el Responsable de area inicia una nueva captura, entonces el sistema muestra unicamente los tratamientos y finalidades que el RAT ya marco con esa base juridica.
2. Dado que el sistema toma el texto exacto presentado y la version del Aviso de Privacidad publicada en MOD-008 en el momento de la captura, cuando el registro pasa a estado Vigente, entonces ambos quedan guardados como snapshot inmutable, por referencia a esa version de MOD-008 y nunca como copia editable, sin sustituirse aunque MOD-008 publique una version posterior.
3. Dado que el titular acepta el consentimiento presentado, cuando el Responsable de area guarda el registro, entonces el estado cambia de Presentado a Vigente y se registra fecha, hora y usuario en el historial.
4. Dado que el titular declina el consentimiento presentado, cuando el Responsable de area lo registra, entonces el estado cambia de Presentado a No otorgado y el sistema conserva unicamente la constancia de que se le informo el derecho a no dar el dato, sin guardar el dato del formulario.
5. Dado que el tratamiento seleccionado no tiene ninguna version publicada del Aviso de Privacidad en MOD-008, cuando el Responsable de area intenta iniciar la captura, entonces el sistema bloquea el guardado y genera la alerta CRITICAL Version de Aviso de Privacidad no disponible, dirigida al Delegado o Responsable interno y al Administrador.
6. Dado que el usuario completo los campos obligatorios del formulario, cuando intenta guardarlo, entonces el sistema verifica unicamente que los campos esten completos, nunca la calidad juridica de la redaccion (libre, especifico, informado, expreso, individualizado), y muestra el texto Requiere validacion de la organizacion o asesoria especializada junto al campo del texto de consentimiento.
7. Dado un rol sin permiso de creacion en este modulo, por ejemplo Auditor interno o Usuario de consulta sin tarea asignada, cuando intenta abrir el formulario de captura, entonces el sistema deniega el acceso.","- El tipo de consentimiento se calcula automaticamente segun las categorias de datos heredadas del tratamiento; el usuario no puede bajar el nivel de refuerzo detectado.
- El titular se identifica solo con nombre y un identificador de referencia; no se copian otros campos de su perfil desde el sistema del cliente.
- Las categorias de datos cubiertas se precargan del RAT y no son editables en este modulo.
- El registro es de solo escritura por adicion (append-only); ningun rol puede eliminarlo, solo archivarlo por sustitucion (ver HU-007-06).","5","R2","22","","MOD-006, MOD-008, MOD-022","Si","OBL-CONS-01, OBL-PRIN-01, OBL-CONS-05","Plantilla de clausula de consentimiento general (variables de empresa, finalidad y periodo), validada por la organizacion, ficha MOD-007 seccion K.","Si","","MOD-007 secciones D.1, F.1 fila Presentado, G regla 2, H punto 4, I fila Version de Aviso de Privacidad no disponible"
"HU-007-02","Historia","EP-007","Consentimiento","MOD-007","Generar la tarea de captura de consentimiento cuando el RAT declara la base Consentimiento","Responsable de area (RRHH, Marketing, Operaciones, etc.)","Como Responsable de area (RRHH, Marketing, Operaciones, etc.), quiero que el sistema me cree automaticamente una tarea de captura cuando el RAT marque un tratamiento de mi area con base juridica Consentimiento y aun no exista un registro vigente, para no depender de recordar manualmente que falta pedir el consentimiento de ese tratamiento.","1. Dado que una ficha de tratamiento pasa a Vigente en el RAT con base juridica Consentimiento, cuando no existe todavia un registro Consent en estado Vigente para ese tratamiento y ese titular, entonces el sistema crea en MOD-021 la tarea Capturar consentimiento asignada al Responsable de area del tratamiento, con el tipo de consentimiento requerido segun la categoria de dato heredada.
2. Dado que ya existe un registro Consent en estado Vigente para ese tratamiento y ese titular, cuando el RAT vuelve a confirmar la misma base juridica, entonces el sistema no crea una tarea duplicada.
3. Dado que pasan varios dias desde la creacion del tratamiento sin que exista un registro Consent Vigente ni No otorgado, cuando se cumple el umbral configurado, entonces el sistema genera la alerta INFO Consentimiento pendiente de captura al Responsable de area, con recordatorio semanal mientras siga pendiente.
4. Dado que la alerta INFO sigue activa 15 dias despues de creada, cuando se cumple ese plazo, entonces el sistema la escala al Delegado o Responsable interno.
5. Dado que el Responsable de area registra el consentimiento como Vigente o deja constancia de que el titular declino como No otorgado, cuando guarda ese registro, entonces la tarea y la alerta asociadas se cierran automaticamente.","- El responsable por defecto de la tarea es configurable por la empresa, pero el disparo de la tarea en si no lo es.
- La tarea siempre vive en el Centro de Tareas de MOD-021, nunca dentro de este modulo.","3","R2","25","HU-007-01","MOD-006, MOD-021, MOD-022","No","OBL-CONS-01","","No","","MOD-007 secciones E fila Tarea capturar consentimiento, G regla 1, I fila Consentimiento pendiente de captura"
"HU-007-03","Historia","EP-007","Consentimiento","MOD-007","Registrar un consentimiento reforzado para datos sensibles con firma","Responsable de area (RRHH, Marketing, Operaciones, etc.)","Como Responsable de area (RRHH, Marketing, Operaciones, etc.), quiero registrar el consentimiento de un titular cuando el tratamiento involucra datos sensibles, exigiendo firma y la advertencia del derecho a no proporcionar el dato, para cumplir el requisito reforzado que la ley exige para datos sensibles y poder probarlo despues.","1. Dado que la categoria de dato heredada del tratamiento esta marcada como sensible, cuando se inicia la captura, entonces el sistema calcula automaticamente el Tipo de consentimiento como Sensible reforzado y el usuario no puede cambiarlo a General.
2. Dado un registro en estado Presentado con Tipo Sensible reforzado, cuando el Responsable de area intenta guardarlo como Vigente sin un archivo de firma adjunto, entonces el sistema bloquea el guardado.
3. Dado un registro en estado Presentado con Tipo Sensible reforzado, cuando el Responsable de area intenta guardarlo sin marcar el campo Advertencia de derecho a no proporcionar el dato mostrada, entonces el sistema bloquea el guardado.
4. Dado que el Responsable de area adjunta la firma, autografa escaneada o firma electronica valida, y marca la advertencia, cuando guarda el registro, entonces el estado cambia a Vigente, el archivo queda con hash de integridad, y el evento queda en el historial con usuario y fecha.
5. Dado un registro en Presentado con Tipo Sensible reforzado sin firma adjunta por mas de 2 dias, cuando se cumple ese plazo, entonces el sistema genera la alerta WARNING Consentimiento sensible incompleto al Responsable de area y al Delegado, escalando a Administrador a los 5 dias.
6. Dado que un usuario con permiso de ver un registro sensible abre su archivo de firma, cuando lo consulta, entonces el sistema registra ese acceso de lectura en el historial con usuario, fecha y hora.
7. Dado un rol sin permiso de creacion en este modulo, por ejemplo Aprobador o Auditor interno, cuando intenta registrar un consentimiento sensible, entonces el sistema deniega la accion.","- El nivel de refuerzo detectado automaticamente no puede bajarse a General.
- El sistema nunca guarda el dato sensible en si, solo la constancia de que se pidio y se acepto o declino el consentimiento.","5","R2","25","HU-007-01","","No","OBL-CONS-04, OBL-SENS-02","Plantilla de consentimiento sensible con la advertencia del Art 37 y espacio de firma, validada por la organizacion y por asesoria legal, ficha MOD-007 seccion K.","No","","MOD-007 secciones D.1 campos Tipo de consentimiento, Firma, Advertencia; F.1 fila Presentado a Vigente; G regla 2; I fila Consentimiento sensible incompleto; J; O"
"HU-007-04","Historia","EP-007","Consentimiento","MOD-007","Registrar un consentimiento biometrico con firma y alternativa no biometrica","Responsable de Seguridad / IT","Como Responsable de Seguridad / IT, quiero registrar el consentimiento biometrico de un titular exigiendo firma y advertencia, y dejar constancia de si se ofrecio una alternativa no biometrica, para cumplir el regimen reforzado de datos biometricos y dejar evidencia de la alternativa ofrecida.","1. Dado que la categoria de dato heredada del tratamiento esta marcada como biometrica, cuando se inicia la captura, entonces el sistema calcula automaticamente el Tipo de consentimiento como Biometrico.
2. Dado un registro en Presentado con Tipo Biometrico, cuando el Responsable de Seguridad / IT intenta guardarlo como Vigente sin archivo de firma adjunto o sin marcar la advertencia del Art 37, entonces el sistema bloquea el guardado.
3. Dado un registro en Presentado con Tipo Biometrico, cuando el Responsable de Seguridad / IT lo guarda, entonces el sistema exige completar antes el campo Alternativa no biometrica ofrecida, con su descripcion breve cuando aplica.
4. Dado que se guarda un consentimiento Biometrico con Alternativa no biometrica ofrecida en No, cuando el registro pasa a Vigente, entonces el sistema no bloquea el guardado, pero genera la alerta WARNING Consentimiento biometrico sin alternativa ofrecida al Responsable de area y a Legal, deja una nota de riesgo permanente y visible en el registro, y muestra el texto Requiere validacion de la organizacion o asesoria especializada, porque el sistema no concluye si el consentimiento sigue siendo libre en una relacion de subordinacion.
5. Dado que esa misma alerta se repite para otro registro del mismo tratamiento, cuando se guarda ese segundo caso, entonces el sistema la escala al Delegado o Responsable interno.
6. Dado que se guarda un consentimiento Biometrico, cuando el sistema lo registra, entonces guarda unicamente la constancia de que se pidio el consentimiento, medio, fecha, firma y alternativa ofrecida, nunca la plantilla o el dato biometrico en si.","- La advertencia y la firma para el Tipo Biometrico siguen la misma regla de bloqueo que el Tipo Sensible reforzado.
- La alerta por no ofrecer alternativa no biometrica es informativa, no bloquea el guardado del registro.","5","R2","26","HU-007-01, HU-007-03","","No","OBL-CONS-04, OBL-SENS-02, OBL-SENS-07","","Si","","MOD-007 secciones D.1 campo Alternativa no biometrica ofrecida, F.1, G regla 2, H punto 6, I fila Consentimiento biometrico sin alternativa ofrecida, D parrafo de minimizacion"
"HU-007-05","Historia","EP-007","Consentimiento","MOD-007","Ejecutar el sub-flujo de consentimiento parental para titulares NNA","Responsable de area (RRHH, Marketing, Operaciones, etc.)","Como Responsable de area (RRHH, Marketing, Operaciones, etc.), quiero activar y completar el sub-flujo parental cuando el titular sea nina, nino o adolescente, registrando quien autoriza en su nombre, para cumplir el requisito de consentimiento parental antes de tratar datos de un menor de edad.","1. Dado que el usuario marca Titular es NNA en Si durante la captura, cuando continua el formulario, entonces el sistema activa y exige los campos Nombre del padre, madre o tutor que consiente y Relacion o parentesco declarado antes de permitir guardar.
2. Dado el sub-flujo parental activo, cuando el usuario intenta guardar el registro sin el campo Nombre del padre, madre o tutor completo, entonces el sistema bloquea el guardado por dato obligatorio faltante.
3. Dado el sub-flujo parental activo, cuando el usuario adjunta o no adjunta la Evidencia de la relacion, por ejemplo una partida de nacimiento, entonces el sistema permite continuar en ambos casos, dejando constancia explicita de si se adjunto o no.
4. Dado un consentimiento con Titular es NNA en Si, cuando se guarda como Vigente, entonces el sistema exige el mismo archivo de firma obligatorio que en los tipos Sensible reforzado y Biometrico.
5. Dado el sub-flujo parental activo, cuando el sistema muestra el formulario, entonces incluye de forma visible la nota sobre la tension entre la LPDP y la Ley Crecer Juntos respecto de si un adolescente puede autoconsentir, junto con el texto Requiere validacion de la organizacion o asesoria especializada, sin fijar una regla automatica de edad.
6. Dado que el diagnostico de la organizacion detecto tratamiento de menores de edad, cuando un usuario intenta desactivar el sub-flujo parental para ese tratamiento, entonces el sistema no lo permite, porque esa activacion condicional por dato no es desactivable en ese caso.
7. Dado que el consentimiento parental se guarda, cuando el registro pasa a Vigente, entonces el sistema deja constancia en el historial del nombre y la relacion de quien autorizo, junto con la fecha y el usuario que lo registro.","- El flujo parental completo se pide siempre por criterio conservador, sin una regla automatica de edad.
- La evidencia de la relacion parental es recomendada, no obligatoria, pero su ausencia queda registrada.","5","R2","26","HU-007-01","","No","OBL-CONS-06, OBL-PRIN-04, OBL-CONS-04","Plantilla de consentimiento parental para NNA con lenguaje adaptado a la edad, Art 42, validada por la organizacion y por asesoria legal, ficha MOD-007 seccion K.","Si","PP-JUR-05, PP-UX-03","MOD-007 secciones D.1 campos Titular es NNA y campos parentales, F.1, G regla 3, H punto 2, P riesgo de datos de menores sin evidencia suficiente"
"HU-007-06","Historia","EP-007","Consentimiento","MOD-007","Archivar automaticamente el consentimiento sustituido al otorgarse uno nuevo vigente","Responsable de area (RRHH, Marketing, Operaciones, etc.)","Como Responsable de area (RRHH, Marketing, Operaciones, etc.), quiero que al registrarse un nuevo consentimiento vigente para una finalidad que ya tenia uno, el sistema archive el anterior como Sustituido y lo enlace al nuevo, para conservar el historial completo sin duplicar registros activos ni borrar evidencia.","1. Dado un consentimiento en estado Revocado o Expirado para una finalidad, cuando el titular otorga un nuevo consentimiento vigente para esa misma finalidad, entonces el sistema pasa el registro anterior a estado Sustituido y lo enlaza por referencia al nuevo registro Vigente.
2. Dado un registro que paso a Sustituido, cuando cualquier rol, incluido Administrador, intenta editarlo o eliminarlo, entonces el sistema lo deniega, porque el registro es de solo escritura por adicion.
3. Dado un registro Sustituido, cuando un usuario con permiso de ver consulta el historial del nuevo consentimiento, entonces puede ver la referencia al registro anterior y la fecha en la que quedo archivado.
4. Dado un consentimiento en estado Vigente para una finalidad, cuando el titular otorga un nuevo consentimiento para una finalidad distinta del mismo tratamiento, entonces el sistema crea un registro independiente sin afectar el consentimiento Vigente existente.
5. Dado que un registro paso a Sustituido, cuando se genera ese evento, entonces queda registrado en el historial con fecha y la referencia al registro que lo reemplaza.","- Nunca se sobrescribe ni se borra un registro anterior; solo se archiva por sustitucion.
- El enlace entre el registro Sustituido y el nuevo Vigente debe poder consultarse desde ambos lados.","3","R2","25","HU-007-01","","No","OBL-CONS-05","","No","","MOD-007 seccion F.1 fila Revocado o Expirado a Sustituido, G regla 7, C separacion de funciones"
"HU-007-07","Historia","EP-007","Consentimiento","MOD-007","Marcar como Expirado un consentimiento cuando vence la vigencia declarada en el RAT","Responsable de area (RRHH, Marketing, Operaciones, etc.)","Como Responsable de area (RRHH, Marketing, Operaciones, etc.), quiero que el sistema marque automaticamente como Expirado un consentimiento Vigente cuando se cumple la fecha de vigencia que el RAT declaro para esa finalidad, y me cree una tarea de revision, para no seguir tratando datos bajo un consentimiento cuya vigencia declarada ya vencio.","1. Dado un tratamiento con una fecha de vigencia declarada para una finalidad en el RAT, cuando esa fecha se cumple segun el calendario de MOD-023 y el consentimiento sigue en estado Vigente, entonces el sistema lo marca automaticamente como Expirado.
2. Dado que un consentimiento pasa a Expirado, cuando ocurre esa transicion, entonces el sistema crea en MOD-021 una tarea de revision asignada al Responsable de area del tratamiento.
3. Dado un tratamiento sin fecha de vigencia declarada en el RAT para esa finalidad, cuando pasa el tiempo, entonces el sistema no marca ningun consentimiento como Expirado por esta regla.
4. Dado que la empresa no activo la funcion de vigencias por finalidad, cuando un tratamiento no tiene vigencia declarada, entonces esta automatizacion permanece desactivada para ese tratamiento.
5. Dado un consentimiento que paso a Expirado, cuando un usuario intenta revertirlo manualmente a Vigente, entonces el sistema lo deniega; solo un nuevo consentimiento otorgado por el titular puede sustituirlo.","- La activacion de esta regla por vigencias declaradas por finalidad es configurable por la empresa.
- El calculo de la fecha de vigencia siempre lo hace MOD-023, nunca este modulo.","3","R2","26","HU-007-01","MOD-006, MOD-023, MOD-021","No","OBL-PRIN-01","","No","","MOD-007 seccion F.1 fila Vigente a Expirado, G regla 10"
"HU-007-08","Historia","EP-007","Consentimiento","MOD-007","Registrar la solicitud de revocacion y calcular el plazo de ejecucion","Responsable ARCO-POL / Responsable del tramite","Como Responsable ARCO-POL / Responsable del tramite, quiero registrar la solicitud de revocacion de un consentimiento vigente y que el sistema calcule la fecha limite de 5 dias habiles para ejecutarla, para cumplir el plazo legal desde el momento en que la persona pide retirar su consentimiento.","1. Dado un consentimiento en estado Vigente del titular, cuando el Responsable ARCO-POL registra una solicitud de revocacion indicando el canal por el que llego, entonces el sistema crea un registro ConsentWithdrawal en estado Recibida.
2. Dado que se crea el registro en Recibida, cuando se guarda, entonces el sistema calcula la Fecha limite para ejecutar como la fecha de recepcion mas 5 dias habiles, usando el calendario de MOD-023.
3. Dado que se crea el registro en Recibida, cuando se guarda, entonces el sistema crea en MOD-021 la tarea de ejecucion de la revocacion asignada al Responsable ARCO-POL, con copia al Delegado o Responsable interno.
4. Dado que la solicitud se recibio antes por otro canal, por ejemplo una carta fisica, cuando el Responsable ARCO-POL registra el caso, entonces puede editar la Fecha y hora de recepcion de la solicitud para que coincida con el momento real, siempre que no sea una fecha futura.
5. Dado un titular sin ningun consentimiento en estado Vigente, cuando el Responsable ARCO-POL intenta registrar una revocacion para el, entonces el sistema no permite crear el registro.
6. Dado que faltan 2 dias habiles para el limite de los 5 dias habiles, cuando se cumple esa condicion, entonces el sistema genera la alerta WARNING Revocacion proxima a vencer al Responsable ARCO-POL y al Delegado o Responsable interno.","- La revocacion no tiene efecto retroactivo sobre lo ya tratado antes de recibirse.
- El canal de revocacion debe ser tan expedito, sencillo y gratuito como el canal usado para otorgar el consentimiento.","5","R2","26","HU-007-01","MOD-023, MOD-021, MOD-022","No","OBL-CONS-02, OBL-CONS-03","","No","","MOD-007 secciones D.2 campos Fecha de recepcion y Fecha limite, F.2 fila Recibida, G regla 4, I fila Revocacion proxima a vencer"
"HU-007-09","Historia","EP-007","Consentimiento","MOD-007","Validar y ejecutar la revocacion con aprobacion del Delegado o Responsable interno","Delegado de Proteccion de Datos (o Responsable interno, si aplica el estado FUTURO)","Como Delegado de Proteccion de Datos (o Responsable interno, si aplica el estado FUTURO), quiero aprobar y ejecutar una solicitud de revocacion recibida, dejando de tratar el dato para esa finalidad, para cumplir el plazo de 5 dias habiles y dejar constancia de quien autorizo el cierre del tratamiento.","1. Dado un registro ConsentWithdrawal en estado Recibida, cuando el Delegado o Responsable interno vigente segun MOD-024 valida y aprueba la ejecucion, entonces el sistema cambia el estado a Ejecutada, registra la Fecha de ejecucion real y actualiza el Consent de origen a Revocado.
2. Dado que el sistema arma la lista de posibles aprobadores, cuando la muestra, entonces solo incluye usuarios con el rol vigente segun la bandera regimen_reforma_659 de MOD-024, Delegado si esta en ACTUAL, Responsable interno si esta en FUTURO.
3. Dado un rol distinto de Delegado o Responsable interno, por ejemplo Responsable ARCO-POL o Responsable de area, cuando intenta ejecutar la revocacion sin la aprobacion correspondiente, entonces el sistema deniega la accion.
4. Dado que la revocacion involucra datos sensibles o un posible reclamo ante la Direccion de Proteccion de Datos de la ACE, cuando el Delegado o Responsable interno revisa el caso, entonces el sistema exige su aprobacion explicita antes de continuar y nunca ejecuta ni notifica el cierre de forma automatica.
5. Dado que la Fecha de ejecucion real se registra despues de la Fecha limite para ejecutar, cuando se guarda, entonces el sistema conserva el registro del incumplimiento del plazo en el historial, ademas de la marca Vencida que corresponda.
6. Dado que un expediente de revocacion ya fue cerrado antes de un cambio de la bandera de MOD-024, cuando se consulta despues de ese cambio, entonces conserva el rol que aprobo, Delegado o Responsable interno, segun estaba vigente al momento del cierre, sin recalcularlo con la bandera nueva.","- Quien captura el consentimiento no es, por este solo hecho, quien aprueba su revocacion; la aprobacion siempre es del Delegado o Responsable interno vigente.
- El campo Persona que aprueba y ejecuta nunca se guarda en cache; se recalcula en cada revocacion nueva segun la bandera de MOD-024.","5","R2","26","HU-007-08","MOD-002, MOD-024","No","OBL-CONS-03","","Si","","MOD-007 secciones D.2 campo Persona que aprueba y ejecuta, F.2 fila Recibida a Ejecutada, G regla 9, H punto 7, C separacion de funciones"
"HU-007-10","Historia","EP-007","Consentimiento","MOD-007","Notificar la revocacion al encargado o cerrar el expediente cuando no aplica","Delegado de Proteccion de Datos (o Responsable interno, si aplica el estado FUTURO)","Como Delegado de Proteccion de Datos (o Responsable interno, si aplica el estado FUTURO), quiero aprobar el envio de la notificacion de revocacion a cada encargado asociado al tratamiento, o confirmar que no aplica cuando no hay encargados, dentro del segundo plazo de 5 dias habiles, para cumplir el segundo tramo del plazo legal y cerrar el expediente con evidencia completa.","1. Dado un registro ConsentWithdrawal en estado Ejecutada cuyo tratamiento tiene al menos un encargado registrado en MOD-009, cuando se identifica esa condicion, entonces el sistema calcula la Fecha limite de notificacion como la fecha de ejecucion mas 5 dias habiles y crea en MOD-021 la tarea Notificar la revocacion al encargado.
2. Dado el borrador de notificacion al encargado ya redactado por el sistema, cuando el Delegado o Responsable interno no ha dado su aprobacion explicita, entonces el sistema no envia la notificacion, porque la emision final requiere esa aprobacion humana.
3. Dado que el Delegado o Responsable interno aprueba el envio y se registra la evidencia de esa notificacion, cuando se confirma, entonces el estado cambia de Ejecutada a Encargado notificado y despues a Cerrada.
4. Dado un registro ConsentWithdrawal en Ejecutada cuyo tratamiento no tiene ningun encargado registrado en MOD-009, cuando el sistema lo detecta, entonces marca el campo Encargados a notificar como no aplica de forma automatica y justificada, y permite cerrar el expediente con la confirmacion del Responsable ARCO-POL, sin pasar por Encargado notificado.
5. Dado un tratamiento con encargados asociados en MOD-009, cuando el Responsable ARCO-POL o el Delegado intentan cerrar el expediente sin marcar cada encargado como notificado o como no aplica justificado, entonces el sistema bloquea el cierre.
6. Dado que faltan 2 dias habiles para el limite de los 5 dias habiles adicionales, cuando se cumple esa condicion, entonces el sistema genera la alerta WARNING Notificacion a encargado proxima a vencer al Responsable de Seguridad / IT y al Delegado o Responsable interno.
7. Dado que el expediente se cierra, cuando se completa el ultimo paso aplicable, entonces el sistema deja la evidencia completa, constancia de notificacion o de no aplicabilidad, disponible para MOD-019.","- Si MOD-009 aun no tiene registrado un encargado real del tratamiento, el sistema no bloquea la revocacion: la marca para verificar manualmente y crea una tarea de alta en MOD-009 antes de permitir cerrar el expediente como completo.
- La emision de la notificacion al encargado nunca es automatica; siempre requiere la aprobacion explicita del Delegado o Responsable interno.","8","R2","26","HU-007-09","MOD-009, MOD-023, MOD-021","No","OBL-CONS-03","Plantilla de notificacion de revocacion al encargado, validada por la organizacion, ficha MOD-007 seccion K.","No","","MOD-007 secciones D.2 campos Encargados a notificar y Fecha limite de notificacion, F.2 filas Ejecutada a Encargado notificado a Cerrada y Ejecutada sin encargados a Cerrada, G regla 5, H punto 7, I filas de notificacion a encargado, L cuando MOD-009 no tiene el encargado registrado"
"HU-007-11","Historia","EP-007","Consentimiento","MOD-007","Marcar como Vencida una revocacion que supera su plazo sin avanzar","Delegado de Proteccion de Datos (o Responsable interno, si aplica el estado FUTURO)","Como Delegado de Proteccion de Datos (o Responsable interno, si aplica el estado FUTURO), quiero que el sistema marque automaticamente como Vencida una revocacion que supero el plazo de ejecucion o el de notificacion al encargado sin avanzar de estado, y escale la alerta, para intervenir de inmediato y dejar constancia del incumplimiento del plazo legal.","1. Dado un registro ConsentWithdrawal en Recibida, Ejecutada o Encargado notificado, cuando se supera la fecha limite correspondiente, de ejecucion o de notificacion al encargado, sin que el expediente avance de estado, entonces el sistema anade la marca Vencida sin bloquear que el expediente siga avanzando despues.
2. Dado que se supera el plazo de 5 dias habiles de ejecucion sin ejecutar, cuando se cumple esa condicion, entonces el sistema genera la alerta CRITICAL Revocacion vencida al Delegado o Responsable interno y al Administrador, con resumen en el dashboard de Gerencia.
3. Dado que se supera el plazo de 5 dias habiles adicionales de notificacion al encargado, cuando se cumple esa condicion, entonces el sistema genera la alerta CRITICAL Notificacion a encargado vencida al Delegado o Responsable interno y al Administrador.
4. Dado un expediente marcado Vencida, cuando finalmente se ejecuta la revocacion o se notifica al encargado, entonces la alerta CRITICAL se apaga, pero la marca Vencida permanece visible de forma permanente en el historial del expediente.
5. Dado un expediente marcado Vencida, cuando cualquier rol, incluido Administrador, intenta quitar esa marca manualmente, entonces el sistema lo deniega, porque solo se genera y se conserva de forma automatica.
6. Dado un expediente que avanza de estado dentro del plazo correspondiente, cuando se evalua la condicion de vencimiento, entonces el sistema no genera la marca Vencida ni la alerta CRITICAL para ese expediente.","- El calculo de ambos plazos siempre lo hace MOD-023; este modulo nunca reimplementa el calendario de dias habiles.
- La marca Vencida es acumulativa e historica: no desaparece aunque el expediente se resuelva despues.","5","R2","26","HU-007-08, HU-007-09, HU-007-10","MOD-023, MOD-022","No","OBL-CONS-03","","No","","MOD-007 secciones F.2 nota de Vencida, G regla 6, I filas Revocacion vencida y Notificacion a encargado vencida"
"HU-007-12","Historia","EP-007","Consentimiento","MOD-007","Exportar los listados basicos de consentimientos y de revocaciones","Responsable Legal / Compliance","Como Responsable Legal / Compliance, quiero exportar el listado de consentimientos vigentes, el de revocaciones procesadas y el de consentimientos sensibles o biometricos, con filtros basicos, para usarlos como evidencia en la auditoria anual y en la respuesta a un reclamo.","1. Dado que existen registros Consent, cuando el Responsable Legal / Compliance exporta el reporte Consentimientos vigentes, entonces el sistema genera un archivo XLSX o CSV con finalidad, tipo, fecha y version del aviso, filtrable por tratamiento, finalidad, tipo y rango de fechas.
2. Dado que existen registros ConsentWithdrawal, cuando se exporta el reporte Revocaciones procesadas, entonces el sistema genera un archivo XLSX o CSV con las fechas de recepcion, ejecucion y notificacion, e indica si cada una cumplio su plazo, filtrable por rango de fechas y por estado, a tiempo o vencida.
3. Dado registros con Tipo Sensible reforzado, Biometrico o Parental, cuando se exporta el reporte Consentimientos sensibles y biometricos, entonces el sistema genera un archivo XLSX filtrable por tipo y por area, con el estado de la Alternativa no biometrica ofrecida cuando aplica.
4. Dado un rol sin permiso de exportar en este modulo, por ejemplo Responsable de area o Responsable de Seguridad / IT, cuando intenta exportar cualquiera de estos reportes, entonces el sistema lo deniega.
5. Dado que se genera cualquiera de estos tres reportes, cuando se completa la exportacion, entonces el sistema registra el evento en el historial, quien, cuando y que reporte, y lo deja disponible para el paquete de evidencia de MOD-019.
6. Dado que el Auditor interno exporta cualquiera de estos reportes, cuando lo hace, entonces el sistema lo permite en modo de solo lectura, sin habilitarle ninguna accion de creacion o modificacion.","- Esta es la version basica del reporte; los filtros avanzados y la analitica de tendencias quedan fuera del MVP.
- Todo indicador que resuma estos datos se muestra como estado del programa, nunca como porcentaje de cumplimiento legal.","3","R2","26","HU-007-01, HU-007-08","MOD-019","No","OBL-CONS-05","","No","","MOD-007 seccion N filas Consentimientos vigentes, Revocaciones procesadas y Consentimientos sensibles y biometricos; seccion C fila Exportar"
"HU-007-13","Historia","EP-007","Consentimiento","MOD-007","Exportar el expediente individual de un consentimiento con verificacion de integridad","Delegado de Proteccion de Datos (o Responsable interno, si aplica el estado FUTURO)","Como Delegado de Proteccion de Datos (o Responsable interno, si aplica el estado FUTURO), quiero exportar el expediente completo de un consentimiento especifico, con su snapshot, version del aviso, archivo de firma, historial de estados y verificacion de integridad, para responder con evidencia verificable a un reclamo del titular o a una consulta de la ACE.","1. Dado un registro Consent especifico, cuando el Delegado o Responsable interno exporta su expediente individual, entonces el sistema genera un documento con el texto exacto presentado, la version del Aviso de Privacidad referenciada, el archivo de firma o evidencia de aceptacion, y el historial completo de estados con fecha, hora y usuario.
2. Dado que se genera el expediente individual, cuando se completa el archivo, entonces incluye un hash o firma verificable de integridad, para poder demostrar despues que no fue alterado.
3. Dado un registro Consent en estado Presentado sin snapshot de texto ni version de aviso completos, cuando se intenta exportar su expediente individual, entonces el sistema no genera un expediente valido, porque los datos probatorios minimos aun no existen.
4. Dado que se genera un expediente individual, cuando se completa la exportacion, entonces el sistema registra el evento en el historial, quien lo exporto, cuando y para que caso, y lo deja disponible para el Centro de Evidencias de MOD-019.
5. Dado un rol sin permiso de exportar en este modulo, por ejemplo Responsable de area o Titular, cuando intenta exportar un expediente individual, entonces el sistema lo deniega.
6. Dado que el expediente incluye el archivo de firma o el documento de relacion parental de un caso NNA, cuando el Delegado o Responsable interno lo consulta antes de exportar, entonces el sistema registra ese acceso de lectura en el historial, por tratarse de un adjunto sensible.","- El expediente exportado es parte del paquete de evidencia hacia MOD-019.
- La verificacion de integridad debe poder validarse de forma independiente, sin depender de este modulo.","5","R2","27","HU-007-01","MOD-019","No","OBL-CONS-05","","No","","MOD-007 seccion N fila Expediente individual de consentimiento, J evidencia y exportacion firmada, O accesos de lectura y exportaciones"
"HU-008-01","Historia","EP-008","Documentos y Politicas","MOD-008","Configurar el catalogo de tipos de documento y la cadena de aprobacion por tipo","Administrador de la organizacion","Como Administrador de la organizacion, quiero configurar, para cada tipo de documento del catalogo, la lista de roles que deben aprobarlo antes de publicarse, y ampliar el catalogo con tipos adicionales cuando mi empresa los necesite, para que ningun documento se publique sin pasar por los revisores que mi empresa decidio, y que el catalogo se adapte a los documentos internos que mi empresa quiera gestionar.","1. Dado que reviso el catalogo de tipos de documento, cuando lo abro, entonces veo los cuatro tipos fijos (Politica de Proteccion de Datos, Politica de Privacidad, Aviso de Privacidad, Procedimiento ARCO-POL) mas los tipos que haya agregado, sin poder eliminar ni renombrar los cuatro tipos fijos.
2. Dado que agrego un tipo nuevo al catalogo extensible (Plantilla interna u Otro documento regulatorio), cuando indico un nombre, entonces el sistema lo agrega a la lista de tipos disponibles para crear documentos, sin afectar los documentos ya creados de otros tipos.
3. Dado que configuro la cadena de aprobacion de un tipo de documento, cuando selecciono uno o varios roles disponibles en MOD-001 como aprobadores, entonces el sistema guarda esa cadena y la aplica a toda version futura de ese tipo de documento.
4. Dado que el tipo es Aviso de Privacidad o Politica de Privacidad, cuando intento guardar una cadena de aprobacion vacia, entonces el sistema no permite guardar y muestra que ese tipo exige al menos un rol aprobador distinto del autor.
5. Dado que edito la cadena de aprobacion de un tipo de documento, cuando guardo el cambio, entonces el sistema registra en el historial quien la modifico, el valor anterior y el nuevo valor, y la nueva cadena aplica solo a partir de ese momento.
6. Dado que un usuario con un rol distinto de Administrador intenta abrir la configuracion del catalogo o de la cadena de aprobacion, cuando lo intenta, entonces el sistema deniega el acceso.","- El catalogo fijo de 4 tipos no es editable ni eliminable.
- La cadena de aprobacion de Aviso de Privacidad y Politica de Privacidad exige al menos un rol aprobador distinto del autor.
- Los cambios de cadena de aprobacion quedan en el historial con el valor anterior y el nuevo.","3","R1","12","","MOD-001","Si","","","No","","MOD-008 secciones C, D (fila Cadena de aprobacion aplicable) y F"
"HU-008-02","Historia","EP-008","Documentos y Politicas","MOD-008","Crear y editar el borrador de un documento a partir de la plantilla de su tipo","Responsable Legal / Compliance","Como Responsable Legal / Compliance, quiero crear un documento nuevo eligiendo su tipo y editar su contenido a partir de la plantilla precargada con las variables de mi organizacion, para iniciar cada documento regulatorio sin partir de una pagina en blanco y sin volver a escribir a mano los datos que ya existen en el sistema.","1. Dado que elijo un tipo de documento del catalogo y un nombre entre 3 y 120 caracteres que no este en uso por otro documento vigente del mismo tipo, cuando confirmo la creacion, entonces el sistema crea el documento en BORRADOR con su primera DocumentVersion, precargada con la plantilla del tipo elegido y con la razon social, los datos de contacto y el nombre del Delegado o Responsable interno vigente resueltos automaticamente.
2. Dado que intento crear un documento con un nombre ya usado por otro documento vigente del mismo tipo, o con menos de 3 o mas de 120 caracteres, cuando confirmo, entonces el sistema no crea el documento y muestra el error correspondiente.
3. Dado que el documento esta en BORRADOR, cuando modifico su contenido, entonces el sistema guarda el cambio sobre la version en curso y registra en el historial que el contenido se modifico, con usuario y fecha.
4. Dado que reviso las variables precargadas (razon social, contacto, Delegado o Responsable interno), cuando intento editarlas directamente en el documento, entonces el sistema no lo permite y me indica que se corrigen en Organizacion o en Delegado.
5. Dado que adjunto un archivo de respaldo en PDF o DOCX de hasta 10 MB, cuando lo subo, entonces el sistema lo guarda vinculado a la version en curso.
6. Dado que intento adjuntar un archivo de mas de 10 MB o de un formato distinto de PDF o DOCX, cuando lo subo, entonces el sistema rechaza el archivo y muestra el error.
7. Dado que un usuario con rol Responsable de area, Auditor o Usuario de consulta intenta crear o editar un documento, cuando lo intenta, entonces el sistema deniega la accion.","- El nombre es unico dentro del mismo tipo mientras el documento este vigente.
- Las variables precargadas son de solo lectura dentro del documento.
- El archivo adjunto es opcional, PDF o DOCX, maximo 10 MB.
- Editar el contenido de un borrador no crea una version formal nueva.","3","R1","13","","MOD-001, MOD-002","Si","OBL-AVISO-01, OBL-AVISO-05, OBL-DOC-01","Plantilla de Politica de Proteccion de Datos validada por abogado
Plantilla de Politica de Privacidad validada por abogado
Plantilla de Aviso de Privacidad validada por abogado, con el checklist de los 9 literales integrado
Plantilla de Procedimiento ARCO-POL validada por abogado","Si","","MOD-008 secciones D, E, F (transiciones Crear documento y Editar contenido) y G regla 6"
"HU-008-03","Historia","EP-008","Documentos y Politicas","MOD-008","Completar el checklist de los nueve literales del Art. 24 en el Aviso de Privacidad","Responsable Legal / Compliance","Como Responsable Legal / Compliance, quiero marcar, para cada uno de los nueve literales del Art. 24, si el Aviso de Privacidad los cubre, y justificar los que no apliquen, para verificar que el Aviso no omita ninguno de los puntos que la ley exige antes de enviarlo a revision.","1. Dado que abro el checklist de un documento tipo Aviso de Privacidad, cuando lo veo, entonces encuentro las nueve casillas de los literales a) a i) del Art. 24, todas sin marcar en un documento recien creado.
2. Dado que intento marcar como no aplica alguno de los literales a), b), c), d), e) o f), cuando lo intento, entonces el sistema no lo permite porque esos seis literales son siempre exigidos.
3. Dado que marco el literal h) (datos del encargado) como no aplica, cuando lo guardo sin escribir una justificacion breve, entonces el sistema no permite guardar el checklist como completo.
4. Dado que marco el literal h) como aplicable, cuando no indico al menos un encargado (por referencia a MOD-009 si esta disponible, o como texto libre con nombre y contacto mientras no lo este), entonces el sistema no permite guardar el checklist como completo.
5. Dado que marco el literal i) (cookies) como no aplica sin escribir una justificacion breve, cuando lo guardo, entonces el sistema no permite guardar el checklist como completo.
6. Dado que las nueve casillas quedan en un estado valido, cuando reviso el checklist, entonces el sistema lo muestra como completo y habilita enviar el documento a revision.
7. Dado que intento enviar el documento a revision con el checklist incompleto, cuando lo intento, entonces el sistema no permite la transicion y me indica que literales faltan.","- Los literales a) a f) son siempre obligatorios, sin opcion de no aplica.
- Los literales h) e i) admiten no aplica solo con una justificacion breve obligatoria.
- El checklist completo es condicion para enviar el Aviso de Privacidad a revision.","3","R1","17","HU-008-02","","No","OBL-AVISO-01, OBL-AVISO-02, OBL-AVISO-03","Textos de ayuda por literal del Art. 24, validados por abogado, para la tarjeta de ayuda contextual de MOD-026","Si","","MOD-008 seccion D, fila Checklist de contenido minimo Art. 24; seccion L"
"HU-008-04","Historia","EP-008","Documentos y Politicas","MOD-008","Completar el checklist de los cinco elementos del Art. 7 en la Politica de Privacidad y el Aviso de Privacidad","Responsable Legal / Compliance","Como Responsable Legal / Compliance, quiero marcar, para la Politica de Privacidad y para el Aviso de Privacidad, si cada uno de los cinco elementos del Art. 7 esta cubierto, para verificar que ambos documentos informen correctamente el derecho de informacion en la recoleccion antes de enviarlos a revision.","1. Dado que abro el checklist de un documento tipo Politica de Privacidad o Aviso de Privacidad, cuando lo veo, entonces encuentro las cinco casillas (proposito y destinatarios; existencia de la base de datos, respaldos y sitios de contingencia; identidad y contacto de responsable y encargado; contenido de los derechos ARCO-POL y mecanismos para ejercerlos; medidas de seguridad activas), todas sin marcar en un documento recien creado.
2. Dado que intento marcar el checklist como completo con alguna de las cinco casillas sin marcar, cuando lo intento, entonces el sistema no lo permite.
3. Dado que marco las cinco casillas, cuando reviso el checklist, entonces el sistema lo muestra como completo y habilita enviar el documento a revision.
4. Dado que intento enviar a revision un documento tipo Politica de Privacidad o Aviso de Privacidad con este checklist incompleto, cuando lo intento, entonces el sistema no permite la transicion.
5. Dado que el documento es del tipo Politica de Proteccion de Datos o Procedimiento ARCO-POL, cuando reviso su ficha, entonces el sistema no exige este checklist porque solo aplica a Politica de Privacidad y Aviso de Privacidad.","- Las cinco casillas son siempre obligatorias, sin opcion de no aplica.
- El checklist aplica solo a Politica de Privacidad y Aviso de Privacidad.","2","R1","17","HU-008-02","","No","OBL-AVISO-04","Textos de ayuda de los cinco elementos del Art. 7, validados por abogado","Si","","MOD-008 seccion D, fila Cinco elementos del Art. 7"
"HU-008-05","Historia","EP-008","Documentos y Politicas","MOD-008","Enviar un documento a revision y registrar su rechazo con motivo","Responsable Legal / Compliance","Como Responsable Legal / Compliance, quiero enviar un documento en BORRADOR a revision y, si un revisor lo rechaza, ver el motivo para corregirlo, para que el documento pase por la cadena de aprobacion configurada antes de poder publicarse.","1. Dado que el documento esta en BORRADOR con contenido no vacio, y si es Aviso de Privacidad o Politica de Privacidad tiene sus checklists completos, cuando lo envio a revision, entonces el sistema lo pasa a EN_REVISION, crea una tarea de revision en MOD-021 para cada rol de la cadena de aprobacion configurada y envia la alerta correspondiente por MOD-022.
2. Dado que el documento esta en BORRADOR con el contenido vacio, cuando intento enviarlo a revision, entonces el sistema no permite la transicion.
3. Dado que el documento es Aviso de Privacidad o Politica de Privacidad con algun checklist incompleto, cuando intento enviarlo a revision, entonces el sistema no permite la transicion.
4. Dado que el documento esta en EN_REVISION, cuando un rol de la cadena de aprobacion lo rechaza sin escribir un comentario, entonces el sistema no permite registrar el rechazo.
5. Dado que un rol de la cadena de aprobacion rechaza el documento con un comentario de hasta 1000 caracteres, cuando lo registra, entonces el sistema pasa el documento a BORRADOR, notifica al autor con el motivo por MOD-022 y registra el evento en el historial con el comentario.
6. Dado que un usuario que no pertenece a la cadena de aprobacion configurada para ese tipo de documento intenta aprobar o rechazar, cuando lo intenta, entonces el sistema deniega la accion.","- El contenido no vacio y los checklists completos son condicion para enviar a revision.
- El comentario es obligatorio al rechazar.
- Solo los roles de la cadena configurada pueden aprobar o rechazar.","5","R1","13","HU-008-01, HU-008-02","MOD-021, MOD-022","Si","","","No","","MOD-008 seccion F, tabla de transiciones, filas Enviar a revision y Rechazar"
"HU-008-06","Historia","EP-008","Documentos y Politicas","MOD-008","Aprobar un documento en revision segun la cadena configurada","Aprobador","Como Aprobador, quiero aprobar un documento en EN_REVISION cuando todos los roles de la cadena configurada lo hayan aprobado, para que el contenido quede congelado con un hash de integridad y listo para publicarse.","1. Dado que el documento esta en EN_REVISION y todavia falta que uno o mas roles de la cadena aprueben, cuando yo apruebo, entonces el sistema registra mi aprobacion con mi identidad y fecha, pero el documento permanece en EN_REVISION.
2. Dado que el documento esta en EN_REVISION y ya aprobaron todos los roles de la cadena configurada, cuando el ultimo rol aprueba, entonces el sistema pasa el documento a APROBADO, congela el contenido de la version, calcula su hash de integridad y registra la evidencia de cada aprobacion en MOD-019.
3. Dado que el documento es Aviso de Privacidad o Politica de Privacidad y la empresa esta por encima del umbral configurable de separacion de funciones de MOD-001, cuando el autor del borrador intenta aprobar su propia version, entonces el sistema deniega la accion.
4. Dado que el documento es Aviso de Privacidad o Politica de Privacidad y la empresa esta por debajo del umbral configurable, cuando el autor aprueba su propia version, entonces el sistema lo permite mostrando una advertencia visible de autorrevision.
5. Dado que el checklist de contenido minimo del documento no esta completo, cuando se intenta pasar el documento a APROBADO, entonces el sistema no permite la transicion.
6. Dado que el documento pasa a APROBADO, cuando reviso su historial, entonces encuentro la identidad de cada aprobador, la fecha y el hash calculado.","- Todos los roles de la cadena configurada deben aprobar antes de pasar a APROBADO.
- El contenido se congela y se calcula el hash al completarse la aprobacion.
- Separacion de funciones con umbral configurable en MOD-001 y advertencia de autorrevision por debajo del umbral.","5","R1","13","HU-008-05","MOD-001, MOD-019","Si","OBL-PRIN-03","","No","","MOD-008 seccion F, tabla de transiciones, fila Aprobar; seccion C, Separacion de funciones; seccion G regla 4"
"HU-008-07","Historia","EP-008","Documentos y Politicas","MOD-008","Publicar la version aprobada de un documento","Administrador de la organizacion","Como Administrador de la organizacion, quiero publicar una version APROBADA fijando su fecha de vigencia, para que el documento quede como la version vigente y la version anterior quede conservada como historica.","1. Dado que el documento esta en APROBADO y defino una fecha de vigencia no anterior a la fecha de aprobacion, cuando publico, entonces el sistema pasa el documento a PUBLICADO / VIGENTE, genera la evidencia de publicacion (fecha, hora, usuario, hash) en MOD-019 y registra el evento en el historial.
2. Dado que ya existia una version PUBLICADO / VIGENTE del mismo documento, cuando publico la nueva version, entonces el sistema pasa automaticamente la version anterior a HISTORICO sin eliminarla.
3. Dado que intento publicar sin definir la fecha de vigencia, o con una fecha anterior a la fecha de aprobacion, cuando lo intento, entonces el sistema no permite la publicacion.
4. Dado que el tipo del documento es Aviso de Privacidad, cuando la publicacion se completa, entonces el sistema notifica que existe una nueva version de referencia disponible para nuevas capturas de consentimiento.
5. Dado que un rol que la cadena configurada no habilita para publicar intenta publicar, cuando lo intenta, entonces el sistema deniega la accion.
6. Dado que una version esta en HISTORICO, cuando cualquier usuario intenta editarla o eliminarla, entonces el sistema lo deniega porque el registro de solo lectura se conserva un minimo de 10 anios.","- La fecha de vigencia no puede ser anterior a la fecha de aprobacion.
- La version anterior PUBLICADO / VIGENTE pasa automaticamente a HISTORICO al publicar la nueva.
- HISTORICO es un estado terminal de solo lectura que no se elimina.","8","R1","13","HU-008-06","MOD-019","Si","OBL-AVISO-01, OBL-AVISO-05, OBL-RET-04, OBL-RET-06","","No","","MOD-008 seccion F, tabla de transiciones, fila Publicar; seccion G regla 7; seccion J"
"HU-008-08","Historia","EP-008","Documentos y Politicas","MOD-008","Archivar un documento descontinuado con doble aprobacion cuando aplica","Administrador de la organizacion","Como Administrador de la organizacion, quiero archivar un documento PUBLICADO / VIGENTE que la empresa descontinua, con una justificacion y, si es Aviso de Privacidad o Politica de Privacidad, con una segunda aprobacion, para dejar constancia de por que el documento dejo de estar vigente sin perder su contenido.","1. Dado que solicito archivar un documento que no es Aviso de Privacidad ni Politica de Privacidad, cuando escribo la justificacion, entonces el sistema pasa el documento a ARCHIVADO y registra el evento con la justificacion en el historial.
2. Dado que solicito archivar un Aviso de Privacidad o una Politica de Privacidad, cuando escribo la justificacion, entonces el sistema deja la solicitud pendiente de una segunda aprobacion de un rol Delegado de Proteccion de Datos (o Responsable interno) o Administrador distinto de quien solicito.
3. Dado que la segunda persona aprueba la solicitud de archivo, cuando lo hace, entonces el sistema pasa el documento a ARCHIVADO y registra ambas identidades y fechas en el historial.
4. Dado que intento archivar un Aviso de Privacidad o una Politica de Privacidad sin escribir una justificacion, cuando lo intento, entonces el sistema no permite la solicitud.
5. Dado que la misma persona que solicito el archivo de un Aviso de Privacidad o una Politica de Privacidad intenta dar la segunda aprobacion, cuando lo intenta, entonces el sistema deniega la accion.
6. Dado que un documento esta en ARCHIVADO, cuando cualquier usuario intenta editarlo, eliminarlo o reabrirlo, entonces el sistema lo deniega; para retomar el tipo de documento se debe crear uno nuevo.","- La doble aprobacion es obligatoria solo para Aviso de Privacidad y Politica de Privacidad.
- La justificacion es siempre obligatoria al archivar.
- ARCHIVADO es un estado terminal de solo lectura que no se elimina ni se reabre.","5","R1","14","HU-008-07","","Si","OBL-AVISO-01, OBL-AVISO-05, OBL-RET-04","","No","","MOD-008 seccion C, Separacion de funciones; seccion F, tabla de transiciones, fila Archivar"
"HU-008-09","Historia","EP-008","Documentos y Politicas","MOD-008","Iniciar una nueva version de un documento que requiere revision","Responsable Legal / Compliance","Como Responsable Legal / Compliance, quiero iniciar una nueva version de un documento que esta en REQUIERE_REVISION, para redactar la actualizacion sin dejar de mostrar la version vigente mientras la nueva version se revisa y aprueba.","1. Dado que el documento esta en REQUIERE_REVISION, cuando inicio una nueva version, entonces el sistema crea una nueva DocumentVersion en BORRADOR con el contenido de la version vigente como punto de partida, y me pide un motivo de la nueva version de hasta 300 caracteres.
2. Dado que la nueva version esta en BORRADOR, cuando la reviso, entonces la version anterior sigue mostrandose como PUBLICADO / VIGENTE hasta que la nueva complete el ciclo completo hasta Publicar.
3. Dado que intento crear la nueva version sin escribir el motivo, cuando lo intento, entonces el sistema no permite continuar.
4. Dado que el documento no esta en REQUIERE_REVISION, cuando intento iniciar una nueva version por esta via, entonces el sistema no ofrece la accion.","- La version vigente permanece vigente hasta que la nueva version se publique.
- El motivo de la nueva version es obligatorio a partir de la segunda version del documento.","3","R1","14","HU-008-07","","Si","","","No","","MOD-008 seccion F, tabla de transiciones, fila Iniciar nueva version; seccion D, fila Motivo de la nueva version"
"HU-008-10","Historia","EP-008","Documentos y Politicas","MOD-008","Pasar el Aviso de Privacidad vigente a Requiere revision cuando el RAT registra una finalidad nueva","Responsable Legal / Compliance","Como Responsable Legal / Compliance, quiero que el Aviso de Privacidad vigente pase automaticamente a Requiere revision cuando el RAT registra una finalidad de tratamiento nueva sobre datos ya recolectados, para no dejar pasar por alto un cambio que el Aviso podria no estar informando todavia.","1. Dado que existe un Aviso de Privacidad en PUBLICADO / VIGENTE y el RAT (MOD-006) registra una finalidad de tratamiento nueva, cuando el evento llega, entonces el sistema pasa ese Aviso a REQUIERE_REVISION, crea la tarea Actualizar Aviso de Privacidad: nueva finalidad detectada en MOD-021 dirigida a Legal/Compliance (configurable) y envia la alerta correspondiente por MOD-022.
2. Dado que no existe ningun Aviso de Privacidad en PUBLICADO / VIGENTE, cuando el RAT registra una finalidad nueva, entonces el sistema no genera esta tarea especifica porque ya existe la alerta de Aviso sin publicar de HU-008-12.
3. Dado que este disparador se activa, cuando reviso su configuracion, entonces no encuentro forma de desactivarlo, aunque si puedo cambiar el rol destinatario de la tarea.
4. Dado que la tarea Actualizar Aviso de Privacidad: nueva finalidad detectada se crea, cuando la reviso, entonces el sistema muestra el texto de advertencia de que se detecto un posible cambio de finalidad y que debo evaluar si el Aviso requiere actualizarse, sin decidir por si mismo si el cambio exige republicar.","- El disparo no es desactivable.
- El sistema no evalua si el cambio de finalidad es sustancial, solo alerta y crea la tarea.","3","R1","17","HU-008-07","MOD-006, MOD-021, MOD-022","No","OBL-AVISO-04, OBL-AVISO-01","","No","","MOD-008 seccion G regla 1; seccion H; seccion I"
"HU-008-11","Historia","EP-008","Documentos y Politicas","MOD-008","Pasar un documento vigente a Requiere revision al vencer su intervalo de revision periodica","Responsable Legal / Compliance","Como Responsable Legal / Compliance, quiero que el sistema marque un documento vigente como Requiere revision cuando se cumple el intervalo de revision configurado, y me avise antes de que llegue la fecha, para revisar cada documento con la periodicidad que mi empresa definio, aunque nada mas haya cambiado.","1. Dado que configuro un intervalo de revision periodica para un tipo de documento (por defecto 12 meses si no elijo otro valor), cuando se publica una version, entonces el sistema calcula la fecha de proxima revision con el motor de plazos de MOD-023 a partir de esa fecha y el intervalo.
2. Dado que faltan 30 dias para la fecha de proxima revision de un documento PUBLICADO / VIGENTE, cuando se llega a esa marca, entonces el sistema envia la alerta INFO correspondiente al autor original y a Legal/Compliance, y la repite semanalmente en la ultima semana.
3. Dado que se cumple la fecha de proxima revision de un documento PUBLICADO / VIGENTE, cuando llega esa fecha, entonces el sistema lo pasa a REQUIERE_REVISION, crea la tarea de revision en MOD-021 y envia la alerta WARNING correspondiente por MOD-022.
4. Dado que la fecha de proxima revision se pospone con una justificacion registrada, cuando la reviso, entonces el sistema no pasa el documento a REQUIERE_REVISION hasta la nueva fecha.
5. Dado que un documento pasa a REQUIERE_REVISION y transcurren 15 dias sin que se cree una version nueva en BORRADOR, cuando se cumple ese plazo, entonces el sistema escala la alerta al Administrador.","- El intervalo es configurable por tipo de documento, con 12 meses como valor por defecto.
- El plazo lo calcula MOD-023, nunca el propio modulo.
- Escalamiento al Administrador a los 15 dias sin avance.","5","R1","17","HU-008-07","MOD-023, MOD-021, MOD-022","No","","","No","","MOD-008 seccion D, fila Fecha de proxima revision; seccion G regla 5; seccion I"
"HU-008-12","Historia","EP-008","Documentos y Politicas","MOD-008","Alertar cuando no exista un Aviso de Privacidad publicado pese a tratamientos activos","Administrador de la organizacion","Como Administrador de la organizacion, quiero recibir una alerta critica cuando mi empresa ya tenga tratamientos activos registrados pero ningun Aviso de Privacidad publicado, para no dejar a mi empresa operando sin el documento que la ley exige tener siempre vigente.","1. Dado que el Diagnostico o el RAT ya registraron tratamientos activos y no existe ninguna DocumentVersion de tipo Aviso de Privacidad en PUBLICADO / VIGENTE, cuando el sistema evalua esta condicion, entonces envia la alerta CRITICAL Aviso de Privacidad sin publicar al Administrador y al Delegado de Proteccion de Datos por plataforma y correo.
2. Dado que la alerta ya se envio y la condicion sigue sin resolverse, cuando pasa un dia, entonces el sistema la repite diariamente.
3. Dado que transcurren 5 dias habiles sin que exista una version publicada, cuando se cumple ese plazo calculado por MOD-023, entonces el sistema escala la alerta al Aprobador designado.
4. Dado que se publica una version PUBLICADO / VIGENTE de tipo Aviso de Privacidad, cuando esto ocurre, entonces el sistema deja de emitir esta alerta.","- La alerta no es desactivable.
- El escalamiento a los 5 dias habiles se calcula con MOD-023.","2","R1","17","","MOD-022, MOD-023","No","OBL-AVISO-01","","No","","MOD-008 seccion I, fila Aviso de Privacidad sin publicar"
"HU-008-13","Historia","EP-008","Documentos y Politicas","MOD-008","Crear una tarea de revision de avisos publicados cuando cambia el regimen de la reforma 659","Delegado de Proteccion de Datos (o Responsable interno, si aplica el estado FUTURO)","Como Delegado de Proteccion de Datos (o Responsable interno, si aplica el estado FUTURO), quiero recibir una tarea para revisar los avisos de privacidad publicados cuando el Centro Regulatorio cambia la bandera del regimen de ACTUAL a FUTURO, para confirmar si los avisos vigentes siguen mencionando correctamente al Delegado o al Responsable interno, sin que el sistema los reescriba por su cuenta.","1. Dado que existe al menos un Aviso de Privacidad en PUBLICADO / VIGENTE y MOD-024 cambia la bandera regimen_reforma_659 de ACTUAL a FUTURO, cuando el evento llega, entonces el sistema crea la tarea Revisar avisos publicados tras el cambio de regimen en MOD-021 dirigida al Delegado de Proteccion de Datos (o Responsable interno) y envia la alerta WARNING correspondiente por MOD-022.
2. Dado que se crea esta tarea, cuando la reviso, entonces el sistema nunca reescribe ni republica ningun Aviso de Privacidad por si solo.
3. Dado que transcurren 30 dias sin avance sobre la tarea, cuando se cumple ese plazo, entonces el sistema escala la alerta al Administrador.
4. Dado que todos los avisos PUBLICADO / VIGENTE quedan marcados como revisados, con evidencia de confirmacion o de una nueva version publicada, cuando esto ocurre, entonces el sistema deja de emitir esta alerta.
5. Dado que no existe ningun Aviso de Privacidad en PUBLICADO / VIGENTE cuando la bandera cambia, cuando el evento llega, entonces el sistema no crea esta tarea.","- El disparo no es desactivable cuando existe un Aviso de Privacidad vigente.
- El sistema nunca republica automaticamente, solo crea la tarea de revision.","3","R1","17","HU-008-07","MOD-024, MOD-021, MOD-022","No","","","No","","MOD-008 seccion G regla 3; seccion H; seccion I, fila Cambio de regimen 659"
"HU-008-14","Historia","EP-008","Documentos y Politicas","MOD-008","Adjuntar evidencia de publicacion de un documento","Responsable Legal / Compliance","Como Responsable Legal / Compliance, quiero adjuntar la evidencia de que un documento publicado quedo efectivamente disponible, por ejemplo la referencia de la URL donde se coloco el Aviso, para reforzar la prueba de que el documento no solo se aprobo, sino que la empresa lo puso a disposicion de los titulares.","1. Dado que un documento esta en PUBLICADO / VIGENTE o en HISTORICO, cuando adjunto una referencia o un archivo como evidencia de publicacion, entonces el sistema la guarda vinculada a esa version junto con la evidencia de publicacion que ya genero automaticamente (fecha, hora, usuario, hash).
2. Dado que adjunto esta evidencia, cuando reviso el historial del documento, entonces encuentro el evento registrado con usuario y fecha.
3. Dado que un usuario con rol Responsable de area, Seguridad/IT, Auditor o Usuario de consulta intenta adjuntar esta evidencia, cuando lo intenta, entonces el sistema deniega la accion.
4. Dado que el documento todavia no alcanzo el estado PUBLICADO / VIGENTE, cuando intento adjuntar evidencia de publicacion, entonces el sistema no ofrece la accion.","- La evidencia adjunta complementa, nunca sustituye, la evidencia de publicacion que el sistema genera automaticamente al publicar.","2","R1","13","HU-008-07","MOD-019","Si","","","No","","MOD-008 seccion C, fila Adjuntar evidencia de publicacion; seccion E"
"HU-008-15","Historia","EP-008","Documentos y Politicas","MOD-008","Exportar la version vigente de un documento a PDF","Responsable Legal / Compliance","Como Responsable Legal / Compliance, quiero exportar a PDF la version vigente de un documento, o una version historica especifica, para entregar el documento fuera del sistema cuando mi empresa lo necesite, por ejemplo para una auditoria.","1. Dado que elijo un documento y su version PUBLICADO / VIGENTE, cuando exporto, entonces el sistema genera un PDF con el contenido completo de esa version y registra el evento de exportacion en el historial con usuario, fecha y version exportada.
2. Dado que elijo una version HISTORICO o ARCHIVADO, cuando exporto, entonces el sistema genera el PDF de esa version exacta, sin mezclarla con el contenido de otra version.
3. Dado que un usuario con rol Administrador, Legal/Compliance, Delegado o Auditor exporta un documento, cuando lo hace, entonces el sistema lo permite segun lo que ese rol puede ver.
4. Dado que un usuario con rol Responsable de area o Usuario de consulta intenta exportar, cuando lo intenta, entonces el sistema deniega la accion.
5. Dado que reviso el PDF exportado en el MVP, cuando lo verifico, entonces el sistema no lo presenta como un paquete con integridad verificable porque esta version incluye solo la exportacion simple a PDF.","- La exportacion del MVP es un PDF simple, sin el paquete de verificacion de integridad.
- Toda exportacion queda registrada en el historial.","2","R1","14","HU-008-07","","Si","","","No","","MOD-008 seccion C, fila Exportar; seccion E, fila Paquete de exportacion; seccion Q"
"HU-008-16","Historia","EP-008","Documentos y Politicas","MOD-008","Consultar el inventario de documentos regulatorios y el historial de versiones","Auditor (interno)","Como Auditor (interno), quiero consultar la lista de documentos regulatorios con su estado y version vigente, y el historial completo de versiones de cualquiera de ellos, para verificar, de forma independiente y sin poder modificar nada, que evidencia documental existe para una auditoria.","1. Dado que abro el inventario de documentos regulatorios, cuando lo consulto con filtros de tipo de documento, estado y sucursal, entonces el sistema muestra el nombre, tipo, version vigente, fecha de publicacion, proxima revision y estado de cada uno.
2. Dado que abro el historial de un documento especifico, cuando lo consulto, entonces el sistema muestra todas sus versiones, incluidas HISTORICO y ARCHIVADO, con autores, aprobadores, fechas y el hash de cada una.
3. Dado que consulto este inventario o este historial, cuando reviso mis permisos, entonces el sistema me los muestra en modo de solo lectura, sin opcion de crear, editar, aprobar, publicar ni archivar.
4. Dado que soy Auditor externo invitado con acceso acotado a un periodo o a un tipo de documento, cuando consulto el inventario, entonces el sistema me muestra unicamente lo que mi invitacion autoriza.
5. Dado que un Auditor externo invitado accede a una version especifica, cuando lo hace, entonces el sistema registra ese acceso en el historial, aunque el contenido no sea un dato personal sensible.","- El acceso es siempre de solo lectura para Auditor interno y externo.
- El Auditor externo esta acotado a la ventana o alcance de su invitacion.
- Todo acceso de un Auditor externo queda registrado en el historial.","3","R1","17","HU-008-07","","No","OBL-AVISO-01, OBL-DOC-01","","No","","MOD-008 seccion N, filas Inventario de documentos e Historial de versiones; seccion C; seccion O"
"HU-008-17","Historia","EP-008","Documentos y Politicas","MOD-008","Invitar a un asesor externo a comentar un documento especifico en revision","Administrador de la organizacion","Como Administrador de la organizacion, quiero invitar a un asesor externo con acceso temporal acotado a un documento especifico en EN_REVISION, para recibir su opinion juridica puntual sobre ese documento sin darle acceso a toda la organizacion.","1. Dado que un documento esta en EN_REVISION, cuando invito a un asesor externo indicando ese documento, entonces el sistema le da acceso de solo ese documento, en modo de solo lectura mas comentarios.
2. Dado que el asesor externo invitado tiene acceso al documento, cuando escribe un comentario de hasta 1000 caracteres, entonces el sistema lo guarda vinculado a esa version y lo notifica a Legal/Compliance.
3. Dado que el asesor externo invitado intenta editar el contenido, aprobar, rechazar o publicar el documento, cuando lo intenta, entonces el sistema deniega la accion.
4. Dado que el asesor externo invitado accede al documento, cuando lo hace, entonces el sistema registra ese acceso en el historial.
5. Dado que reviso el acceso concedido y ya no lo necesito, cuando lo revoco, entonces el sistema deja de mostrarle el documento de inmediato.","- El acceso queda acotado a un unico documento y a su estado de revision.
- El acceso es de solo lectura mas comentarios, nunca de edicion ni aprobacion.
- El acceso es revocable en cualquier momento.","3","R1","18","HU-008-05","","No","","","No","","MOD-008 seccion B, fila Asesor externo invitado; seccion C"
"HU-008-18","Historia","EP-008","Documentos y Politicas","MOD-008","Proveer la plantilla generica de Evaluacion de Impacto (EIPD) en el catalogo de documentos","Equipo de contenido del producto (proveedor)","Como Equipo de contenido del producto (proveedor), quiero cargar y mantener, dentro del tipo de documento Otro documento regulatorio, una plantilla generica de Evaluacion de Impacto en la Privacidad (EIPD), para que exista un documento donde completar manualmente la evaluacion cuando el Diagnostico (MOD-004) cree la tarea de elaborarla, mientras el modulo de Riesgos y EIPD (MOD-014) no este disponible.","1. Dado que reviso el catalogo de tipos de documento, cuando busco entre las plantillas disponibles de Otro documento regulatorio, entonces encuentro la plantilla Evaluacion de Impacto en la Privacidad (EIPD), version generica, con las secciones minimas de descripcion del tratamiento, riesgos identificados, medidas de mitigacion y conclusion.
2. Dado que un Responsable Legal / Compliance crea un documento a partir de esta plantilla, cuando lo hace, entonces el documento sigue exactamente el mismo ciclo BORRADOR, EN_REVISION, APROBADO, PUBLICADO / VIGENTE que cualquier otro documento del modulo.
3. Dado que esta plantilla se actualiza, cuando se publica una nueva version de la plantilla, entonces los documentos EIPD ya creados a partir de la version anterior no se modifican de forma retroactiva.
4. Dado que el modulo de Riesgos y EIPD (MOD-014) no esta activo en el MVP, cuando se completa esta EIPD generica, entonces el sistema no calcula ningun nivel de riesgo automatico, solo aloja el texto que la persona responsable redacto.","- La plantilla generica no sustituye el motor de scoring de MOD-014 cuando ese modulo exista.
- Los documentos EIPD ya creados conservan la version de plantilla con la que se crearon.","2","R1","13","HU-008-02","","Si","OBL-DOC-03","Plantilla generica de EIPD validada por abogado, con las secciones minimas de descripcion del tratamiento, riesgos identificados, medidas de mitigacion y conclusion","Si","","04_secciones/19_21_roadmap_mvp_v1_v2.md seccion 19.4, fila MOD-014; MOD-008_ficha.md seccion D, fila Tipo de documento (catalogo extensible)"
"HU-009-01","Historia","EP-009","Proveedores y Encargados","MOD-009","Dar de alta y editar los datos generales de un Encargado, Tercero-Receptor o Subencargado","Responsable de area (RRHH, Marketing, Operaciones, etc.)","Como Responsable de area (RRHH, Marketing, Operaciones, etc.), quiero registrar un nuevo proveedor clasificandolo como Encargado del tratamiento, Tercero-Receptor o Subencargado, con sus datos generales, y editar esos datos mientras el registro este en estado Borrador o En_evaluacion, para mantener un inventario unico y confiable de los proveedores que tratan datos personales por cuenta o para mi empresa, como exige la Ley para la Proteccion de Datos Personales.","1. Dado que no existe un registro previo, cuando el Responsable de area captura nombre comercial, razon social, tipo de entidad, servicio que presta y area o responsable interno que lo contrata, entonces el sistema crea el proveedor en estado BORRADOR y registra el evento de auditoria alta creada con usuario y fecha
2. Dado que se intenta guardar el alta sin el nombre comercial, la razon social, el tipo de entidad o el area responsable, cuando se confirma el guardado, entonces el sistema rechaza la operacion y senala como obligatorios los campos faltantes
3. Dado que el tipo de entidad seleccionado es Subencargado, cuando el usuario intenta guardar sin indicar el Encargado del que depende, entonces el sistema bloquea el guardado hasta que se vincule un Encargado que este en estado ACTIVO o EN_EVALUACION
4. Dado que el tipo de entidad seleccionado es Subencargado y el Encargado del que depende ya fue vinculado, cuando el registro se guarda, entonces el sistema muestra el texto Requiere validacion de la organizacion o asesoria especializada, indicando que si ese subencargado queda sometido a la LPDP no lo decide el sistema
5. Dado un proveedor en estado BORRADOR o EN_EVALUACION, cuando un usuario con permiso de modificar edita el nombre comercial, la razon social, el servicio que presta o los sistemas relacionados, entonces el sistema guarda el cambio y registra en el historial el valor anterior y el nuevo, con usuario y fecha
6. Dado un proveedor en estado ACTIVO, SUSPENDIDO, RELACION_FINALIZADA, CERRADO o ARCHIVADO, cuando cualquier usuario intenta editar el nombre comercial, la razon social o el tipo de entidad, entonces el sistema rechaza la edicion porque esos campos ya no son editables en ese estado
7. Dado un usuario con el rol Auditor (interno) o Auditor externo (invitado), cuando intenta crear o modificar un proveedor, entonces el sistema deniega la accion porque esos roles son de solo lectura
8. Dado un campo Sistemas relacionados o Area o responsable interno que lo contrata, cuando el usuario selecciona un valor, entonces el sistema lo toma por referencia de un catalogo existente y no permite digitarlo como texto libre nuevo","- Para crear el registro en BORRADOR basta con nombre comercial, razon social, tipo de entidad, servicio que presta y area responsable
- Si Tipo de entidad = Subencargado, el Encargado del que depende es obligatorio y debe estar ACTIVO o EN_EVALUACION
- La edicion de datos generales solo esta permitida en BORRADOR o EN_EVALUACION
- El Auditor interno y el Auditor externo nunca crean, modifican ni aprueban","3","R2","22","","MOD-001, MOD-006","Si","OBL-PROV-01, OBL-PROV-05","","Si","","MOD-009 secciones D.1, F (tabla de transiciones, fila de alta), H"
"HU-009-02","Historia","EP-009","Proveedores y Encargados","MOD-009","Listar y consultar la ficha de proveedores con filtros y visibilidad segun el rol","Delegado de Proteccion de Datos (o Responsable interno, si aplica el estado FUTURO)","Como Delegado de Proteccion de Datos (o Responsable interno, si aplica el estado FUTURO), quiero ver el listado de proveedores de la organizacion filtrado por tipo de entidad, estado, pais y nivel de riesgo, y abrir la ficha completa de cualquiera de ellos, para dar seguimiento a todos los proveedores y encargados registrados sin depender de correos o carpetas dispersas.","1. Dado que existen proveedores en distintos estados, cuando el Delegado abre el listado, entonces el sistema muestra nombre comercial, tipo de entidad, pais, estado de la relacion y nivel de riesgo de cada uno, ordenable y filtrable por esos mismos campos
2. Dado un filtro por Tipo de entidad = Subencargado, cuando se aplica, entonces el listado muestra unicamente los registros de ese tipo junto con el Encargado del que dependen
3. Dado un usuario con rol Responsable de area sin ningun rol de alcance global, cuando abre el listado, entonces el sistema muestra unicamente los proveedores de su propia area
4. Dado un usuario con rol Responsable ARCO-POL / Responsable del tramite, cuando abre el listado, entonces el sistema muestra en modo de solo lectura unicamente los proveedores vinculados al tratamiento de un caso ARCO-POL que tiene asignado
5. Dado un usuario con rol Auditor externo (invitado), cuando intenta abrir el listado, entonces el sistema restringe la vista a los proveedores que la organizacion incluyo de forma explicita en su invitacion de auditoria puntual
6. Dado un proveedor en estado ARCHIVADO, cuando el Administrador o el Auditor (interno) abren el listado, entonces el registro se muestra marcado como archivado y no se cuenta en los indicadores de proveedores activos
7. Dado un registro CERRADO, cuando un usuario con permiso de ver lo abre, entonces el sistema muestra su ficha completa en modo de solo lectura, incluida la referencia al registro historico anterior si el proveedor fue recontratado","- Visibilidad por area salvo roles de alcance global (Administrador, Delegado, Legal/Compliance, Auditor)
- Responsable ARCO-POL ve solo lo vinculado a su caso
- Auditor externo ve solo lo incluido en su invitacion
- CERRADO y ARCHIVADO son consultables pero no editables","3","R2","22","HU-009-01","","No","","","No","","MOD-009 secciones C, D.1, F (estados terminales)"
"HU-009-03","Historia","EP-009","Proveedores y Encargados","MOD-009","Vincular tratamientos del RAT y pais, y enviar el proveedor a evaluacion","Responsable de area (RRHH, Marketing, Operaciones, etc.)","Como Responsable de area (RRHH, Marketing, Operaciones, etc.), quiero vincular al menos un tratamiento del RAT, ver las categorias de datos que se calculan solas, indicar el pais o paises donde el proveedor trata los datos, y enviar el proveedor a evaluacion, para dejar trazabilidad de con que actividad de tratamiento se relaciona el proveedor antes de que alguien evalue su riesgo.","1. Dado un proveedor en BORRADOR sin tratamientos del RAT vinculados, cuando se intenta enviarlo a evaluacion, entonces el sistema bloquea la transicion y exige vincular al menos un tratamiento del RAT
2. Dado que se vincula uno o mas tratamientos del RAT, cuando se guarda el vinculo, entonces el sistema calcula y muestra de forma automatica y de solo lectura las categorias de datos a las que accede el proveedor, tomadas de esos tratamientos
3. Dado un proveedor sin ningun pais capturado en Pais o paises donde trata los datos, cuando se intenta enviar a evaluacion, entonces el sistema exige al menos un pais antes de permitir la transicion
4. Dado un proveedor con nombre comercial, razon social, tipo de entidad, area responsable, al menos un tratamiento del RAT vinculado y al menos un pais capturado, cuando el Responsable de area o el Delegado envian el proveedor a evaluacion, entonces el sistema cambia el estado de BORRADOR a EN_EVALUACION y crea una tarea en el Centro de Tareas para el Responsable de Seguridad/IT
5. Dado un proveedor con un pais distinto de El Salvador, cuando pasa a EN_EVALUACION, entonces el sistema deja constancia en el historial de ese dato, sin generar el registro de transferencia internacional porque esa automatizacion pertenece a MOD-010 y queda fuera del alcance de esta historia
6. Dado un proveedor en EN_EVALUACION, cuando el Responsable de Seguridad/IT o el Delegado registran un motivo de rechazo, entonces el sistema regresa el proveedor a BORRADOR, notifica a quien creo el registro y conserva el motivo en el historial
7. Dado un usuario sin el rol Responsable de area ni Delegado, cuando intenta ejecutar la transicion de enviar a evaluacion, entonces el sistema deniega la accion","- Enviar a evaluacion exige al menos un tratamiento del RAT y al menos un pais capturado
- Las categorias de datos se calculan solas desde los tratamientos vinculados y no se editan de forma directa
- El rechazo de la evaluacion regresa el proveedor a BORRADOR con motivo obligatorio","5","R2","22","HU-009-01","MOD-006, MOD-021","No","OBL-TRAT-01","","No","PP-JUR-06","MOD-009 secciones D.1, F (transicion Enviar a evaluacion), G (automatizacion 1, excluida de esta epica)"
"HU-009-04","Historia","EP-009","Proveedores y Encargados","MOD-009","Registrar la evaluacion de riesgo y seguridad, y aprobarla o rechazarla","Responsable de Seguridad / IT","Como Responsable de Seguridad / IT, quiero asignar el nivel de riesgo del proveedor, declarar las medidas de seguridad y adjuntar evidencia, para que un Aprobador o el Delegado aprueben o rechacen la evaluacion, para verificar que el proveedor cumple medidas de seguridad equivalentes a las de mi empresa antes de contratarlo en firme.","1. Dado un proveedor en EN_EVALUACION, cuando el Responsable de Seguridad/IT asigna un Nivel de riesgo de Bajo, Medio o Alto, entonces el sistema deja esa decision como una eleccion humana y no la fija por si solo a partir del cuestionario de apoyo
2. Dado un nivel de riesgo Medio o Alto, cuando se intenta guardar la evaluacion sin al menos una medida de seguridad del catalogo de MOD-015, entonces el sistema bloquea el guardado
3. Dado una evaluacion completa con nivel de riesgo asignado y, si aplica, medidas de seguridad declaradas, cuando el Aprobador o el Delegado la aprueban, entonces el sistema cambia el estado de EN_EVALUACION a PENDIENTE_DE_CONTRATO, registra el evento de auditoria evaluacion aprobada y crea la tarea vincular contrato/DPA
4. Dado que la misma persona con rol Responsable de Seguridad/IT ejecuto la evaluacion tecnica de un proveedor de riesgo Alto, cuando esa misma persona intenta aprobarla, entonces el sistema deniega la aprobacion, salvo que la organizacion este por debajo del umbral configurable de tamano, en cuyo caso permite la aprobacion mostrando una advertencia visible de autorrevision
5. Dado un archivo adjuntado como Evidencia de seguridad del proveedor, cuando el usuario intenta subir algo distinto de certificaciones, autoevaluaciones o reportes, entonces el texto de ayuda advierte no subir bases de datos completas del proveedor
6. Dado un usuario con el rol Responsable de area, cuando intenta aprobar una evaluacion de riesgo, entonces el sistema deniega la accion porque ese rol solo completa datos operativos, no aprueba evaluaciones
7. Dado un proveedor cuya evaluacion se aprueba, cuando se consulta su historial, entonces el sistema muestra quien evaluo, quien aprobo y en que fecha","- El nivel de riesgo siempre lo decide una persona, nunca un calculo automatico
- Medidas de seguridad obligatorias si el riesgo es Medio o Alto
- Separacion de funciones entre quien evalua y quien aprueba, salvo pyme bajo el umbral configurable, con advertencia visible
- La evidencia de seguridad se limita a certificaciones, autoevaluaciones o reportes","5","R2","22","HU-009-03","MOD-015, MOD-021","No","OBL-PROV-02, OBL-PROV-03","","No","","MOD-009 secciones D.2, F (transicion Aprobar evaluacion de riesgo y seguridad), H, C (separacion de funciones)"
"HU-009-05","Historia","EP-009","Proveedores y Encargados","MOD-009","Vincular el Contrato/DPA y aprobar la activacion del proveedor con doble control","Aprobador","Como Aprobador, quiero verificar que el proveedor tiene un Contrato o DPA vigente vinculado y aprobar su paso a estado ACTIVO, con un segundo control cuando el riesgo es Alto o el pais es distinto de El Salvador, para asegurar que ningun proveedor empiece a tratar datos personales sin haberse sometido de forma expresa a la ley.","1. Dado un proveedor en PENDIENTE_DE_CONTRATO sin ningun documento tipo Contrato/DPA vinculado y vigente, cuando alguien intenta pasarlo a ACTIVO, entonces el sistema bloquea la transicion y muestra el mensaje que cita OBL-PROV-01 y el Art. 33 inc. 2
2. Dado un documento tipo Contrato/DPA de MOD-008 vinculado con fecha de vigencia de inicio y fecha de vencimiento, cuando la fecha de inicio es posterior a la fecha de vencimiento, entonces el sistema rechaza el guardado de esas fechas
3. Dado un proveedor con Nivel de riesgo Alto o con un pais distinto de El Salvador, cuando se intenta aprobar la activacion, entonces el sistema exige que quien aprueba sea una persona distinta de quien registro o evaluo al proveedor
4. Dado un proveedor con Contrato/DPA vigente vinculado, cuando el Aprobador o el Delegado aprueban la activacion, entonces el sistema cambia el estado a ACTIVO, programa la proxima revision periodica segun el calendario de MOD-023 y la periodicidad configurada, y registra el evento de auditoria proveedor activado
5. Dado un proveedor de Tipo de entidad Encargado que pasa a ACTIVO, cuando la transicion se completa, entonces el sistema habilita los campos de contacto del encargado para el aviso de privacidad
6. Dado un Contrato/DPA vinculado y vigente generado desde la plantilla del sistema, cuando un usuario consulta la ficha del proveedor, entonces el sistema muestra el texto documento generado como borrador, pendiente de revision, junto con la advertencia de que la suficiencia de sus clausulas frente al Art. 34 y al Art. 36 requiere revision de la organizacion o de su asesoria legal
7. Dado un proveedor en una organizacion por debajo del umbral configurable de tamano, cuando la misma persona que evaluo intenta tambien aprobar la activacion de un proveedor de riesgo Alto, entonces el sistema lo permite mostrando una advertencia visible de autorrevision
8. Dado un usuario con el rol Responsable de Seguridad/IT, cuando intenta aprobar el paso a ACTIVO, entonces el sistema deniega la accion porque ese rol evalua pero no aprueba","- Bloqueo automatico del paso a ACTIVO sin Contrato/DPA vigente y vinculado
- Doble control obligatorio si el riesgo es Alto o el pais es distinto de El Salvador, salvo pyme bajo el umbral con advertencia visible
- Un solo Contrato/DPA vigente por proveedor a la vez
- Los campos de contacto de D.5 solo se habilitan para Encargado activo","8","R2","22","HU-009-04","MOD-008, MOD-023","No","OBL-PROV-01, OBL-PROV-02","Plantilla de Contrato/DPA estandar (Encargado) validada por asesoria legal antes de publicarse en el catalogo de MOD-008
Plantilla de Documento de sometimiento a la LPDP (Tercero/Receptor) validada por asesoria legal","Si","","MOD-009 secciones D.3, F (transicion Vincular contrato/DPA y aprobar activacion), G (automatizaciones 2 y 10), H"
"HU-009-06","Historia","EP-009","Proveedores y Encargados","MOD-009","Registrar los datos de contacto del Encargado para el aviso de privacidad","Responsable de area (RRHH, Marketing, Operaciones, etc.)","Como Responsable de area (RRHH, Marketing, Operaciones, etc.), quiero capturar el nombre de contacto y el correo o telefono de un Encargado activo, para que esos datos puedan publicarse en el aviso de privacidad de mi empresa, como exige la ley.","1. Dado un proveedor con Tipo de entidad Encargado y Estado ACTIVO, cuando se intenta guardar la ficha sin el nombre de contacto o sin el correo/telefono, entonces el sistema exige ambos campos como obligatorios
2. Dado un valor capturado en Correo o telefono de contacto, cuando no tiene formato valido de correo electronico ni de telefono, entonces el sistema rechaza el guardado y senala el formato esperado
3. Dado un proveedor de Tipo de entidad Tercero/Receptor o Subencargado, cuando se abre su ficha, entonces el sistema no muestra los campos de contacto porque son exclusivos de Encargado
4. Dado que se guardan o modifican los datos de contacto de un Encargado activo, cuando el cambio se confirma, entonces el sistema conserva el historial de versiones de ese dato, con usuario y fecha
5. Dado un Encargado activo cuyos datos de contacto ya existen, cuando el aviso de privacidad vigente en MOD-008 todavia no lo lista en el literal h del Art. 24, entonces el sistema deja disponible la referencia de este Encargado para que MOD-008 la incluya en su siguiente version
6. Dado un usuario con el rol Auditor (interno), cuando intenta modificar los datos de contacto de un Encargado, entonces el sistema deniega la accion por tratarse de un rol de solo lectura","- Nombre de contacto y correo/telefono obligatorios solo si Tipo = Encargado y Estado = ACTIVO
- Validacion de formato de correo o telefono
- Historial de version del dato de contacto","2","R2","22","HU-009-05","MOD-008","No","OBL-AVISO-02, OBL-PROV-04","","No","","MOD-009 seccion D.5"
"HU-009-07","Historia","EP-009","Proveedores y Encargados","MOD-009","Recibir alertas y tareas de vencimiento del Contrato/DPA","Delegado de Proteccion de Datos (o Responsable interno, si aplica el estado FUTURO)","Como Delegado de Proteccion de Datos (o Responsable interno, si aplica el estado FUTURO), quiero recibir una alerta cuando falten 30 y 7 dias para que venza el contrato o DPA de un proveedor, y otra si ya vencio sin renovarse, para renovar a tiempo la relacion y no dejar a un proveedor activo sin documento de sometimiento vigente.","1. Dado un proveedor ACTIVO cuya fecha de vencimiento del contrato esta a 30 dias, cuando el sistema detecta esa fecha, entonces genera una alerta de nivel WARNING para el Responsable de area y el Delegado, por plataforma y correo, y crea una tarea en el Centro de Tareas
2. Dado la alerta WARNING sin ninguna accion siete dias despues, cuando transcurre esa semana, entonces el sistema la repite
3. Dado un proveedor ACTIVO cuya fecha de vencimiento esta a 7 dias, cuando el sistema detecta esa fecha, entonces genera una alerta de nivel HIGH diaria para el Responsable de area, el Delegado y el Aprobador
4. Dado un proveedor cuya fecha de vencimiento del contrato ya paso sin que se haya vinculado un nuevo Contrato/DPA vigente, cuando el sistema evalua las alertas pendientes, entonces genera una alerta CRITICAL diaria para el Delegado y el Administrador hasta que se resuelva
5. Dado un proveedor con la alerta HIGH activa, cuando pasan 7 dias sin gestion, entonces el sistema la escala al Administrador
6. Dado que se vincula un nuevo Contrato/DPA vigente o se cierra formalmente la relacion con el proveedor, cuando eso ocurre, entonces el sistema apaga todas las alertas de vencimiento asociadas a ese contrato
7. Dado un proveedor en estado distinto de ACTIVO, cuando se calculan las alertas de vencimiento, entonces el sistema no genera ninguna alerta de vencimiento de contrato para ese registro","- Tres niveles de alerta: WARNING a 30 dias, HIGH a 7 dias, CRITICAL si ya vencio
- Los dias de anticipacion son configurables
- Las alertas y tareas usan los servicios comunes de Notificaciones y Centro de Tareas","3","R2","22","HU-009-05","MOD-021, MOD-022","No","OBL-PROV-01","","No","","MOD-009 seccion G (automatizaciones 4 y 4b), seccion I"
"HU-009-08","Historia","EP-009","Proveedores y Encargados","MOD-009","Ejecutar la revision periodica programada de un proveedor","Responsable de area (RRHH, Marketing, Operaciones, etc.)","Como Responsable de area (RRHH, Marketing, Operaciones, etc.), quiero que el sistema me cree una tarea de revision cuando llegue la fecha programada, y poder registrar el resultado de esa revision, para confirmar de forma periodica que la evaluacion de riesgo de cada proveedor sigue vigente.","1. Dado un proveedor ACTIVO cuya fecha de proxima revision calculada segun la periodicidad configurada llega, cuando el sistema la detecta, entonces crea la tarea revisar proveedor X y cambia el estado a EN_REVISION
2. Dado un proveedor en EN_REVISION, cuando se registra que la revision no encontro cambios materiales, entonces el sistema regresa el estado a ACTIVO y actualiza el campo Fecha de ultima revision
3. Dado un proveedor en EN_REVISION, cuando se detecta un cambio material de nuevo pais, nueva categoria de dato o cambio de nivel de riesgo y se registra el motivo, entonces el sistema mueve el proveedor a EN_EVALUACION conservando integro el historial anterior
4. Dado un proveedor ACTIVO cuya fecha de revision programada ya paso sin que se haya registrado una revision nueva, cuando el sistema evalua las alertas, entonces genera una alerta WARNING semanal para el Responsable de area y el Delegado
5. Dado que la alerta de revision vencida sigue activa 15 dias despues, cuando transcurre ese plazo, entonces el sistema la escala al Aprobador
6. Dado un usuario sin el rol Responsable de area, Delegado o Responsable de Seguridad/IT, cuando intenta registrar el resultado de una revision, entonces el sistema deniega la accion
7. Dado que se completa una revision, cuando se guarda, entonces el sistema deja evidencia en el historial con fecha, usuario y resultado","- La periodicidad de revision es Anual, Semestral o un numero de meses configurable
- La revision sin cambios no reinicia el flujo de evaluacion
- La revision con cambios materiales reinicia el proveedor a EN_EVALUACION conservando su historial","5","R2","22","HU-009-05","MOD-021, MOD-022","No","OBL-PRIN-03","","No","","MOD-009 seccion F (transiciones desde ACTIVO y EN_REVISION), G (automatizacion 5), I"
"HU-009-09","Historia","EP-009","Proveedores y Encargados","MOD-009","Notificar al Encargado la revocacion de un consentimiento dentro del plazo legal","Delegado de Proteccion de Datos (o Responsable interno, si aplica el estado FUTURO)","Como Delegado de Proteccion de Datos (o Responsable interno, si aplica el estado FUTURO), quiero que el sistema cree una tarea para notificar al Encargado activo cuando MOD-007 marque la revocacion de un consentimiento vinculado, con el plazo legal calculado, y poder aprobar el envio de esa notificacion, para cumplir el plazo de 5 dias habiles del Art. 30 y dejar evidencia de que el encargado fue informado.","1. Dado que MOD-007 marca la revocacion de un consentimiento vinculado a un tratamiento con un Encargado en estado ACTIVO, cuando el evento llega a MOD-009, entonces el sistema crea la tarea notificar la revocacion a [Encargado] con la fecha limite de 5 dias habiles calculada por MOD-023
2. Dado que el regimen normativo vigente en MOD-024 es ACTUAL, cuando se crea la tarea de notificacion, entonces queda pendiente de aprobacion de quien ocupe el rol Delegado de Proteccion de Datos antes de poder enviarse
3. Dado que el regimen normativo vigente en MOD-024 cambia a FUTURO, cuando se crea una tarea nueva de este tipo, entonces queda pendiente de aprobacion de quien ocupe el rol configurado como responsable interno, y el sistema registra en el historial bajo que version de la regla se aprobo
4. Dado la tarea de notificacion pendiente de aprobacion, cuando el Delegado la aprueba, entonces el sistema genera la carta de notificacion desde la plantilla del sistema y permite marcarla como enviada, adjuntando la constancia de envio
5. Dado que faltan 2 dias habiles para que venza el plazo de 5 dias habiles de la notificacion al Encargado, cuando el sistema lo detecta, entonces genera una alerta WARNING que escala a CRITICAL si el plazo vence sin enviarse
6. Dado un Encargado que no esta en estado ACTIVO cuando ocurre la revocacion, cuando el sistema evalua la condicion, entonces no crea la tarea de notificacion para ese Encargado
7. Dado que la notificacion se envia y se adjunta la constancia, cuando se consulta el expediente, entonces el sistema muestra la evidencia con fecha, usuario y verificacion del plazo cumplido
8. Dado un usuario sin el rol Delegado ni el rol configurado como responsable interno segun el regimen vigente, cuando intenta aprobar el envio de esta notificacion, entonces el sistema deniega la accion","- El plazo de 5 dias habiles siempre se calcula en MOD-023, nunca dentro de MOD-009
- La tarea queda pendiente de aprobacion del Delegado o del rol configurado como responsable interno segun el regimen vigente en MOD-024
- El texto de la notificacion es configurable, el plazo no","8","R2","23","HU-009-05","MOD-007, MOD-023, MOD-021, MOD-024, MOD-008","No","OBL-CONS-03","Plantilla de notificacion de revocacion de consentimiento al Encargado, validada por asesoria legal antes de usarse","Si","","MOD-009 secciones A, G (automatizacion 6), I, J, K"
"HU-009-10","Historia","EP-009","Proveedores y Encargados","MOD-009","Notificar a un Tercero/Receptor tras una rectificacion, actualizacion o eliminacion","Responsable ARCO-POL / Responsable del tramite","Como Responsable ARCO-POL / Responsable del tramite, quiero que el sistema cree una tarea para notificar a cada Tercero/Receptor vinculado cuando MOD-011 cierre un caso de rectificacion, actualizacion o eliminacion, con el plazo legal calculado, y dejar evidencia del envio, para cumplir el plazo de 5 dias habiles del Art. 21 inciso 3 con cada receptor que recibio los datos del titular.","1. Dado que MOD-011 cierra un caso de rectificacion, actualizacion o eliminacion sobre un tratamiento con al menos un Tercero/Receptor vinculado, cuando el evento llega a MOD-009, entonces el sistema crea una tarea notificar a [Receptor] por cada receptor vinculado, con la fecha limite de 5 dias habiles calculada por MOD-023
2. Dado un tratamiento sin ningun Tercero/Receptor vinculado en MOD-009, cuando MOD-011 cierra el caso, entonces el sistema no crea ninguna tarea de notificacion a receptores
3. Dado la tarea de notificacion a un receptor, cuando el Responsable ARCO-POL genera la carta desde la plantilla del sistema y la marca como enviada, entonces el sistema adjunta la constancia de la comunicacion enviada como evidencia del expediente
4. Dado que faltan 2 dias habiles para que venza el plazo de notificacion a un receptor, cuando el sistema lo detecta, entonces genera una alerta que escala segun la configuracion de MOD-022 si el plazo vence sin enviarse
5. Dado un proveedor registrado como Tipo de entidad Encargado en vez de Tercero/Receptor para el mismo tratamiento, cuando el caso de rectificacion se cierra, entonces el sistema no genera la tarea de notificacion a receptor para ese registro
6. Dado que se notifico a todos los receptores vinculados a un caso, cuando se consulta el expediente en MOD-009, entonces el sistema muestra el registro y la evidencia de cada notificacion enviada, con fecha y verificacion del plazo
7. Dado un usuario con el rol Usuario de consulta / Colaborador al que se le asigno la tarea de subir la constancia de envio, cuando la adjunta, entonces el sistema la acepta como evidencia sin darle permisos adicionales sobre el resto del proveedor","- El plazo de 5 dias habiles se calcula en MOD-023
- Se crea una tarea de notificacion por cada Tercero/Receptor vinculado al tratamiento afectado
- El texto de la notificacion es configurable, el plazo no","8","R2","23","HU-009-05","MOD-011, MOD-023, MOD-021, MOD-008","No","OBL-ARCO-11","Plantilla de notificacion a Receptor tras rectificacion, actualizacion o eliminacion, validada por asesoria legal","Si","","MOD-009 secciones A, G (automatizacion 7), I, J, K"
"HU-009-11","Historia","EP-009","Proveedores y Encargados","MOD-009","Suspender manualmente a un proveedor por un incidente de seguridad y reactivarlo o finalizar la relacion","Responsable de Seguridad / IT","Como Responsable de Seguridad / IT, quiero vincular un incidente de seguridad grave a un proveedor activo y suspenderlo, y despues reactivarlo si las medidas correctivas se verifican o finalizar la relacion si la empresa decide terminarla, para dejar de exponer datos a un proveedor mientras no se confirme que el riesgo esta controlado.","1. Dado un proveedor ACTIVO al que se vincula un incidente de seguridad grave registrado en MOD-013, cuando el Responsable de Seguridad/IT o el Delegado ejecutan la suspension, entonces el sistema cambia el estado a SUSPENDIDO y notifica al Responsable de area
2. Dado un proveedor recien SUSPENDIDO, cuando se consulta su ficha, entonces el sistema muestra la advertencia operativa de no enviar nuevos datos a ese proveedor hasta resolver el incidente, dejando claro que el sistema no ejecuta ningun bloqueo tecnico
3. Dado un proveedor SUSPENDIDO con evidencia de cierre del incidente vinculado, cuando el Delegado o el Aprobador verifican que las medidas correctivas fueron confirmadas, entonces el sistema permite reactivarlo a ACTIVO y registra el evento de auditoria reactivado tras suspension
4. Dado un proveedor SUSPENDIDO, cuando la empresa decide terminar la relacion tras el incidente y se registra el motivo de cierre, entonces el sistema lo mueve a RELACION_FINALIZADA
5. Dado que el sistema sugiere un cambio de estado a partir de la severidad reportada por MOD-013, cuando se evalua reactivar, terminar o mantener suspendido a un proveedor, entonces exige que una persona con el rol Delegado o Aprobador confirme la decision final, sin aplicarla de forma automatica
6. Dado un usuario con el rol Responsable de area, cuando intenta reactivar un proveedor suspendido, entonces el sistema deniega la accion porque ese rol no esta habilitado para esta transicion
7. Dado un proveedor SUSPENDIDO, cuando se consulta su historial, entonces el sistema muestra quien vinculo el incidente, quien decidio la reactivacion o el cierre, y en que fecha","- La suspension y la reactivacion siempre requieren una decision humana
- El sistema no bloquea tecnicamente el envio de datos, solo advierte
- La reactivacion exige evidencia de cierre del incidente vinculado","5","R2","24","HU-009-05","MOD-013, MOD-022","No","OBL-PRIN-03","","No","","MOD-009 seccion F (transiciones ACTIVO-SUSPENDIDO), G (automatizacion 11, parcial), H, I"
"HU-009-12","Historia","EP-009","Proveedores y Encargados","MOD-009","Finalizar y cerrar la relacion con un proveedor","Delegado de Proteccion de Datos (o Responsable interno, si aplica el estado FUTURO)","Como Delegado de Proteccion de Datos (o Responsable interno, si aplica el estado FUTURO), quiero registrar el fin natural del contrato o la decision de no renovar con un proveedor, y despues cerrar el expediente dejandolo como evidencia, para dejar constancia clara de cuando y por que termino cada relacion con un proveedor.","1. Dado un proveedor ACTIVO cuyo contrato termina o cuya empresa decide no renovarlo, cuando se registra el Motivo de cierre entre Contrato vencido, Terminacion anticipada, Cambio de proveedor u Otro, entonces el sistema cambia el estado a RELACION_FINALIZADA
2. Dado un intento de pasar a RELACION_FINALIZADA sin capturar el Motivo de cierre, cuando se confirma la accion, entonces el sistema rechaza la transicion por falta de ese dato obligatorio
3. Dado un proveedor en RELACION_FINALIZADA cuya clausula de devolucion/eliminacion pactada es Si, cuando el Delegado o el Administrador intentan cerrarlo, entonces el sistema exige adjuntar la constancia de devolucion o eliminacion de datos antes de permitir el paso a CERRADO
4. Dado un proveedor en RELACION_FINALIZADA cuya clausula de devolucion/eliminacion pactada es No o No aplica, cuando se cierra, entonces el sistema permite el paso a CERRADO dejando registrada esa condicion, sin exigir el archivo adjunto
5. Dado un proveedor que pasa a CERRADO, cuando la transicion se completa, entonces el sistema registra el evento de auditoria final y deja el registro en solo lectura, aunque sigue siendo consultable como evidencia
6. Dado que existian tareas abiertas en el Centro de Tareas que dependian de este proveedor, cuando el proveedor se cierra, entonces esas tareas se marcan proveedor cerrado, verificar si la tarea sigue aplicando en vez de cerrarse de forma automatica
7. Dado un proveedor ya CERRADO, cuando la empresa vuelve a contratarlo, entonces el sistema no reactiva ese registro, sino que se crea un nuevo registro de proveedor que lo referencia como historico","- El motivo de cierre siempre es obligatorio
- La constancia de devolucion/eliminacion es obligatoria solo si la clausula pactada lo exige
- CERRADO es un estado terminal de solo lectura
- Un proveedor CERRADO nunca se reactiva","5","R2","24","HU-009-05, HU-009-08","MOD-021","No","OBL-PROV-07","","No","","MOD-009 seccion F (transiciones RELACION_FINALIZADA y CERRADO, estados terminales, reapertura), D.4"
"HU-009-13","Historia","EP-009","Proveedores y Encargados","MOD-009","Archivar un registro de proveedor duplicado, cancelado o creado por error","Administrador de la organizacion","Como Administrador de la organizacion, quiero archivar un proveedor en Borrador o En_evaluacion que se creo por error o esta duplicado, dejando la justificacion en el historial, para mantener limpio el catalogo de proveedores sin borrar informacion que pueda servir de evidencia.","1. Dado un proveedor en BORRADOR o EN_EVALUACION, cuando se intenta archivar sin escribir una justificacion, entonces el sistema rechaza la accion porque la justificacion es obligatoria
2. Dado un proveedor en BORRADOR o EN_EVALUACION con justificacion capturada, cuando el Administrador confirma el archivado, entonces el sistema cambia el estado a ARCHIVADO y registra el evento con usuario, fecha y motivo
3. Dado un proveedor ARCHIVADO, cuando se calculan los indicadores de proveedores activos del dashboard, entonces el sistema lo excluye de esos indicadores
4. Dado un proveedor ARCHIVADO, cuando el Auditor (interno) consulta el modulo, entonces el registro permanece visible para el
5. Dado un proveedor en ACTIVO, PENDIENTE_DE_CONTRATO, SUSPENDIDO, RELACION_FINALIZADA o CERRADO, cuando cualquier usuario intenta archivarlo, entonces el sistema deniega la accion porque archivar solo esta permitido desde BORRADOR o EN_EVALUACION
6. Dado un usuario con un rol distinto de Administrador, cuando intenta archivar un proveedor, entonces el sistema deniega la accion
7. Dado un proveedor ARCHIVADO, cuando cualquier usuario intenta eliminarlo por completo del sistema, entonces el sistema no ofrece esa opcion porque nunca existe un borrado real de un registro con contenido","- Archivar exige justificacion obligatoria
- Solo el Administrador puede archivar
- Archivar solo aplica desde BORRADOR o EN_EVALUACION
- Nunca hay eliminacion real de un registro con contenido","2","R2","24","HU-009-01","","No","","","No","","MOD-009 seccion F (transicion Archivar), C (separacion de funciones)"
"HU-009-14","Historia","EP-009","Proveedores y Encargados","MOD-009","Exportar el paquete de evidencia de un proveedor con verificacion de integridad","Auditor (interno)","Como Auditor (interno), quiero generar y descargar el paquete de evidencia de un proveedor especifico, con su ficha completa, el contrato vinculado, las evaluaciones de riesgo, las revisiones y las notificaciones enviadas, verificable con una huella de integridad, para presentar esa evidencia en la auditoria anual de cumplimiento o ante la ACE si la empresa lo requiere.","1. Dado un proveedor con ficha completa, contrato vinculado, evaluaciones de riesgo y revisiones registradas, cuando el Auditor (interno) solicita el paquete de evidencia de ese proveedor, entonces el sistema genera un archivo en PDF y ZIP firmado que incluye esos elementos usando el servicio comun de generacion de huella o firma de integridad de la plataforma
2. Dado un paquete de evidencia generado, cuando se descarga, entonces el sistema registra el evento de exportacion con quien lo exporto, cuando y que version del registro del proveedor se exporto
3. Dado un proveedor con notificaciones enviadas a un Encargado o a un Receptor, cuando se genera su paquete de evidencia, entonces el sistema incluye esas notificaciones con su constancia adjunta
4. Dado un proveedor sin ningun Contrato/DPA vinculado todavia, cuando se solicita su paquete de evidencia, entonces el sistema lo genera igual mostrando de forma explicita que ese elemento esta pendiente, sin fallar la exportacion
5. Dado un usuario con el rol Auditor externo (invitado), cuando solicita el paquete de evidencia, entonces el sistema lo limita a los proveedores que la organizacion incluyo en su invitacion de auditoria puntual
6. Dado un paquete de evidencia ya exportado, cuando alguien intenta modificar su contenido, entonces el sistema no lo permite porque el paquete exportado queda fijo
7. Dado un usuario con el rol Usuario de consulta / Colaborador, cuando intenta exportar el paquete de evidencia de un proveedor, entonces el sistema deniega la accion porque ese rol no tiene permiso de exportar","- La huella o firma de integridad se genera con el servicio comun de la plataforma, no con un mecanismo propio de MOD-009
- El evento de exportacion se registra de forma permanente aunque el archivo exportado salga del sistema
- El Auditor externo queda acotado a los proveedores incluidos en su invitacion","5","R2","24","HU-009-01, HU-009-05","MOD-008","No","OBL-PRIN-03, OBL-PROV-01, OBL-PROV-02, OBL-PROV-03","","No","","MOD-009 secciones E, J, N"
"HU-011-01","Historia","EP-011","ARCO-POL","MOD-011","Registrar una solicitud ARCO-POL con los datos comunes y los campos especificos del derecho ejercido","Responsable ARCO-POL / Responsable del tramite","Como Responsable ARCO-POL / Responsable del tramite, quiero registrar en el formulario interno seguro los datos de la entidad, del solicitante, del derecho ejercido y de la forma de entrega de la respuesta, incluidos los campos propios del derecho seleccionado, sin importar por que canal llego la solicitud, para abrir un expediente unico y completo desde el primer contacto, tal como exige el Art. 18 de la LPDP.","1. Dado que el Responsable ARCO-POL abre una nueva solicitud, cuando el sistema la crea, entonces precarga sin poder editarse el nombre o razon social, el domicilio y el correo de contacto de la entidad responsable desde el modulo Organizacion (MOD-001) y genera un numero de expediente unico con el formato ARCO-[ANIO]-[correlativo].
2. Dado que se completan el nombre del solicitante, su domicilio, el derecho que ejerce y la descripcion de los datos y elementos para localizarlos, cuando el Responsable ARCO-POL guarda el formulario, entonces el expediente pasa al estado Nueva o Recibida con fecha y hora de recepcion y queda un evento en el historial con usuario y fecha.
3. Dado que se selecciona el derecho Rectificacion, cuando se completa la seccion de campos especificos, entonces el sistema exige el campo dato a corregir y valor propuesto antes de permitir avanzar; si se selecciona Cancelacion, exige elegir una causal de la lista tasada de siete opciones y, si elige Otro, exige ademas un texto libre.
4. Dado que se selecciona el derecho Oposicion, cuando se completa el formulario, entonces el sistema exige el motivo de la oposicion y pregunta si se trata de oposicion a mercadotecnia directa o perfilado; si la respuesta es si, el sistema deja registrada esa marca para conectarla despues con la lista de supresion de MOD-007.
5. Dado que la solicitud llego por correo electronico, WhatsApp o de forma presencial, cuando el Responsable ARCO-POL la traslada al formulario interno, entonces el sistema exige adjuntar la captura o transcripcion del mensaje original como evidencia y registra que el plazo corre desde la fecha de recepcion efectiva, no desde la fecha de captura en el sistema.
6. Dado que la empresa habilito el enlace publico del formulario interno seguro, cuando el Titular lo completa y lo envia el mismo sin crear una cuenta, entonces el sistema crea el expediente de la misma forma que si lo hubiera registrado el Responsable ARCO-POL, marcando el canal de recepcion como Formulario interno.
7. Dado que falta el nombre completo del solicitante, la descripcion de los datos o el derecho ejercido, cuando el Responsable ARCO-POL intenta guardar el formulario, entonces el sistema bloquea el guardado y senala los campos obligatorios pendientes sin crear el expediente.","- Los cuatro campos de la entidad responsable (D.1) se precargan siempre desde MOD-001 y no se capturan de nuevo por cada solicitud.
- El area que trata los datos y la referencia al Tratamiento del RAT son opcionales y solo ayudan a localizar el dato, nunca sustituyen ni duplican el RAT de MOD-006.
- El formulario interno seguro es, junto con la carga de los formularios oficiales de la ACE (ver HU-011-02), el unico canal del MVP: no existe autoregistro del titular con cuenta persistente, eso pertenece a MOD-012 (SHOULD HAVE).
- El sistema no copia la base de datos completa del cliente para tramitar la solicitud: solo guarda los datos que el propio titular aporta y la referencia al Tratamiento del RAT, nunca una copia del sistema de origen.","5","R2","23","","MOD-001","Si","OBL-ARCO-08, OBL-ARCO-01, OBL-DOC-04, OBL-PLAZO-04","Textos de ayuda de cada campo del formulario interno (D.1 a D.10), en lenguaje simple, validados por la organizacion antes de publicarse.","No","PP-PROD-06","MOD-011 secciones D.1, D.2, D.6, D.7, D.8, D.9, D.10, F.2 fila ninguno a Nueva/Recibida, F.3 fila Solicitud por WhatsApp/correo/presencial"
"HU-011-02","Historia","EP-011","ARCO-POL","MOD-011","Cargar un formulario oficial ARCO-POL de la ACE ya diligenciado","Responsable ARCO-POL / Responsable del tramite","Como Responsable ARCO-POL / Responsable del tramite, quiero adjuntar directamente uno de los 7 formularios oficiales ARCO-POL de la ACE que el titular ya lleno, y que el sistema mapee sus campos a la misma estructura del expediente, para aceptar sin poder rechazarlo el formulario oficial que el titular elija usar, tal como exige el Art. 32 de los Lineamientos DPO.","1. Dado que el titular presento uno de los 7 formularios oficiales ARCO-POL de la ACE version 07-07-2025 ya diligenciado, cuando el Responsable ARCO-POL lo adjunta en el campo Formulario oficial de la ACE adjunto, entonces el sistema acepta el archivo en formato PDF o imagen y no exige llenar de nuevo los mismos campos ya cubiertos por ese formulario.
2. Dado que se adjunta un formulario oficial de la ACE, cuando el sistema lo procesa, entonces mapea sus campos equivalentes de identificacion del solicitante, tipo de legitimacion, derecho ejercido y descripcion de los datos a los campos de D.2, D.6 y D.7 del expediente, dejando visible en el expediente cual de los 7 formularios oficiales se uso.
3. Dado que el formulario oficial adjunto no trae algun campo obligatorio del Art. 18, cuando el Responsable ARCO-POL revisa el expediente, entonces el sistema marca ese elemento como pendiente en el checklist de la seccion Evaluando requisitos del Art. 18, igual que si faltara en el formulario interno.
4. Dado un archivo que no tiene formato PDF o imagen, cuando el Responsable ARCO-POL intenta cargarlo como formulario oficial de la ACE, entonces el sistema rechaza el archivo y muestra el motivo del rechazo sin crear el expediente.
5. Dado un formulario oficial de la ACE cargado, cuando el sistema lo guarda, entonces conserva el archivo original sin modificarlo, con hash de integridad, disponible para el paquete de evidencia exportable.","- Los 7 formularios oficiales de la ACE no son modificables por la empresa: deben aceptarse tal cual, aunque la empresa tenga su propio formulario interno (OBL-ARCO-15).
- El expediente creado a partir de un formulario oficial sigue exactamente el mismo workflow de la seccion F que uno creado desde el formulario interno: esta HU solo cubre la carga y el mapeo de campos, no un flujo distinto.","3","R2","27","HU-011-01","","No","OBL-ARCO-15","Los 7 formularios oficiales ARCO-POL de la ACE version 07-07-2025, con el mapeo de cada campo oficial al campo interno equivalente, validado por Legal.","No","","MOD-011 secciones D introduccion, D.6 fila Formulario oficial de la ACE adjunto, K"
"HU-011-03","Historia","EP-011","ARCO-POL","MOD-011","Verificar la identidad y la legitimacion del solicitante segun su tipo","Responsable ARCO-POL / Responsable del tramite","Como Responsable ARCO-POL / Responsable del tramite, quiero verificar si quien presenta la solicitud es el propio titular, un representante o apoderado, o un heredero o sucesor, exigiendo en cada caso los documentos que acreditan esa calidad, para confirmar la legitimacion antes de tramitar cualquier derecho, tal como exige el Art. 6 de la LPDP.","1. Dado un expediente en estado Nueva o Recibida con el tipo de solicitante marcado como Titular, cuando el Responsable ARCO-POL adjunta el documento de identidad del solicitante en formato imagen o PDF y confirma la verificacion, entonces el expediente pasa a Verificando identidad y luego a Evaluando requisitos Art. 18, con un evento de auditoria que registra usuario y fecha.
2. Dado que el tipo de solicitante es Representante legal o apoderado, cuando el Responsable ARCO-POL intenta avanzar sin el documento de poder de representacion con facultades especiales, entonces el sistema bloquea el avance y exige ese documento antes de continuar.
3. Dado que el tipo de solicitante es Heredero o sucesor de un titular fallecido, cuando el Responsable ARCO-POL intenta avanzar sin la certificacion de partida de defuncion o sin el documento que acredite el vinculo familiar o la calidad de heredero, entonces el sistema bloquea el avance hasta que ambos documentos esten adjuntos.
4. Dado que el canal usado no permite ningun medio de verificacion de identidad reconocido y no existe firma ni medio equivalente, cuando el Responsable ARCO-POL lo confirma, entonces el expediente pasa al estado Verificacion fallida o Anonima con una advertencia visible, sin archivarse automaticamente, quedando la decision de como proceder a criterio del Responsable ARCO-POL.
5. Dado que la solicitud se presento desde un canal digital verificado por la empresa, por ejemplo el correo previamente registrado del titular en un sistema propio, cuando no hay firma fisica, entonces el sistema acepta la marca de aceptacion electronica como medio equivalente reconocido, sin exigir firma escaneada.
6. Dado un documento de identidad, poder o partida adjunto a la verificacion, cuando cualquier usuario con permiso lo consulta, entonces el sistema registra en el historial quien lo vio y cuando, y ese acceso queda restringido a los roles Responsable ARCO-POL y Delegado o Responsable interno.
7. Dado un rol distinto de Responsable ARCO-POL, por ejemplo Responsable de area o Colaborador, cuando intenta verificar identidad o adjuntar un documento de legitimacion, entonces el sistema deniega la accion.","- Ninguna solicitud se admite sin al menos un mecanismo de verificacion aplicado segun el canal usado, con advertencia visible cuando la verificacion no fue completa (anti-feature 20).
- El acceso a los adjuntos de identidad esta restringido a Responsable ARCO-POL y Delegado o Responsable interno, nunca visible para Colaboradores o Responsables de area.
- El derecho se ejerce en nombre del titular fallecido segun el Art. 6: no crea un derecho propio del heredero sobre datos ajenos.","5","R2","23","HU-011-01","","Si","OBL-ARCO-01","","No","","MOD-011 secciones D.2, D.3, D.4, F.1, F.2 filas Nueva/Recibida a Verificando identidad y Verificando identidad a Verificacion fallida/Evaluando requisitos, F.3 filas Solicitud anonima y Solicitud sin firma, J"
"HU-011-04","Historia","EP-011","ARCO-POL","MOD-011","Activar el sub-flujo de titular nina, nino o adolescente","Responsable ARCO-POL / Responsable del tramite","Como Responsable ARCO-POL / Responsable del tramite, quiero marcar que la solicitud es sobre los datos de una nina, nino o adolescente y que el sistema exija los documentos y muestre el aviso de tension normativa correspondientes, para atender la solicitud sin omitir el consentimiento parental que exige la ley y sin ocultar la incertidumbre juridica sobre la edad.","1. Dado que se marca Si en Los datos corresponden a un titular de ninez o adolescencia, cuando el Responsable ARCO-POL guarda el formulario, entonces el sistema exige la certificacion de partida de nacimiento del titular y el nombre del progenitor, representante o tutor que consiente o solicita, antes de permitir avanzar a Verificando identidad.
2. Dado que la marca de NNA esta activa, cuando se muestra el expediente, entonces el sistema despliega siempre el banner de solo lectura sobre la tension entre la LPDP (consentimiento parental) y la Ley Crecer Juntos (adolescentes de 12 a 18 anos pueden autorizar ciertas publicaciones de su imagen), con el texto Requiere validacion de la organizacion o asesoria especializada, sin permitir editarlo ni ocultarlo.
3. Dado que la marca de NNA esta activa, cuando el sistema evalua el expediente, entonces lo vincula al sub-flujo de consentimiento parental de MOD-007 sin fijar automaticamente ninguna regla de edad para decidir si el adolescente puede actuar por si mismo.
4. Dado que se adjunta el carne de minoridad, cuando el Responsable ARCO-POL lo carga, entonces el sistema lo guarda como documento opcional adicional sin exigirlo para avanzar.
5. Dado que la marca de NNA esta activa y falta la partida de nacimiento o el nombre del progenitor, representante o tutor, cuando el Responsable ARCO-POL intenta pasar a Verificando identidad, entonces el sistema bloquea el avance y senala los dos campos pendientes.","- El sistema nunca decide por si mismo si un titular adolescente de 12 a 18 anos puede ejercer un derecho ARCO-POL sin consentimiento parental: muestra ambas normas y deja la decision marcada como pendiente de criterio juridico.
- La activacion del sub-flujo NNA no cambia el workflow general de la seccion F: solo agrega los campos y el aviso de esta HU antes de continuar con la verificacion de identidad.","3","R2","27","HU-011-01","MOD-007","No","OBL-CONS-06, OBL-PRIN-04","Texto legal exacto del banner de tension normativa NNA, validado por Legal.","Si","PP-JUR-05","MOD-011 secciones D.2, D.5, G regla 9"
"HU-011-05","Historia","EP-011","ARCO-POL","MOD-011","Determinar el aprobador por defecto de los actos atribuidos al Delegado","Administrador de la organizacion","Como Administrador de la organizacion, quiero que el sistema determine, para cada acto que la ley atribuye hoy a la figura del Delegado, quien debe aprobarlo segun el estado ACTUAL o FUTURO vigente en MOD-024 y el tipo de rol configurado en MOD-002, para que la prevencion, la incompetencia, la resolucion final y la notificacion a receptores siempre tengan un aprobador valido, incluso el dia que cambie el regimen de la reforma 659.","1. Dado que la bandera regimen_reforma_659 de MOD-024 esta en ACTUAL, cuando el sistema necesita resolver quien aprueba una prevencion, una incompetencia, una resolucion final o una notificacion a receptores, entonces asigna como aprobador por defecto a la persona con el rol Delegado de Proteccion de Datos registrada en MOD-002.
2. Dado que la bandera regimen_reforma_659 cambia de ACTUAL a FUTURO, cuando se crea un expediente nuevo despues del cambio, entonces el sistema asigna como aprobador por defecto a la persona con el rol Responsable interno vigente en MOD-002, sin exigir que esa persona tenga certificacion ante la ACE.
3. Dado un expediente que ya estaba en curso o ya cerrado cuando la bandera cambio de ACTUAL a FUTURO, cuando el sistema evalua quien debe aprobar sus actos pendientes, entonces conserva la regla que estaba vigente al momento de tramitarse, sin recalcularla de forma retroactiva.
4. Dado que Responsable ARCO-POL y Delegado o Responsable interno recaen en la misma persona ocupando dos roles del sistema, cuando esa persona redacta y luego intenta aprobar el mismo borrador, entonces el sistema exige una segunda confirmacion explicita, separada del guardado del borrador, con advertencia visible de autorrevision.
5. Dado que una solicitud involucra datos sensibles o existe riesgo de reclamo ante la Direccion de Proteccion de Datos de la ACE, cuando el Delegado o Responsable interno revisa una denegatoria, entonces el sistema permite escalar la decision a un segundo revisor con el rol Aprobador antes de notificar al titular.
6. Dado un usuario sin el rol Delegado, Responsable interno ni Aprobador, cuando intenta aprobar y emitir una prevencion, una incompetencia, una resolucion final o una notificacion a receptores, entonces el sistema deniega la accion.","- Quien redacta un borrador de prevencion, incompetencia, denegatoria o notificacion nunca es quien lo aprueba y emite, sin excepcion, incluso en pyme donde ambos roles recaigan en la misma persona fisica.
- El Auditor, interno o externo, es siempre de solo lectura y nunca puede coincidir con quien carga evidencia o aprueba una accion en el mismo expediente que audita.
- El cambio de bandera de MOD-024 nunca ocurre por la sola aprobacion legislativa: solo se activa tras confirmacion manual del equipo del producto (anti-feature 14).","5","R2","23","","MOD-002, MOD-024","Si","OBL-ARCO-01, OBL-ARCO-08, OBL-ARCO-10, OBL-ARCO-11, OBL-ARCO-14","","No","","MOD-011 secciones C separacion de funciones, G regla 14, Doble estado de la reforma 659: efecto especifico sobre este modulo"
"HU-011-06","Historia","EP-011","ARCO-POL","MOD-011","Admitir automaticamente la solicitud cuando el checklist del Art. 18 esta completo","Responsable ARCO-POL / Responsable del tramite","Como Responsable ARCO-POL / Responsable del tramite, quiero que el sistema evalue automaticamente el checklist de los 7 elementos del Art. 18 apenas la identidad esta verificada, y que arranque el plazo general apenas la solicitud queda completa, para empezar a contar el plazo legal desde el momento correcto y no depender de un calculo manual.","1. Dado un expediente en Evaluando requisitos Art. 18, cuando todos los campos obligatorios de D.6 y D.7 estan presentes, entonces el sistema lo marca como checklist completo, lo pasa automaticamente a Admitida y pide a MOD-023 el calculo del plazo de 20 dias habiles desde esa fecha.
2. Dado que un expediente pasa a Admitida, cuando el sistema completa la transicion, entonces crea en MOD-021 la tarea Resolver solicitud con fecha limite igual al plazo calculado por MOD-023, asignada por defecto al Responsable ARCO-POL del expediente.
3. Dado el checklist de los 7 elementos del Art. 18, cuando el Responsable ARCO-POL abre el expediente en cualquier momento antes de Admitida, entonces el sistema muestra la marca de cumplido o pendiente de cada uno de los 7 elementos, recalculada con cada edicion.
4. Dado que faltan 5 dias habiles del plazo de 20, o de la prorroga vigente, cuando el sistema evalua las alertas, entonces genera la alerta HIGH Plazo general proximo a vencer al Responsable ARCO-POL y al Delegado o Responsable interno, y la escala a Administrador si faltan 2 dias habiles.
5. Dado que se cumplen los 20 dias habiles, o los 40 con prorroga, sin resolucion, cuando el sistema lo detecta, entonces genera la alerta CRITICAL Plazo general vencido a Delegado o Responsable interno y a Administrador, y ese vencimiento queda registrado de forma permanente en el historial aunque el expediente se cierre despues.
6. Dado que el calendario de dias habiles del ano en curso no esta configurado en MOD-023, cuando el Responsable ARCO-POL intenta admitir una solicitud, entonces el sistema bloquea la admision y muestra la alerta correspondiente.","- El plazo legal de 20 dias habiles nunca se calcula dentro de este modulo: siempre se solicita a MOD-023.
- El plazo de admision no es configurable por la empresa; si lo es a quien se asigna por defecto la tarea generada.","5","R2","23","HU-011-01, HU-011-03","MOD-023, MOD-021","Si","OBL-ARCO-08, OBL-ARCO-10","","No","PP-JUR-02","MOD-011 secciones E, F.2 filas Evaluando requisitos Art. 18 a Admitida, G reglas 1, 4 y 8, I filas Plazo general proximo a vencer y Plazo general vencido"
"HU-011-07","Historia","EP-011","ARCO-POL","MOD-011","Prevenir la solicitud incompleta y archivarla automaticamente si no se subsana","Responsable ARCO-POL / Responsable del tramite","Como Responsable ARCO-POL / Responsable del tramite, quiero generar el borrador de prevencion cuando falte alguno de los 7 elementos del Art. 18, que el Delegado o Responsable interno lo apruebe y emita, dar 10 dias habiles para subsanar, y que el expediente se archive solo si vence sin subsanacion, para cumplir la unica oportunidad de subsanacion que exige la ley antes de poder archivar una solicitud incompleta.","1. Dado un expediente en Evaluando requisitos Art. 18 al que le falta uno o mas de los 7 elementos, cuando el sistema evalua el checklist, entonces genera el borrador de prevencion con la lista de elementos faltantes y pasa el expediente a Prevenida.
2. Dado un borrador de prevencion listo, cuando el Delegado o Responsable interno lo aprueba y lo emite, entonces el sistema notifica al titular, arranca el contador de 10 dias habiles calculado por MOD-023 y registra el evento de aprobacion por separado de quien redacto el borrador.
3. Dado un expediente en Prevenida, cuando el titular aporta la documentacion o el dato faltante antes de vencer los 10 dias habiles, entonces el contador de 10 dias se detiene, el expediente vuelve a Evaluando requisitos Art. 18, y el computo del plazo general de 20 dias habiles sigue corriendo sin suspenderse, mostrando siempre el texto de advertencia de que la ley no precisa si la prevencion suspende ese plazo y de que el sistema aplica por defecto el criterio mas conservador, remitiendo a asesoria legal si el caso es critico.
4. Dado un expediente en Prevenida, cuando se cumplen los 10 dias habiles sin ninguna subsanacion registrada, entonces el sistema archiva automaticamente el expediente en el estado terminal Archivada, notifica al Responsable ARCO-POL y al Delegado o Responsable interno, y deja evidencia del archivo automatico.
5. Dado un expediente Archivado por falta de subsanacion, cuando el titular quiere continuar el tramite, entonces el sistema no permite reabrir ese expediente: el titular debe presentar una solicitud nueva con un numero de expediente distinto.
6. Dado que faltan 3 dias habiles de los 10, cuando el sistema evalua las alertas, entonces genera la alerta WARNING Prevencion proxima a vencer al Responsable ARCO-POL, escalandola al Delegado o Responsable interno si falta 1 dia habil.
7. Dado un borrador de prevencion, cuando el Responsable ARCO-POL intenta aprobarlo y emitirlo el mismo, entonces el sistema deniega la accion porque quien redacta el borrador nunca es quien lo aprueba y emite.","- El plazo de 10 dias habiles no es configurable; si lo es el texto adicional que el Responsable ARCO-POL puede agregar al borrador.
- Un expediente Archivado es terminal: no admite edicion de los campos de fondo, solo anotaciones nuevas y el plazo de retencion.","8","R2","27","HU-011-01, HU-011-03, HU-011-05","MOD-023, MOD-021, MOD-022","No","OBL-ARCO-08","Plantilla de prevencion validada por la organizacion, ficha MOD-011 seccion K.","Si","PP-JUR-04","MOD-011 secciones E, F.2 filas Evaluando requisitos Art. 18 a Prevenida y Prevenida a Evaluando/Archivada, F.3, G reglas 2 y 3, H prevencion suspende o no el plazo, I fila Prevencion proxima a vencer"
"HU-011-08","Historia","EP-011","ARCO-POL","MOD-011","Declarar y notificar la incompetencia dentro de 5 dias habiles","Responsable ARCO-POL / Responsable del tramite","Como Responsable ARCO-POL / Responsable del tramite, quiero declarar que la empresa no es competente sobre los datos solicitados, redactar el borrador de devolucion motivada, y que el Delegado o Responsable interno lo apruebe y notifique al titular dentro de 5 dias habiles, para devolver correctamente al titular una solicitud que no corresponde a esta empresa, sin dejarla sin respuesta.","1. Dado un expediente en Admitida, cuando el Responsable ARCO-POL determina que la empresa no trata los datos solicitados y redacta el borrador de devolucion motivada, entonces el expediente pasa a Declarada incompetente y el sistema pide a MOD-023 el calculo del plazo de 5 dias habiles desde esa declaracion.
2. Dado un borrador de devolucion listo, cuando el Delegado o Responsable interno lo aprueba y lo emite dentro de los 5 dias habiles, entonces el sistema notifica al titular, el expediente pasa al estado terminal Devuelta al titular, y el evento queda registrado para el reporte de cumplimiento de plazos.
3. Dado que faltan dias de los 5 habiles para devolver, cuando el sistema evalua las alertas, entonces genera la alerta WARNING Incompetencia pendiente de devolver al Responsable ARCO-POL, escalandola al Delegado o Responsable interno si falta 1 dia habil.
4. Dado un expediente en estado Devuelta al titular, cuando cualquier usuario intenta reabrirlo o editar sus campos de fondo, entonces el sistema lo impide porque es un estado terminal.
5. Dado un borrador de devolucion, cuando el mismo Responsable ARCO-POL que lo redacto intenta aprobarlo y emitirlo, entonces el sistema deniega la accion por la regla de separacion de funciones.","- El plazo de 5 dias habiles para devolver por incompetencia no es configurable.
- La devolucion motivada por incompetencia orienta al titular, sin que el sistema decida por si mismo si la empresa es o no competente: esa determinacion la hace el Responsable ARCO-POL con criterio humano.","5","R2","27","HU-011-06, HU-011-05","MOD-023, MOD-021, MOD-022","No","OBL-ARCO-09","Plantilla de devolucion motivada por incompetencia, validada por la organizacion.","No","","MOD-011 secciones E, F.2 filas Admitida a Declarada incompetente y Declarada incompetente a Devuelta al titular, G regla 7, I fila Incompetencia pendiente de devolver"
"HU-011-09","Historia","EP-011","ARCO-POL","MOD-011","Prorrogar una sola vez el plazo general por causa justificada","Delegado de Proteccion de Datos (o Responsable interno, si aplica el estado FUTURO)","Como Delegado de Proteccion de Datos (o Responsable interno, si aplica el estado FUTURO), quiero prorrogar el plazo general de 20 dias habiles hasta 20 dias habiles adicionales, dejando registrada la causa justificada, y que el sistema impida una segunda prorroga sobre el mismo expediente, para disponer del tiempo adicional que la ley permite sin perder el control del plazo maximo.","1. Dado un expediente Admitida sin prorroga previa, cuando el Delegado o Responsable interno registra la causa justificada y solicita la prorroga, entonces el sistema pide a MOD-023 el recalculo del plazo hasta 20 dias habiles adicionales y deja constancia de la causa, la fecha y quien la autorizo.
2. Dado un expediente que ya tiene una prorroga registrada, cuando el Delegado o Responsable interno intenta solicitar una segunda prorroga sobre el mismo expediente, entonces el sistema la deniega porque solo se permite una prorroga.
3. Dado que se registra una prorroga, cuando el sistema recalcula la fecha limite, entonces actualiza la alerta de Plazo general proximo a vencer para que se dispare sobre la nueva fecha, sin reiniciar el conteo de los dias habiles ya corridos.
4. Dado un rol distinto de Delegado o Responsable interno, por ejemplo Responsable ARCO-POL, cuando intenta registrar una prorroga, entonces el sistema deniega la accion.
5. Dado que se registra una prorroga, cuando el sistema completa el registro, entonces queda un evento de auditoria distinto del resto del historial del expediente, con la causa justificada visible para el Auditor.","- La prorroga es de hasta 20 dias habiles adicionales, nunca de un plazo distinto ni acumulable mas de una vez.
- El plazo prorrogado sigue calculandose por MOD-023, nunca dentro de este modulo.","5","R2","27","HU-011-06","MOD-023","No","OBL-ARCO-10","","No","","MOD-011 secciones A tabla OBL-ARCO-10, F.1 arranca el plazo de 20 dias habiles, I fila Plazo general proximo a vencer"
"HU-011-10","Historia","EP-011","ARCO-POL","MOD-011","Activar y liberar el bloqueo cautelar del dato durante la rectificacion","Responsable ARCO-POL / Responsable del tramite","Como Responsable ARCO-POL / Responsable del tramite, quiero que el sistema active automaticamente un bloqueo cautelar sobre la referencia al dato cuando se analiza una solicitud de rectificacion, y que lo libere al reconocerse el derecho o al cerrarse el expediente, para cumplir la proteccion que el Art. 9 exige para el titular mientras dura la verificacion del cambio.","1. Dado un expediente de Rectificacion que pasa de Admitida a En analisis de procedencia, cuando el sistema completa la transicion, entonces activa automaticamente el bloqueo cautelar sobre la referencia al Tratamiento del RAT vinculada al expediente y registra la fecha de activacion.
2. Dado un bloqueo cautelar activo, cuando el Delegado o Responsable interno aprueba el reconocimiento de la rectificacion, entonces el sistema libera automaticamente el bloqueo y registra la fecha de liberacion.
3. Dado un bloqueo cautelar activo, cuando el expediente se cierra o se archiva por cualquier via, entonces el sistema libera el bloqueo como parte del cierre, sin dejarlo activo de forma indefinida.
4. Dado que el dato sigue bloqueado despues de vencer el plazo de 20 mas 20 dias habiles sin resolucion, cuando el sistema lo detecta, entonces genera la alerta HIGH Bloqueo cautelar activo por mas del plazo general al Delegado o Responsable interno y al Responsable de area, escalando a Administrador.
5. Dado un expediente que no es de Rectificacion, por ejemplo Cancelacion u Oposicion, cuando pasa a En analisis de procedencia, entonces el sistema no activa ningun bloqueo cautelar automatico, porque esa medida solo esta definida para la rectificacion.","- El bloqueo cautelar aplica exclusivamente a solicitudes de Rectificacion: no existe una regla equivalente documentada para cancelacion u olvido.
- La activacion y la liberacion del bloqueo quedan registradas con fecha, como evidencia disponible para el Auditor.","5","R2","27","HU-011-06","MOD-006","No","OBL-ARCO-03","","No","","MOD-011 secciones E fila Constancia de bloqueo cautelar, F.2 fila Admitida a En analisis de procedencia, I fila Bloqueo cautelar activo por mas del plazo general, J"
"HU-011-11","Historia","EP-011","ARCO-POL","MOD-011","Analizar la procedencia de la solicitud aplicando el checklist tasado de causales","Responsable ARCO-POL / Responsable del tramite","Como Responsable ARCO-POL / Responsable del tramite, quiero aplicar, segun el derecho ejercido, el checklist de causales de procedencia e improcedencia que la ley ya tasa, y dejar registrada la decision de reconocer o de denegar para que una persona la apruebe despues, para no resolver nunca por cuenta propia si la solicitud procede, dejando esa decision a criterio humano.","1. Dado un expediente de Cancelacion en En analisis de procedencia, cuando el Responsable ARCO-POL revisa el caso, entonces el sistema muestra las 7 causales tasadas de procedencia y los 6 supuestos tasados de improcedencia del Art. 10, sin marcar por si mismo cual aplica, y exige que una persona seleccione la conclusion antes de continuar.
2. Dado un expediente de Oposicion en En analisis de procedencia, cuando el Responsable ARCO-POL lo revisa, entonces el sistema muestra el texto Requiere validacion de la organizacion o asesoria especializada junto a la ponderacion de interes legitimo prevalente, sin calcular ni sugerir un resultado.
3. Dado un expediente de Limitacion en En analisis de procedencia, cuando el Responsable ARCO-POL lo revisa, entonces el sistema muestra los 4 supuestos tasados del Art. 13 para que se seleccione el que corresponde, sin decidir automaticamente.
4. Dado un expediente de Cancelacion u Olvido cuyo Tratamiento vinculado tiene, segun MOD-016, un dato en estado retenido por obligacion, cuando el Responsable ARCO-POL abre el analisis de procedencia, entonces el sistema precarga el borrador de denegatoria parcial motivada que genera MOD-016 con el fundamento de retencion, para que el Responsable ARCO-POL lo revise antes de la aprobacion del Delegado.
5. Dado que el Responsable ARCO-POL concluye que la solicitud procede, cuando registra esa conclusion, entonces el expediente pasa a Pendiente de aprobar reconocimiento; si concluye que no procede o corresponde denegar, debe seleccionar una de las 8 causales tasadas del Art. 22 antes de que el expediente pase a Pendiente de aprobar denegatoria.
6. Dado un expediente de Cancelacion por datos disociados, cuando el Responsable ARCO-POL marca esa causal de improcedencia, entonces el sistema exige una confirmacion humana explicita de que la disociacion es efectiva e irreversible antes de aceptarla.
7. Dado que el Responsable ARCO-POL intenta guardar la conclusion de procedencia o improcedencia sin haber completado el checklist de causales correspondiente al derecho ejercido, entonces el sistema bloquea el guardado.","- El sistema nunca decide por si mismo si una causal de cancelacion, oposicion, limitacion o denegatoria aplica a un caso concreto: presenta el checklist tasado y deja la ponderacion a una persona (anti-feature 6, seccion H).
- El contador de 3 dias habiles de la denegatoria arranca cuando se aprueba la decision, no cuando se redacta este analisis (ver HU-011-13).","8","R2","28","HU-011-06","MOD-006, MOD-016","No","OBL-ARCO-04, OBL-ARCO-05, OBL-ARCO-06","","Si","","MOD-011 secciones D.7, F.2 fila En analisis de procedencia a Pendiente de aprobar reconocimiento/denegatoria, F.3 fila Datos disociados, H"
"HU-011-12","Historia","EP-011","ARCO-POL","MOD-011","Aprobar y emitir el reconocimiento del derecho ejercido","Delegado de Proteccion de Datos (o Responsable interno, si aplica el estado FUTURO)","Como Delegado de Proteccion de Datos (o Responsable interno, si aplica el estado FUTURO), quiero aprobar el reconocimiento del derecho que el Responsable ARCO-POL analizo como procedente, y que el sistema ejecute la accion derivada y notifique al titular, para que ninguna resolucion favorable salga hacia el titular sin una aprobacion humana explicita.","1. Dado un expediente en Pendiente de aprobar reconocimiento, cuando el Delegado o Responsable interno aprueba de forma explicita, entonces el expediente pasa a Reconocida, se ejecuta la accion correspondiente, por ejemplo crear en MOD-021 la tarea de eliminacion o de correccion en el area responsable, y se libera el bloqueo cautelar si estaba activo.
2. Dado un expediente en Reconocida, cuando el sistema verifica si el dato ya fue transferido a un receptor previo segun MOD-009 o MOD-010, entonces pasa a Notificando a receptores si existe al menos un receptor vinculado, o a Cerrada si no existe ninguno.
3. Dado un borrador de reconocimiento, cuando el mismo Responsable ARCO-POL que lo redacto intenta aprobarlo, entonces el sistema deniega la accion por la regla de separacion de funciones.
4. Dado un expediente en Pendiente de aprobar reconocimiento, cuando el Delegado o Responsable interno rechaza el borrador en vez de aprobarlo, entonces el expediente vuelve a En analisis de procedencia con el motivo del rechazo registrado, sin considerarse emitido ningun acto.
5. Dado que se aprueba y emite un reconocimiento, cuando el sistema completa el registro, entonces queda un evento de aprobacion con identidad y fecha, distinto del evento de redaccion del borrador, disponible para el Auditor.","- El sistema calcula el plazo, presenta las causales tasadas y prepara el borrador; el Delegado o Responsable interno decide y aprueba antes de que cualquier acto se considere emitido (anti-feature 7).
- La ejecucion de la accion derivada nunca implica que este modulo copie o retenga mas datos del sistema de origen que la referencia necesaria para localizar y ejecutar la accion.","5","R2","28","HU-011-11, HU-011-05","MOD-021, MOD-009","No","OBL-ARCO-04, OBL-ARCO-05, OBL-ARCO-06, OBL-ARCO-07","","No","","MOD-011 secciones F.2 filas Pendiente de aprobar reconocimiento a Reconocida y Reconocida a Notificando a receptores/Cerrada, O"
"HU-011-13","Historia","EP-011","ARCO-POL","MOD-011","Redactar, revisar y notificar la denegatoria motivada dentro de 3 dias habiles","Delegado de Proteccion de Datos (o Responsable interno, si aplica el estado FUTURO)","Como Delegado de Proteccion de Datos (o Responsable interno, si aplica el estado FUTURO), quiero aprobar la denegatoria motivada con la causal tasada seleccionada y sus pruebas, escalarla a un segundo revisor cuando hay datos sensibles o riesgo de reclamo ante la ACE, y notificarla al titular dentro de 3 dias habiles, para no denegar nunca una solicitud sin motivacion ni fuera de las 8 causales que permite el Art. 22.","1. Dado un expediente en Pendiente de aprobar denegatoria con una de las 8 causales tasadas del Art. 22 seleccionada, cuando el Delegado o Responsable interno la aprueba, entonces el expediente pasa a Denegada y el sistema pide a MOD-023 el calculo del plazo de 3 dias habiles desde esa aprobacion, no desde la redaccion del borrador.
2. Dado un expediente con datos sensibles o riesgo de reclamo ante la Direccion de Proteccion de Datos de la ACE, cuando el Delegado o Responsable interno revisa la denegatoria, entonces el sistema exige la aprobacion adicional de un segundo revisor con el rol Aprobador antes de que la denegatoria pueda notificarse.
3. Dado un expediente en Denegada, cuando el Delegado o Responsable interno lo notifica al titular por el medio que este senalo dentro de los 3 dias habiles, entonces el expediente pasa a Cerrada con la fecha de cierre registrada.
4. Dado que faltan dias de los 3 habiles para notificar, cuando el sistema evalua las alertas, entonces genera la alerta HIGH Denegatoria pendiente de notificar al Responsable ARCO-POL, escalandola al Delegado o Responsable interno en el ultimo dia habil.
5. Dado un borrador de denegatoria sin ninguna de las 8 causales tasadas seleccionada, cuando el Delegado o Responsable interno intenta aprobarlo, entonces el sistema bloquea la aprobacion.
6. Dado que el mismo Responsable ARCO-POL que redacto el borrador de denegatoria intenta aprobarlo, entonces el sistema deniega la accion por la regla de separacion de funciones.
7. Dado un expediente denegado en empresa a partir del tamano mediano, cuando el segundo revisor Aprobador rechaza la denegatoria, entonces el expediente vuelve a En analisis de procedencia con el motivo del rechazo registrado.","- Denegar sin motivacion o fuera de las 8 causales tasadas es infraccion muy grave segun el catalogo del Art. 56.
- El contador de 3 dias habiles arranca al aprobarse la decision de denegar, nunca al iniciarse el borrador.","8","R2","28","HU-011-11, HU-011-05","MOD-023, MOD-022","No","OBL-ARCO-12","Plantilla de denegatoria motivada, validada por la organizacion.","Si","","MOD-011 secciones C separacion de funciones y segundo revisor, F.2 filas En analisis de procedencia a Pendiente de aprobar denegatoria y Pendiente de aprobar denegatoria a Denegada/Cerrada, G regla 6, I fila Denegatoria pendiente de notificar"
"HU-011-14","Historia","EP-011","ARCO-POL","MOD-011","Notificar a los receptores de los datos dentro de 5 dias habiles","Responsable ARCO-POL / Responsable del tramite","Como Responsable ARCO-POL / Responsable del tramite, quiero generar automaticamente la lista de receptores a notificar cuando existe un registro de transferencia o de encargado vinculado, y ejecutar cada notificacion dentro de 5 dias habiles, con una tarea manual cuando no exista ese registro formal, para que la rectificacion, la cancelacion o el olvido reconocidos sean efectivos tambien fuera de la empresa.","1. Dado un expediente de Rectificacion, Cancelacion u Olvido que pasa a Reconocida y que tiene un registro de transferencia o de Tercero-Receptor vinculado al Tratamiento en MOD-009 o en MOD-010, cuando el sistema completa la transicion, entonces genera automaticamente la lista de receptores a notificar y pide a MOD-023 el calculo de 5 dias habiles por cada receptor.
2. Dado la lista de receptores generada, cuando el Responsable ARCO-POL ejecuta la notificacion de cada uno dentro del plazo, entonces el sistema deja evidencia de la notificacion individual de cada receptor, con fecha, y cierra esa lista solo cuando todos quedan notificados.
3. Dado que MOD-010 Transferencias Internacionales no esta activo o no existe un registro formal de transferencia para el Tratamiento, cuando el sistema no puede identificar automaticamente a un receptor extranjero, entonces crea en MOD-021 una tarea manual para que el Responsable ARCO-POL identifique a los receptores, sin bloquear el resto del expediente.
4. Dado que no es claro si un encargado, por ejemplo un proveedor de nube, cuenta como receptor a notificar bajo el Art. 21 inciso 3, cuando el sistema construye la lista, entonces aplica por defecto el criterio conservador de tratarlo como receptor, dejando la decision final ajustable por una persona con una nota de riesgo visible.
5. Dado que faltan 2 dias habiles de los 5, cuando el sistema evalua las alertas, entonces genera la alerta WARNING Notificacion a receptores pendiente al Responsable ARCO-POL, escalandola al Delegado o Responsable interno si falta 1 dia habil.
6. Dado que todos los receptores de la lista quedan notificados, cuando el sistema lo detecta, entonces pasa automaticamente el expediente a Cerrada.","- El plazo de 5 dias habiles por receptor no es configurable.
- El sistema no decide de forma definitiva y sin posibilidad de ajuste si un encargado extranjero es o no receptor: aplica el criterio conservador por defecto y lo deja siempre visible como ajustable.","8","R2","28","HU-011-12","MOD-023, MOD-009, MOD-021","No","OBL-ARCO-11","Plantilla de notificacion a receptores, validada por la organizacion.","Si","PP-MAPA-05","MOD-011 secciones E fila Notificacion a receptores, F.2 fila Reconocida a Notificando a receptores, G regla 5, H encargado extranjero como receptor, I fila Notificacion a receptores pendiente, L.2 nota final punto 1"
"HU-011-15","Historia","EP-011","ARCO-POL","MOD-011","Cerrar el expediente y conservarlo sin posibilidad de borrado","Delegado de Proteccion de Datos (o Responsable interno, si aplica el estado FUTURO)","Como Delegado de Proteccion de Datos (o Responsable interno, si aplica el estado FUTURO), quiero cerrar el expediente cuando se agotan todas sus ramas activas, marcar como huerfanas las tareas que sigan abiertas, y que ningun rol pueda eliminar despues el expediente ni su historial, para dejar constancia final del caso y conservarlo como prueba disponible ante un reclamo o una auditoria.","1. Dado un expediente Reconocida sin transferencia previa, o con todos los receptores ya notificados, o Denegada ya notificada al titular, cuando el sistema completa la transicion correspondiente, entonces pasa a Cerrada con la fecha de cierre registrada y calcula la fecha sugerida de fin de retencion enviandola a MOD-016.
2. Dado que un expediente se cierra o se archiva, cuando existen tareas derivadas en MOD-021 que sigan abiertas, entonces el sistema las marca como huerfanas y notifica al Responsable ARCO-POL para su cierre manual.
3. Dado un expediente en estado Cerrada o Archivada, cuando cualquier rol, incluido el Administrador, intenta eliminarlo o eliminar su historial, entonces el sistema deniega la accion porque esa funcion no existe para ningun rol: la unica salida posible es el archivado por vencimiento de retencion, ejecutado por el sistema con aprobacion del Administrador.
4. Dado un expediente Cerrada, cuando el titular presenta un reclamo ante la Direccion de Proteccion de Datos dentro de los 10 dias habiles siguientes a la notificacion, entonces el sistema abre un sub-registro Reclamo ante la ACE vinculado, sin modificar ningun campo de la resolucion original.
5. Dado que faltan 90 dias para cumplirse el plazo de retencion sugerido de 5 anos, cuando el sistema lo detecta, entonces genera la alerta INFO Retencion del expediente proxima a vencer al Administrador y al Auditor, sin escalar.","- Eliminar un expediente o su historial no existe como accion para ningun rol: solo existe archivado por vencimiento de retencion (seccion C).
- El plazo de retencion de 5 anos desde el cierre es el minimo recomendado sin norma expresa (OBL-RET-05, RECOMENDADO); el sistema lo muestra siempre con el texto de que es criterio propio del producto ante ausencia de norma expresa y requiere validacion de asesoria legal, y permite a la empresa configurar un plazo mayor si otra norma lo exige.
- Un expediente Cerrado no se reabre para cambiar la resolucion: el reclamo ante la ACE se anota como evento posterior vinculado, preservando integra la resolucion original.","5","R2","28","HU-011-12, HU-011-13, HU-011-14","MOD-021, MOD-016","No","OBL-ARCO-10, OBL-RET-05","","No","PP-PROD-07","MOD-011 secciones C fila Eliminar un expediente o su historial, F.2 filas Reconocida/Notificando a receptores/Denegada a Cerrada y Cerrada a Reclamo ante la ACE, G regla 11, I fila Retencion del expediente proxima a vencer, seccion Sobre el plazo de retencion"
"HU-011-16","Historia","EP-011","ARCO-POL","MOD-011","Aplicar la gratuidad y la tabla de costos de reproduccion o envio","Responsable ARCO-POL / Responsable del tramite","Como Responsable ARCO-POL / Responsable del tramite, quiero que el sistema calcule si la modalidad de entrega elegida tiene costo segun la tabla publicada en la Politica de Privacidad, y que nunca permita cobrar un monto que no este en esa tabla, para cumplir la gratuidad general del ejercicio de derechos, cobrando unicamente lo que la ley permite y la empresa publico.","1. Dado que el titular elige una modalidad de entrega sin costo segun la tabla publicada en MOD-008, cuando el sistema calcula la tarifa, entonces registra el monto cobrado en 0 con su fundamento de gratuidad.
2. Dado que el titular elige una modalidad de entrega con costo de reproduccion, certificacion o envio previamente publicado en MOD-008, cuando el sistema calcula la tarifa, entonces registra el monto exacto de la tabla publicada como fundamento del cobro.
3. Dado que una modalidad de entrega no tiene ningun monto publicado en la tabla de MOD-008, cuando el Responsable ARCO-POL intenta registrar un cobro por esa modalidad, entonces el sistema bloquea el cobro porque no puede aplicarse un monto no publicado previamente.
4. Dado un registro de tarifa aplicada, cuando se genera, entonces queda disponible en el reporte de tarifas cobradas y en el paquete de evidencia del expediente, visible para Administrador y Auditor.
5. Dado que la empresa no tiene ninguna tabla de costos publicada en MOD-008, cuando el titular presenta cualquier solicitud, entonces el sistema aplica gratuidad total por defecto, sin bloquear el tramite por la ausencia de tabla.","- Solo pueden cobrarse costos de reproduccion, certificacion o envio previamente publicados; el ejercicio de derechos en si mismo es siempre gratuito.
- La tabla de costos se precarga desde la Politica de Privacidad publicada en MOD-008, no se redacta dentro de este modulo.","3","R2","27","HU-011-01","MOD-008","No","OBL-ARCO-13","","No","","MOD-011 secciones D.8, D campos precargados, E fila Registro de tarifa aplicada, N fila Reporte de tarifas cobradas"
"HU-011-17","Historia","EP-011","ARCO-POL","MOD-011","Generar el informe de acceso filtrando los datos de terceros","Responsable ARCO-POL / Responsable del tramite","Como Responsable ARCO-POL / Responsable del tramite, quiero generar el informe de acceso con quienes consultaron los datos del titular, con que proposito y si hubo intercambio con otras instituciones, filtrando automaticamente cualquier dato de un tercero distinto del titular, para responder el derecho de acceso sin revelar nunca datos de otra persona.","1. Dado un expediente de Acceso en En analisis de procedencia, cuando el Responsable ARCO-POL redacta el informe de acceso, entonces el sistema filtra automaticamente cualquier dato identificado como perteneciente a un tercero distinto del titular antes de mostrar el borrador.
2. Dado el borrador del informe de acceso filtrado, cuando el Responsable ARCO-POL lo revisa, entonces el sistema muestra el texto Requiere validacion de la organizacion o asesoria especializada junto a la confirmacion final de que no quedo ningun dato de tercero, dejando esa verificacion como responsabilidad humana antes de aprobar.
3. Dado que el dato del titular involucra una categoria sensible, por ejemplo datos biometricos, cuando el borrador del informe de acceso esta listo, entonces el sistema exige la aprobacion de un segundo revisor con el rol Aprobador antes de que el Delegado o Responsable interno lo apruebe.
4. Dado un informe de acceso aprobado, cuando el Delegado o Responsable interno lo emite, entonces el expediente pasa a Reconocida, se notifica al titular por la modalidad que eligio, y el sistema registra la tarifa aplicada segun HU-011-16.
5. Dado que el informe de acceso incluye el detalle de quienes consultaron los datos del titular, cuando el sistema lo genera, entonces incluye tambien si hubo intercambio con otras instituciones, sin omitir ese elemento exigido por el Art. 8.","- El informe de acceso nunca puede revelar datos de un tercero distinto del titular (Art. 8).
- El filtrado automatico de terceros no sustituye la verificacion humana final antes de aprobar.","5","R2","29","HU-011-06","MOD-006, MOD-009","No","OBL-ARCO-02","Plantilla de informe de acceso, validada por la organizacion.","Si","","MOD-011 secciones D.7 fila Modalidad de acceso solicitada, E fila Informe de acceso, F.3 fila Datos de terceros mezclados con los del titular, H verificacion final de terceros"
"HU-011-18","Historia","EP-011","ARCO-POL","MOD-011","Habilitar la portabilidad condicionada a la base de consentimiento y al tratamiento automatizado","Responsable ARCO-POL / Responsable del tramite","Como Responsable ARCO-POL / Responsable del tramite, quiero que el sistema verifique en el RAT si la base juridica del tratamiento es consentimiento y si el tratamiento es automatizado antes de generar la exportacion portable, marcando la duda como decision humana cuando no este claro, para entregar la portabilidad solo cuando la ley realmente la exige, sin asumir por cuenta propia una base juridica dudosa.","1. Dado un expediente de Portabilidad en En analisis de procedencia, cuando el Responsable ARCO-POL revisa el caso, entonces el sistema consulta en MOD-006 la base juridica y el caracter automatizado del Tratamiento vinculado, mostrando el resultado antes de continuar.
2. Dado que el Tratamiento vinculado tiene base juridica Consentimiento y es automatizado segun el RAT, cuando el Responsable ARCO-POL confirma la procedencia, entonces el sistema genera la exportacion en el formato estructurado que el titular eligio o en el formato por defecto sugerido.
3. Dado que existe duda sobre si la base juridica registrada en el RAT es realmente consentimiento, cuando el Responsable ARCO-POL revisa el caso, entonces el sistema muestra el texto Requiere validacion de la organizacion o asesoria especializada y deja la decision final a una persona, sin generar la exportacion de forma automatica.
4. Dado que el Tratamiento vinculado no tiene base juridica Consentimiento o no es automatizado, cuando el Responsable ARCO-POL lo revisa, entonces el sistema no bloquea el registro del checklist de causales de HU-011-11, permitiendo continuar hacia una denegatoria motivada si corresponde.
5. Dado que se indico un destinatario para el envio directo de los datos portados, cuando el sistema genera la exportacion, entonces deja registrado ese destinatario junto con el formato entregado, disponible en el expediente.","- El sistema verifica lo que esta registrado en el RAT, pero si hay duda sobre si esa base es correcta, la decision final es humana (seccion H).
- La portabilidad comparte el mismo formulario de intake, el mismo motor de plazos y el mismo flujo de aprobacion que los demas derechos, sin un modulo separado.","5","R2","29","HU-011-11","MOD-006","No","OBL-ARCO-07","","Si","","MOD-011 secciones D.7 filas Destinatario de los datos portados y Formato solicitado, H confirmar la base juridica antes de habilitar la portabilidad"
"HU-011-19","Historia","EP-011","ARCO-POL","MOD-011","Exportar el expediente o el paquete de evidencia con verificacion de integridad","Delegado de Proteccion de Datos (o Responsable interno, si aplica el estado FUTURO)","Como Delegado de Proteccion de Datos (o Responsable interno, si aplica el estado FUTURO), quiero exportar el expediente completo o el paquete de evidencia de una solicitud ARCO-POL con un mecanismo que permita comprobar despues que no fue alterado, para entregar una prueba verificable ante una auditoria o ante un requerimiento de la Direccion de Proteccion de Datos de la ACE.","1. Dado un expediente en cualquier estado, cuando el Administrador, el Delegado o Responsable interno, Legal o el Auditor exportan el expediente o su paquete de evidencia, entonces el sistema genera el paquete a traves de MOD-019 con un mecanismo de verificacion de integridad, por ejemplo hash o firma validable de forma independiente.
2. Dado un paquete de evidencia exportado, cuando se genera, entonces incluye el checklist de los 7 elementos del Art. 18 con usuario y fecha de cada marca, el historial completo de estados, las aprobaciones distintas de quien redacto cada borrador, y el registro de tarifa aplicada.
3. Dado que un adjunto de identidad del titular, por ejemplo su DUI, se consulta o se incluye en una exportacion, cuando el sistema completa la operacion, entonces registra en el historial quien accedio al documento y cuando, sin excepcion.
4. Dado un rol sin permiso de exportacion, por ejemplo Responsable de area o Colaborador, cuando intenta exportar el expediente o el paquete de evidencia, entonces el sistema deniega la accion.
5. Dado un Auditor externo invitado con acceso temporal a un expediente puntual, cuando exporta el paquete de evidencia de ese expediente, entonces el sistema limita la exportacion a lo asignado a esa invitacion, sin exponer otros expedientes de la organizacion.","- Todo paquete de evidencias exportado incluye un mecanismo propio de verificacion de integridad, sin excepcion (anti-feature 25).
- El Auditor, interno o externo, exporta y consulta, pero nunca aprueba ni carga evidencia sobre el mismo expediente que audita.","5","R2","29","HU-011-15","MOD-019","No","OBL-ARCO-01, OBL-ARCO-02, OBL-ARCO-08, OBL-ARCO-10, OBL-ARCO-13","","No","","MOD-011 secciones C fila Exportar expediente, J fila Exportacion del expediente completo, N fila Paquete de evidencia de un expediente individual"
"HU-011-20","Historia","EP-011","ARCO-POL","MOD-011","Registrar el reclamo del titular ante la Direccion de Proteccion de Datos como texto libre","Delegado de Proteccion de Datos (o Responsable interno, si aplica el estado FUTURO)","Como Delegado de Proteccion de Datos (o Responsable interno, si aplica el estado FUTURO), quiero anotar, dentro del expediente ya Cerrado, la fecha y el contenido del reclamo que el titular presento ante la Direccion de Proteccion de Datos de la ACE, sin modificar la resolucion original, para dejar constancia inmediata del reclamo desde el primer dia de uso del sistema, aunque la plantilla completa del informe de actuaciones madure mas adelante.","1. Dado un expediente en Cerrada, cuando el titular presenta un reclamo ante la Direccion de Proteccion de Datos dentro de los 10 dias habiles siguientes a la notificacion de la resolucion, entonces el Responsable ARCO-POL o el Delegado registran la fecha del reclamo y su contenido como texto libre, y el sistema abre el sub-registro Reclamo ante la ACE sin alterar ningun campo de la resolucion original.
2. Dado que se registra un reclamo, cuando el sistema completa el registro, entonces genera la alerta CRITICAL Reclamo recibido de la Direccion de Proteccion de Datos al Delegado o Responsable interno, a Legal y al Administrador, de forma inmediata.
3. Dado un reclamo registrado, cuando el sistema crea la tarea derivada, entonces genera en MOD-021 la tarea Preparar informe de actuaciones asignada al Delegado o Responsable interno, sin plantilla dedicada de contenido en el MVP.
4. Dado que se presenta un reclamo fuera de los 10 dias habiles siguientes a la notificacion, cuando el Responsable ARCO-POL intenta registrarlo, entonces el sistema permite igual anotarlo como texto libre, dejando visible que se recibio fuera del plazo de referencia, sin bloquear el registro.
5. Dado un expediente Cerrada con un reclamo registrado, cuando cualquier usuario intenta modificar los campos de fondo de la resolucion original, entonces el sistema lo impide, porque el reclamo es un evento posterior vinculado, nunca una reapertura.","- El registro basico del reclamo, con fecha y contenido en texto libre, entra en el MVP; la plantilla dedicada del informe de actuaciones con contenido estructurado madura en V1, segun la version minima vendible de la ficha y la seccion 19.3 del roadmap.
- La Direccion de Proteccion de Datos no tiene facultad de revocar la resolucion del Delegado, solo de requerir informe: por eso el reclamo nunca modifica la resolucion original.","3","R2","29","HU-011-15","MOD-021, MOD-024","No","OBL-ARCO-14","","No","","MOD-011 secciones F.2 fila Cerrada a Reclamo ante la ACE, G regla 12, I fila Reclamo recibido de la Direccion de Proteccion de Datos, Q fila Reclamo del titular ante la Direccion de Proteccion de Datos, version minima vendible"
"HU-013-01","Historia","EP-013","Incidentes de Seguridad","MOD-013","Reportar un incidente de seguridad","Responsable de Seguridad / IT","Como Responsable de Seguridad / IT, quiero registrar un nuevo incidente de seguridad con los datos minimos iniciales (titulo, fecha y hora de deteccion, quien reporta), para dejar abierto el expediente desde el primer momento en que alguien nota algo anormal, sin esperar a tener toda la informacion.","1. Dado que no existe un incidente previo para este caso, cuando registro un titulo de al menos 5 caracteres, la fecha y hora de deteccion y confirmo quien reporta, entonces el sistema crea el expediente en estado Reportado y registra un evento de auditoria de incidente creado.
2. Dado que estoy registrando el incidente, cuando dejo el titulo con menos de 5 caracteres, entonces el sistema no permite guardar y muestra que el titulo es obligatorio con minimo 5 caracteres.
3. Dado que estoy registrando el incidente, cuando indico una fecha de deteccion posterior al momento actual, entonces el sistema rechaza el valor porque la fecha de deteccion no puede ser futura.
4. Dado que acabo de crear el expediente, cuando aun no he registrado la fecha y hora de conocimiento, entonces el sistema muestra una advertencia visible de que los dos cronometros de 72 horas todavia no han iniciado.
5. Dado un incidente recien creado en estado Reportado, cuando reviso el expediente, entonces el campo quien reporta aparece autocompletado con mi usuario y no puede quedar vacio.
6. Dado que soy un rol sin permiso de crear incidentes, por ejemplo Titular, Auditor interno, Auditor externo, Aprobador, Usuario de consulta o Asesor externo, cuando intento reportar un incidente, entonces el sistema deniega la accion.","- El campo Origen del incidente y el resto de campos de clasificacion no son obligatorios en este paso; se piden progresivamente en estados posteriores, no todos a la vez.
- Nunca se elimina un incidente; solo se archiva o se descarta con justificacion.","3","R2","23","","","No","","","No","","MOD-013 secciones D.1, F.1 y F.2 (transicion inicial), P (riesgo de abandono del formulario), Q"
"HU-013-02","Historia","EP-013","Incidentes de Seguridad","MOD-013","Confirmar la fecha de conocimiento y arrancar los dos cronometros de 72 horas","Responsable de Seguridad / IT","Como Responsable de Seguridad / IT, quiero registrar la fecha y hora exacta en que se tuvo conocimiento de la vulneracion, para que arranquen en paralelo el cronometro de notificacion y el de inicio de la revision exhaustiva, tal como exige el Articulo 25.","1. Dado un incidente en estado Reportado, cuando registro la fecha y hora de conocimiento y no es futura, entonces el sistema pasa el incidente a Triage y arrancan en paralelo el cronometro de notificacion de 72 horas y el cronometro de revision exhaustiva de 72 horas, ambos calculados por el motor de plazos en horas corridas por defecto.
2. Dado que confirmo la fecha de conocimiento, cuando el sistema arranca ambos cronometros, entonces se crean automaticamente en el Centro de Tareas las tareas iniciar revision antes de la fecha limite y notificar antes de la fecha limite, cada una con responsable y fecha limite calculada por el motor de plazos.
3. Dado que confirmo la fecha de conocimiento, cuando el sistema arranca los cronometros, entonces se envia una alerta de nivel INFO al Responsable de Seguridad/IT y al Delegado informando el inicio del plazo.
4. Dado que intento registrar una fecha de conocimiento futura, cuando confirmo el valor, entonces el sistema rechaza el dato porque la fecha de conocimiento no puede ser futura.
5. Dado que la fecha de conocimiento que registro es posterior a la fecha de deteccion ya guardada, cuando intento guardar, entonces el sistema exige un campo de justificacion obligatorio antes de aceptar el valor.
6. Dado un incidente sin fecha de conocimiento registrada, cuando intento avanzar el estado a Triage sin completar este campo, entonces el sistema no permite el avance.
7. Dado que el criterio de computo aplicado es horas corridas por defecto, cuando visualizo cualquiera de los dos cronometros, entonces el sistema muestra siempre el texto de advertencia de que la ley no precisa si el plazo se cuenta en horas corridas u horas habiles y que se aplica el criterio mas conservador.","- La fecha de conocimiento es el dato que dispara ambos plazos legales (OBL-INC-01 y OBL-INC-02); no se calcula ningun plazo mientras no se registre.
- El calculo del plazo lo realiza siempre el motor de plazos (MOD-023), nunca una logica propia de este modulo.
- El criterio de computo por defecto es horas corridas; es el criterio conservador que el sistema aplica mientras la organizacion no lo cambie con el mecanismo de doble control correspondiente.","8","R2","29","HU-013-01","MOD-023, MOD-021, MOD-022","No","OBL-INC-01, OBL-INC-02","","Si","PP-JUR-01, PP-JUR-02","MOD-013 secciones D.1, F.2 (transicion Reportado a Triage), G regla 1, I"
"HU-013-03","Historia","EP-013","Incidentes de Seguridad","MOD-013","Clasificar el incidente en Triage","Responsable de Seguridad / IT","Como Responsable de Seguridad / IT, quiero registrar el origen del incidente y el sistema o proceso afectado, y confirmar que se trata de una vulneracion de datos personales con su tipo y categorias de datos, para que el expediente avance a Investigacion con la informacion base que exige el Articulo 25.","1. Dado un incidente en Triage, cuando registro el origen del incidente entre Interno, Proveedor/Encargado, Terceros/Receptor o Desconocido/en investigacion, y el sistema o proceso afectado, entonces el sistema guarda ambos datos como obligatorios para continuar.
2. Dado un incidente en Triage, cuando marco Es una vulneracion de datos personales bajo el Articulo 25 en Si y registro al menos un tipo de vulneracion y al menos una categoria de datos afectada, entonces el sistema muestra el texto Requiere validacion de la organizacion o asesoria especializada junto a la decision y pasa el incidente a Investigacion.
3. Dado que las categorias de datos afectadas incluyen Biometrica o Salud, cuando guardo la clasificacion, entonces el sistema marca automaticamente incluye datos sensibles en Si, editable solo con una justificacion registrada en el historial.
4. Dado un incidente en Triage, cuando intento marcar Es una vulneracion de datos personales en Si sin haber seleccionado ningun tipo de vulneracion ni ninguna categoria de datos, entonces el sistema no permite avanzar a Investigacion.
5. Dado un incidente cuyo origen es Proveedor/Encargado, cuando lo registro, entonces el sistema acepta el dato sin exigir vincularlo a un proveedor especifico del catalogo de MOD-009 ni bloquear el avance por esa falta de vinculo.
6. Dado un incidente ya clasificado como vulneracion con datos sensibles marcados automaticamente, cuando un usuario habilitado edita ese valor a No, entonces el sistema exige una justificacion visible antes de aceptar el cambio.","- La calificacion de si el evento es una vulneracion de datos personales es una decision humana que el sistema nunca infiere ni cierra automaticamente.
- El catalogo de categorias de datos es el mismo compartido con MOD-006 y MOD-007.","5","R2","29","HU-013-02","MOD-006","No","OBL-INC-01, OBL-SENS-01","","No","","MOD-013 secciones D.1, D.2, F.2 (transicion Triage a Investigacion), H punto 1, Q"
"HU-013-04","Historia","EP-013","Incidentes de Seguridad","MOD-013","Descartar un incidente en Triage por no ser una vulneracion de datos personales","Responsable de Seguridad / IT","Como Responsable de Seguridad / IT, quiero marcar en Triage que el evento reportado no es una vulneracion de datos personales, con una justificacion obligatoria, para cerrar de forma trazable los casos que no activan las obligaciones del Articulo 25, dejando constancia de quien lo decidio y por que.","1. Dado un incidente en Triage, cuando marco Es una vulneracion de datos personales en No y registro una justificacion, entonces el sistema pasa el incidente a Descartado y detiene ambos cronometros de 72 horas.
2. Dado que intento marcar Es una vulneracion de datos personales en No, cuando dejo vacio el campo de justificacion, entonces el sistema no permite el cambio de estado.
3. Dado un incidente que paso a Descartado, cuando reviso su historial, entonces veo el evento de auditoria con la justificacion completa, visible para el rol Auditor interno.
4. Dado un incidente en estado Descartado, cuando un rol distinto de Responsable de Seguridad/IT, Delegado o Responsable Legal/Compliance intenta ejecutar esta transicion, entonces el sistema deniega la accion.
5. Dado un incidente en Descartado, cuando alguien intenta editar los campos ya guardados antes del descarte, entonces el sistema no lo permite: el expediente queda de solo lectura salvo la creacion de una nueva linea de tiempo por reapertura.","- Ninguna norma exige dos personas distintas para descartar un caso, pero la justificacion siempre queda visible para cualquier auditoria posterior.
- Descartado es un estado terminal, reabribile con justificacion.","3","R2","29","HU-013-02","","No","","","No","","MOD-013 secciones D.2, F.1, F.2 (transicion Triage a Descartado), H punto 1"
"HU-013-05","Historia","EP-013","Incidentes de Seguridad","MOD-013","Registrar el inicio de la revision exhaustiva del incidente","Responsable de Seguridad / IT","Como Responsable de Seguridad / IT, quiero registrar formalmente la fecha y hora en que inicia la revision exhaustiva del caso, para dejar evidencia de que la obligacion de iniciar la revision dentro de las 72 horas se cumplio o, si no fue asi, que quede marcada honestamente como vencida.","1. Dado un incidente en Investigacion sin fecha de inicio de revision registrada, cuando la registro dentro de las 72 horas desde la fecha de conocimiento, entonces el sistema la guarda y actualiza el indicador de dashboard de revision iniciada dentro de plazo.
2. Dado un incidente en Investigacion, cuando registro la fecha de inicio de la revision exhaustiva despues de cumplidas las 72 horas desde el conocimiento, entonces el sistema guarda el dato pero marca el hito de revision como vencido en el historial de forma permanente, sin bloquear el avance del caso.
3. Dado que aun no he registrado ninguna accion de contencion, cuando registro hallazgos y confirmo el inicio de la revision, entonces el sistema exige al menos una accion de contencion documentada antes de pasar a Evaluacion, y en su ausencia el caso pasa a Contencion.
4. Dado que ya existe al menos una accion de contencion documentada, cuando registro hallazgos y confirmo el inicio de la revision, entonces el sistema pasa el incidente directamente a Evaluacion.
5. Dado un incidente en Investigacion, cuando intento pasar a Evaluacion sin haber registrado la fecha de inicio de la revision exhaustiva, entonces el sistema no permite el avance.
6. Dado un hito de revision marcado como vencido, cuando cualquier usuario con acceso revisa el expediente, entonces esa marca de vencimiento permanece visible de forma permanente y no puede eliminarse ni editarse.","- La ley exige que la revision inicie, no que concluya, dentro de las 72 horas.
- El vencimiento del hito de revision nunca bloquea el avance del caso; solo queda documentado.","5","R2","29","HU-013-03","MOD-023","No","OBL-INC-02","","No","","MOD-013 secciones D.3, F.1 (nota de Contencion), F.2 (transicion Investigacion a Contencion o Evaluacion), G regla 5"
"HU-013-06","Historia","EP-013","Incidentes de Seguridad","MOD-013","Registrar acciones de contencion inmediata","Responsable de Seguridad / IT","Como Responsable de Seguridad / IT, quiero registrar en una bitacora cada accion de contencion inmediata que se ejecuta, con fecha y usuario, para demostrar que se actuo de inmediato para detener o limitar el dano, como exige el contenido minimo de la notificacion a la ACE y a la Fiscalia General de la Republica.","1. Dado un incidente en cualquier estado desde Reportado en adelante, cuando registro una accion de contencion con su descripcion, entonces el sistema la guarda en la bitacora con fecha, hora y el usuario que la registro.
2. Dado que intento avanzar el incidente al estado Evaluacion, cuando no existe ninguna entrada de contencion registrada, entonces el sistema no permite el avance.
3. Dado una entrada ya guardada en la bitacora de contencion, cuando intento editarla despues de guardada, entonces el sistema no permite modificarla retroactivamente sin dejar rastro del cambio.
4. Dado un incidente con varias entradas de contencion, cuando reviso el expediente, entonces veo todas las entradas ordenadas por fecha, cada una con su autor.
5. Dado que soy un rol sin permiso para modificar el expediente, por ejemplo Auditor interno o Usuario de consulta sin tarea asignada, cuando intento agregar una entrada de contencion, entonces el sistema deniega la accion.","- Las acciones de contencion pueden y deben registrarse desde Reportado o Triage si la urgencia lo exige; el estado formal Contencion solo marca el punto en que se exige al menos una entrada antes de avanzar.","3","R2","27","HU-013-01","","No","OBL-INC-03","","No","","MOD-013 seccion D.3, F.1 (nota de lectura de Contencion), F.2"
"HU-013-07","Historia","EP-013","Incidentes de Seguridad","MOD-013","Evaluar el alcance, impacto y riesgo del incidente con bloqueo de documentacion obligatoria","Responsable de Seguridad / IT","Como Responsable de Seguridad / IT, quiero registrar la cantidad estimada de titulares afectados, el impacto estimado y si existe riesgo en la seguridad de los datos personales, y que el sistema bloquee el avance si faltan los campos obligatorios cuando hay riesgo, para cumplir con la documentacion obligatoria de toda vulneracion con riesgo antes de decidir sobre la notificacion externa.","1. Dado un incidente en Evaluacion, cuando registro la cantidad estimada de titulares afectados y el impacto estimado para los titulares, entonces el sistema los guarda como obligatorios para continuar.
2. Dado un incidente en Evaluacion, cuando marco Existe riesgo en la seguridad de los datos personales en Si, entonces el sistema muestra el texto Requiere validacion de la organizacion o asesoria especializada junto a la decision.
3. Dado que marco Existe riesgo en Si, cuando intento avanzar a Decision sin haber completado cantidad de titulares, impacto estimado y medidas correctivas propuestas, entonces el sistema bloquea el avance con una alerta de nivel HIGH y no permite continuar hasta completarlos.
4. Dado que marco Existe riesgo en No, cuando guardo el valor, entonces el sistema exige una justificacion visible en el historial y marca el caso para revision del Delegado.
5. Dado un tratamiento relacionado sin Evaluacion de Impacto registrada y con categorias Biometrica o Salud marcadas, cuando guardo la evaluacion, entonces el sistema crea una tarea evaluar si corresponde EIPD en el Centro de Tareas, con referencia al incidente como origen y sin cuestionario de scoring propio.
6. Dado que la organizacion tiene marcada la bandera de operador de infraestructura critica, cuando reviso la Evaluacion de un incidente de tipo ciberseguridad, entonces el sistema muestra ese campo condicional en modo lectura, sin bloquear el flujo ni exigir el reporte adicional del Decreto 143.
7. Dado que intento registrar el listado o referencia de titulares afectados, cuando cargo una lista de identificadores internos, entonces el sistema la acepta; cuando el contenido equivale a una extraccion masiva de la base de datos completa, entonces el texto de ayuda advierte que no debe convertirse en una copia masiva de la base afectada.","- El bloqueo por documentacion incompleta con riesgo confirmado no es configurable ni desactivable.
- El sistema nunca calcula un puntaje automatico de riesgo; la decision es siempre humana.
- El expediente nunca almacena una copia de la base de datos comprometida ni el dato personal en si, solo categorias, cantidades y referencias.","8","R2","30","HU-013-05, HU-013-06","MOD-021","No","OBL-INC-04","","No","","MOD-013 secciones D.2, D.3, F.2 (transicion Evaluacion a Decision), G reglas 6, 9 y 10, H punto 2, I"
"HU-013-08","Historia","EP-013","Incidentes de Seguridad","MOD-013","Decidir si corresponde la notificacion externa del incidente","Delegado de Proteccion de Datos (o Responsable interno, si aplica el estado FUTURO)","Como Delegado de Proteccion de Datos (o Responsable interno, si aplica el estado FUTURO), quiero decidir, junto con Responsable Legal/Compliance, si el incidente requiere notificar externamente a la ACE, a la Fiscalia General de la Republica y a los titulares, dejando justificacion si la respuesta es que no corresponde, para dar cumplimiento a la decision que la ley nunca deja en manos del sistema, antes de generar cualquier notificacion.","1. Dado un incidente en Decision con la evaluacion de riesgo completa, cuando decido que si corresponde notificar externamente, entonces el sistema muestra el texto Requiere validacion de la organizacion o asesoria especializada, registra el evento de auditoria de la decision y pasa el incidente a Notificacion.
2. Dado un incidente en Decision, cuando decido que no corresponde notificar externamente, entonces el sistema exige una justificacion obligatoria antes de pasar el caso a Cierre sin notificacion externa justificado.
3. Dado que intento guardar la decision de no notificar sin justificacion, cuando confirmo, entonces el sistema no permite el cambio de estado.
4. Dado que soy Responsable de Seguridad/IT o Responsable de area, cuando intento ejecutar esta decision, entonces el sistema deniega la accion porque solo el Delegado, con co-revision de Responsable Legal/Compliance segun la politica interna, puede decidirla.
5. Dado una decision de no notificar ya registrada, cuando el Auditor interno revisa el historial, entonces la justificacion completa queda visible para cualquier auditoria posterior de la ACE.
6. Dado un incidente cuya evaluacion de riesgo aun no esta completa, cuando intento tomar esta decision, entonces el sistema no permite avanzar hasta que la evaluacion este completa.","- La decision de notificar o no notificar nunca la toma el sistema; solo la registra con su justificacion.
- El corevisor Responsable Legal/Compliance participa segun la politica interna de la organizacion, pero la aprobacion formal siempre requiere la accion explicita del Delegado.","5","R2","30","HU-013-07","","No","OBL-INC-01","","Si","","MOD-013 secciones D.5 parcial, F.2 (transicion Decision), H punto 3"
"HU-013-09","Historia","EP-013","Incidentes de Seguridad","MOD-013","Completar el contenido y generar los borradores diferenciados de notificacion","Responsable de Seguridad / IT","Como Responsable de Seguridad / IT, quiero completar la naturaleza del incidente, los datos comprometidos, las acciones correctivas inmediatas, las recomendaciones al titular y los medios de contacto, y que el sistema genere automaticamente los dos borradores de notificacion diferenciados, para preparar el contenido minimo que exige el Articulo 25 sin arriesgarme a compartir con los titulares informacion reservada a la autoridad.","1. Dado un incidente en Notificacion, cuando completo naturaleza del incidente, datos comprometidos, acciones correctivas inmediatas, recomendaciones al titular y medios de contacto, entonces el sistema genera automaticamente el borrador de notificacion a la ACE y a la Fiscalia General de la Republica con los cinco elementos naturaleza, datos comprometidos, acciones correctivas, recomendaciones y medios de contacto, y el borrador de notificacion a titulares con los cuatro elementos, omitiendo las acciones correctivas inmediatas.
2. Dado que los dos borradores se generan, cuando los reviso, entonces ambos quedan marcados como borrador pendiente de aprobacion y no pueden marcarse como enviados sin la aprobacion del Delegado.
3. Dado que falta cualquiera de los cinco campos de contenido, cuando intento generar los borradores, entonces el sistema no los genera hasta completarlos.
4. Dado el borrador de notificacion a titulares ya generado, cuando lo comparo con el borrador a la ACE y a la Fiscalia, entonces verifico que el contenido de acciones correctivas inmediatas nunca aparece en la version de titulares.
5. Dado que los medios de contacto para mas informacion no incluyen al menos un canal valido, cuando intento guardar el campo, entonces el sistema no lo acepta.
6. Dado cualquiera de los dos borradores generados, cuando lo visualizo, entonces el sistema muestra el texto Documento generado como borrador a partir de la informacion registrada, requiere revision y aprobacion de su organizacion antes de usarse, y puede requerir validacion de asesoria legal especializada.","- Las dos plantillas se generan siempre por separado a partir de los mismos campos base; nunca es una sola plantilla editada a mano.
- El contenido minimo legal de cada plantilla no es configurable; solo el formato o la plantilla visual lo es.","8","R2","30","HU-013-08","","No","OBL-INC-03","Plantilla de notificacion a la ACE y a la Fiscalia General de la Republica con los cinco elementos del Articulo 25, validada por abogado.
Plantilla de notificacion a titulares con los cuatro elementos, sin acciones correctivas, en lenguaje simplificado para publico no especialista, validada por abogado.","Si","","MOD-013 secciones D.4, E, F.2 (transicion Decision a Notificacion), G regla 7, K"
"HU-013-10","Historia","EP-013","Incidentes de Seguridad","MOD-013","Aprobar y marcar como enviada cada notificacion externa","Delegado de Proteccion de Datos (o Responsable interno, si aplica el estado FUTURO)","Como Delegado de Proteccion de Datos (o Responsable interno, si aplica el estado FUTURO), quiero aprobar y marcar como enviada cada notificacion, a la ACE y a la Fiscalia General de la Republica, y a los titulares, registrando fecha, hora, canal y una constancia con verificacion de integridad, para dejar prueba fehaciente de que la empresa cumplio, o de que no cumplio a tiempo, su obligacion de notificar dentro de las 72 horas.","1. Dado un borrador de notificacion pendiente de aprobacion, cuando lo apruebo y registro fecha, hora y canal de envio, entonces el sistema bloquea la edicion de esa version, genera una constancia de envio con hash de integridad verificable y la envia al Centro de Evidencias.
2. Dado que ambas notificaciones, a la ACE y a la Fiscalia, y a los titulares, quedan marcadas como enviadas, cuando se completa la segunda, entonces el sistema pasa el incidente a Remediacion.
3. Dado que soy Responsable de Seguridad/IT, cuando intento aprobar o marcar como enviada una notificacion, entonces el sistema deniega la accion porque ese rol solo prepara el borrador, nunca aprueba.
4. Dado que el envio ocurre despues de cumplidas las 72 horas desde la fecha de conocimiento, cuando marco la notificacion como enviada, entonces el sistema no bloquea el envio pero marca el hito de notificacion como vencido de forma permanente e irreversible en el historial.
5. Dado una notificacion ya marcada como enviada, cuando reviso su constancia, entonces veo fecha, hora, canal, destinatario, la version exacta del contenido enviado y un hash verificable de forma independiente.
6. Dado que apruebo una notificacion a titulares en lote para varios destinatarios, cuando confirmo el envio, entonces el sistema genera la constancia por lote con el mismo mecanismo de integridad.
7. Dado un caso cerrado que tiene el hito de notificacion marcado como vencido en su historial, cuando el Auditor interno o Responsable Legal/Compliance lo consultan, entonces la marca de vencimiento permanece visible de forma permanente en los reportes.","- El sistema nunca envia una notificacion externa por si mismo; siempre exige la aprobacion explicita y trazable del Delegado.
- El vencimiento del plazo de notificacion no se apaga nunca del todo: el incumplimiento queda registrado de forma permanente aunque la notificacion se envie despues.","8","R2","30","HU-013-09","MOD-019, MOD-023","No","OBL-INC-01, OBL-INC-03, OBL-PRIN-03","","No","","MOD-013 secciones E, F.2 (transicion Notificacion a Remediacion), G regla 8, H punto 6, I, J"
"HU-013-11","Historia","EP-013","Incidentes de Seguridad","MOD-013","Recibir alertas y escalamiento de los dos cronometros de 72 horas","Responsable de Seguridad / IT","Como Responsable de Seguridad / IT, quiero recibir alertas automaticas por plataforma y correo cuando cualquiera de los dos cronometros de 72 horas se acerca a su limite o lo vence, con escalamiento y acuse de recibo cuando son criticas, para que ningun plazo legal dependa de que alguien recuerde revisar el sistema.","1. Dado un incidente con el cronometro de notificacion activo, cuando se consume el 50 por ciento del plazo de 72 horas sin notificacion enviada, entonces el sistema envia una alerta WARNING al Responsable de Seguridad/IT y al Delegado por plataforma y correo, y la escala al Administrador si no hay accion en 6 horas.
2. Dado un incidente con el cronometro de notificacion activo, cuando faltan 6 horas para vencer sin notificacion enviada, entonces el sistema envia una alerta CRITICAL al Delegado, al Administrador y al Aprobador cada hora hasta el vencimiento, y exige acuse de recibo obligatorio de quien la recibe.
3. Dado un incidente cuyo cronometro de notificacion llega a cero sin notificacion enviada, cuando se cumplen las 72 horas, entonces el sistema marca el hito de notificacion como vencido de forma permanente y envia una alerta CRITICAL diaria al Administrador, al Delegado y a Legal hasta que se resuelva.
4. Dado un incidente cuyo cronometro de revision llega a 60 horas transcurridas sin haber marcado el inicio de la revision exhaustiva, cuando se alcanza ese umbral, entonces el sistema envia una alerta WARNING al Responsable de Seguridad/IT, escalada al Delegado a las 70 horas.
5. Dado que la notificacion se marca como enviada o el caso pasa a Descartado, cuando esto ocurre, entonces las alertas activas del cronometro de notificacion dejan de repetirse.
6. Dado que una alerta CRITICAL fue enviada, cuando el destinatario no confirma el acuse de recibo dentro de la plataforma, entonces el sistema no la considera atendida y la sigue mostrando como pendiente.
7. Dado un incidente cuyo cronometro de revision ya paso a Investigacion con fecha de inicio registrada, cuando reviso las alertas, entonces la alerta de inicio de revision pendiente ya no se genera para ese caso.","- El registro del vencimiento de cualquiera de los dos cronometros no es desactivable, para preservar la evidencia.","8","R2","30","HU-013-02","MOD-022, MOD-023","No","OBL-INC-01, OBL-INC-02","","No","","MOD-013 seccion I completa, G reglas 2 a 5"
"HU-013-12","Historia","EP-013","Incidentes de Seguridad","MOD-013","Registrar las medidas correctivas definitivas y la actualizacion de politicas","Responsable de Seguridad / IT","Como Responsable de Seguridad / IT, quiero registrar las medidas correctivas definitivas, enlazarlas con el catalogo de Controles de MOD-015 y confirmar si se requiere actualizar la politica de seguridad, para dejar constancia de que el incidente genero una mejora permanente, como exige la revision exhaustiva del Articulo 25.","1. Dado un incidente en Remediacion, cuando registro una medida correctiva definitiva y la enlazo a un Control existente del catalogo de MOD-015, entonces el sistema guarda el vinculo en el expediente.
2. Dado que la medida correctiva definitiva no tiene un Control equivalente en el catalogo de MOD-015, cuando la registro como texto libre, entonces el sistema crea un Control nuevo en MOD-015 referenciando este incidente como origen.
3. Dado un incidente en Remediacion, cuando marco Actualizacion de politicas de seguridad requerida en Si, entonces el sistema crea una tarea de actualizacion de politica en el Centro de Tareas.
4. Dado un incidente en Remediacion, cuando intento avanzar a Cierre sin haber registrado al menos una medida correctiva definitiva, entonces el sistema no permite el avance.
5. Dado que marco Actualizacion de politicas de seguridad requerida en No, cuando guardo el valor, entonces el sistema no crea ninguna tarea de politica y permite continuar.","- El catalogo de controles compartido es el mismo que usan MOD-014 y MOD-015; no se duplica.","5","R2","31","HU-013-10","MOD-015, MOD-021","No","OBL-INC-02","","No","","MOD-013 secciones D.3, F.2 (transicion Remediacion a Cierre), G regla 6"
"HU-013-13","Historia","EP-013","Incidentes de Seguridad","MOD-013","Completar la decision final de cierre del incidente","Delegado de Proteccion de Datos (o Responsable interno, si aplica el estado FUTURO)","Como Delegado de Proteccion de Datos (o Responsable interno, si aplica el estado FUTURO), quiero completar la decision final del caso y su justificacion y, si la organizacion supera el umbral de separacion de funciones, obtener la segunda firma del Aprobador, para cerrar el expediente dejando registrada la evidencia de quien decidio, cuando y con que fundamento.","1. Dado un incidente en Remediacion o en Cierre sin notificacion externa justificado, cuando completo la decision final del caso entre Resuelto con notificacion enviada, Resuelto sin obligacion de notificar, Descartado en Triage o Transferido a otro proceso, y una justificacion de al menos 20 caracteres, entonces el sistema registra el responsable de la decision de forma automatica.
2. Dado que la organizacion esta por encima del umbral configurable de separacion de funciones y quien cierra es la misma persona que investigo y gestiono todo el caso, cuando intento cerrar, entonces el sistema exige una segunda firma del rol Aprobador antes de completar el cierre.
3. Dado que la organizacion esta por debajo del umbral configurable, cuando la misma persona investiga y cierra el caso, entonces el sistema permite el cierre pero muestra una advertencia visible de autorrevision.
4. Dado que intento cerrar el caso con una justificacion de menos de 20 caracteres, cuando confirmo, entonces el sistema no permite el cierre.
5. Dado que el incidente tiene Existe riesgo en Si y los campos de documentacion obligatoria estan incompletos, cuando intento cerrar, entonces el sistema no permite el cierre hasta completarlos.
6. Dado un incidente cerrado, cuando cualquier usuario intenta editar sus campos, entonces el sistema no lo permite: el expediente queda de solo lectura salvo reapertura.
7. Dado que el Aprobador registra la segunda firma, cuando confirma, entonces el sistema deja constancia de su identidad, fecha y hora junto a la del responsable original de la decision.","- Ninguna norma exige dos personas distintas para cerrar un incidente, pero la decision de cierre siempre deja registrada la evidencia de quien decidio, cuando y con que fundamento.
- El umbral de separacion de funciones, con propuesta inicial de 50 empleados, se configura a nivel de organizacion en MOD-001.","8","R2","31","HU-013-08, HU-013-12","MOD-001","No","OBL-INC-04, OBL-PRIN-03","","No","","MOD-013 secciones D.5, F.2 (transiciones a Cierre), H punto 7"
"HU-013-14","Historia","EP-013","Incidentes de Seguridad","MOD-013","Enviar el expediente cerrado a conservacion sin borrado","Administrador de la organizacion","Como Administrador de la organizacion, quiero que al cerrarse un incidente el sistema calcule automaticamente su fecha de conservacion recomendada y proteja el expediente de cualquier eliminacion, para poder demostrarlo ante una eventual investigacion de la ACE, incluso anos despues del cierre.","1. Dado un incidente que pasa a Cierre, cuando el sistema calcula la fecha de conservacion, entonces la establece como la fecha de cierre mas el minimo recomendado configurable de 5 anos por defecto y la registra en el expediente.
2. Dado un incidente cerrado, cuando cualquier rol, incluido el Administrador, intenta eliminarlo, entonces el sistema no ofrece ninguna accion de borrado: el expediente solo puede archivarse cuando se cumpla el plazo de conservacion.
3. Dado un incidente cerrado, cuando el Administrador o el Auditor interno consultan el expediente, entonces ven la fecha de conservacion recomendada junto con la fecha de cierre.
4. Dado que el motor de retencion documental completo, con alertas de vencimiento y archivado automatico activo, aun no existe como modulo propio, cuando se cumple el plazo de conservacion, entonces el expediente permanece protegido de borrado de forma pasiva, sin alerta automatica de vencimiento ni archivado automatico.
5. Dado un incidente cerrado, cuando reviso el evento de auditoria de cierre, entonces veo tambien la fecha de conservacion calculada junto con el responsable y la justificacion del cierre.","- El periodo minimo de conservacion es ajustable por el Responsable Legal dentro del rango recomendado, pero nunca acortable sin excepcion documentada.
- Mientras el motor de retencion documental completo no exista, la proteccion contra el borrado es la unica cobertura activa; no hay alertas de vencimiento ni archivado automatico real.","3","R2","31","HU-013-13","","No","OBL-RET-05","","Si","PP-MAPA-08","MOD-013 secciones E, F.2 (nota de Archivado), G regla 12, J"
"HU-013-15","Historia","EP-013","Incidentes de Seguridad","MOD-013","Reabrir un incidente cerrado o descartado","Delegado de Proteccion de Datos (o Responsable interno, si aplica el estado FUTURO)","Como Delegado de Proteccion de Datos (o Responsable interno, si aplica el estado FUTURO), quiero reabrir un incidente que ya esta en Cierre, en Lecciones aprendidas o en Descartado, con un motivo justificado, para incorporar informacion nueva, por ejemplo un reclamo de un titular o un requerimiento de la ACE, sin perder el expediente original.","1. Dado un incidente en Cierre, en Lecciones aprendidas o en Descartado, cuando registro un motivo de reapertura obligatorio, entonces el sistema pasa el caso a Reabierto y lo dirige a Investigacion o a Evaluacion segun el motivo indicado.
2. Dado que intento reabrir un caso sin registrar el motivo, cuando confirmo la accion, entonces el sistema no permite la reapertura.
3. Dado un incidente reabierto, cuando reviso su historial, entonces el expediente conserva integramente la version anterior, y se abre una nueva linea de tiempo dentro del mismo caso sin sobrescribir lo ya cerrado.
4. Dado que soy Responsable de Seguridad/IT sin el rol Delegado, Responsable Legal/Compliance o Administrador, cuando intento reabrir un caso, entonces el sistema deniega la accion.
5. Dado un incidente reabierto, cuando reviso las tareas asociadas al motivo original, entonces las tareas ya cerradas no se reabren automaticamente: el sistema crea tareas nuevas para el nuevo motivo.","- La reapertura nunca borra ni sobrescribe el expediente original.
- Solo Delegado, Responsable Legal/Compliance o Administrador pueden reabrir un caso.","5","R2","31","HU-013-13, HU-013-04","MOD-021","No","OBL-INC-04, OBL-PRIN-03","","No","","MOD-013 secciones F.1, F.2 (transicion a Reabierto), O"
"HU-013-16","Historia","EP-013","Incidentes de Seguridad","MOD-013","Registrar lecciones aprendidas tras el cierre","Responsable de Seguridad / IT","Como Responsable de Seguridad / IT, quiero registrar de forma opcional las lecciones aprendidas de un incidente ya cerrado, para dejar constancia de lo que la empresa aprendio y facilitar que no se repita.","1. Dado un incidente en Cierre, cuando registro el texto de lecciones aprendidas, entonces el sistema lo guarda y pasa el caso al estado informativo Lecciones aprendidas sin reabrir ni afectar el cierre legal ya realizado.
2. Dado un incidente en Cierre, cuando decido no registrar lecciones aprendidas, entonces el sistema permite que el caso permanezca en Cierre sin exigir este campo.
3. Dado que registro una medida correctiva nueva dentro de las lecciones aprendidas, cuando la guardo, entonces el sistema crea o actualiza un Control en MOD-015.
4. Dado que las lecciones aprendidas senalan una necesidad de capacitacion, cuando lo registro, entonces el sistema puede generar una tarea hacia MOD-017.","- Lecciones aprendidas es un estado terminal informativo; no bloquea el cierre legal ya alcanzado.","2","R2","31","HU-013-13","MOD-015, MOD-017, MOD-021","No","","","No","","MOD-013 secciones D.5, F.2 (transicion Cierre a Lecciones aprendidas), G regla 13"
"HU-013-17","Historia","EP-013","Incidentes de Seguridad","MOD-013","Consultar el checklist de las 72 horas del incidente","Responsable de Seguridad / IT","Como Responsable de Seguridad / IT, quiero ver dentro del expediente un checklist con los pasos minimos exigidos por el Articulo 25 y su estado, para no perder de vista, en medio de la urgencia, ningun paso obligatorio de las 72 horas.","1. Dado un incidente con la fecha de conocimiento registrada, cuando abro el checklist de las 72 horas, entonces veo cada paso minimo, entre ellos confirmar la vulneracion, iniciar la revision, evaluar el riesgo, decidir la notificacion, generar y enviar las notificaciones, y documentar las medidas correctivas, cada uno con su estado pendiente, completado o vencido.
2. Dado un paso ya completado en el expediente, por ejemplo la fecha de inicio de revision ya registrada, cuando reviso el checklist, entonces ese paso aparece marcado como completado sin necesidad de marcarlo manualmente.
3. Dado un paso cuyo plazo ya vencio, por ejemplo la notificacion no enviada a las 72 horas, cuando reviso el checklist, entonces aparece marcado como vencido, en linea con el historial del cronometro correspondiente.
4. Dado un incidente sin fecha de conocimiento registrada todavia, cuando abro el checklist, entonces el sistema muestra que los pasos con plazo aun no aplican porque los cronometros no han iniciado.
5. Dado el checklist de un incidente, cuando lo consulto, entonces cada paso muestra su fundamento legal en segundo nivel, nunca como texto principal de la pantalla.","- El checklist refleja el estado real de los campos y transiciones del expediente; no es una lista aparte que haya que llenar dos veces.","3","R2","30","HU-013-02","MOD-023","No","OBL-INC-01, OBL-INC-02","Contenido del checklist de las 72 horas con los pasos minimos exigidos, revisado por el equipo legal.","No","","MOD-013 secciones E, K, R.2"
"HU-013-18","Historia","EP-013","Incidentes de Seguridad","MOD-013","Consultar el listado de incidentes con filtros","Responsable Legal / Compliance","Como Responsable Legal / Compliance, quiero consultar el listado de incidentes del periodo, con filtros por fecha, severidad, estado y origen, para darle seguimiento gerencial al estado de todos los incidentes, incluidos los que estan por vencer sus cronometros.","1. Dado que existen incidentes registrados en la organizacion, cuando abro el listado del periodo, entonces veo, para cada incidente, titulo, fechas clave, severidad, estado, si hubo notificacion y si fue dentro de plazo.
2. Dado el listado de incidentes, cuando aplico un filtro por rango de fechas, severidad, estado u origen, entonces el sistema muestra solo los incidentes que cumplen ese filtro.
3. Dado que soy Responsable de area sin incidentes asignados, cuando abro el listado, entonces solo veo los incidentes que reporte o que me fueron asignados, nunca el listado completo de la organizacion.
4. Dado el listado filtrado, cuando lo exporto, entonces el sistema lo genera en PDF, XLSX o CSV segun elija.
5. Dado el listado de incidentes, cuando lo reviso, entonces el sistema nunca muestra un porcentaje de cumplimiento legal, solo estado del programa, severidad y plazos.","- El listado nunca usa la expresion cumplimiento legal ni un porcentaje de cumplimiento.
- El acceso respeta los permisos de visibilidad por rol ya definidos en la ficha.","3","R2","31","HU-013-01","","No","","","No","","MOD-013 seccion N, fila Listado de incidentes del periodo"
"HU-013-19","Historia","EP-013","Incidentes de Seguridad","MOD-013","Exportar el expediente de un incidente como paquete de evidencia verificable","Auditor (interno)","Como Auditor (interno), quiero exportar el expediente completo de un incidente, con su bitacora y sus constancias de notificacion, como un paquete verificable, para usarlo como evidencia en una auditoria interna o ante un requerimiento de la ACE.","1. Dado un incidente cerrado, cuando exporto su expediente, entonces el sistema genera un archivo en PDF o ZIP que incluye todos los campos del expediente, la bitacora completa y las constancias de notificacion.
2. Dado el paquete exportado, cuando lo recibo, entonces incluye un mecanismo de verificacion de integridad, hash o firma validable de forma independiente, que permite comprobar despues que no fue alterado.
3. Dado que soy Auditor interno, cuando exporto un expediente, entonces el sistema registra el evento en el historial con quien exporto, cuando y con que filtro.
4. Dado que soy Responsable de area sin acceso al expediente completo, cuando intento exportarlo, entonces el sistema deniega la accion.
5. Dado un incidente aun abierto y no cerrado, cuando lo exporto, entonces el sistema genera igualmente el paquete con el estado actual del expediente, dejando claro que el caso sigue en curso.","- Todo paquete de evidencias exportado incluye verificacion de integridad, sin excepcion.","3","R2","32","HU-013-13","MOD-019","No","OBL-INC-04","","No","","MOD-013 secciones E, J, N, fila Expediente individual de un incidente"
"HU-015-01","Historia","EP-015","Controles de Seguridad","MOD-015","Crear un control de seguridad en el catalogo","Responsable de Seguridad / IT","Como Responsable de Seguridad / IT, quiero registrar un nuevo control de seguridad indicando su nombre, categoria (Organizativa, Tecnica o Fisica), tipo de control, responsable interno y periodicidad de revision, para tener en un solo catalogo cada medida organizativa, tecnica y fisica que exige el Art. 4 de las Politicas de Actuacion de la ACE, con quien responde por ella.","1. Dado que el Responsable de Seguridad / IT completa Nombre del control, Categoria, Tipo de control, Responsable del control y Periodicidad de revision, cuando guarda el formulario, entonces el sistema crea el control en estado Pendiente de implementar y registra el evento de creacion en el historial (AuditLog) con la identidad de quien lo creo.
2. Dado que el campo Nombre del control queda vacio, cuando el usuario intenta guardar, entonces el sistema rechaza el guardado y senala que el nombre es obligatorio.
3. Dado que el usuario escribe mas de 120 caracteres en Nombre del control o mas de 2000 caracteres en Descripcion / alcance, cuando intenta guardar, entonces el sistema rechaza el guardado por exceder el maximo permitido.
4. Dado que el usuario selecciona la categoria Tecnica, cuando abre la lista de Tipo de control, entonces solo ve las opciones del catalogo tecnico (por ejemplo Autenticacion en dos pasos (2FA), Cifrado en reposo, Cifrado en transito, Copias de respaldo, Firewall / antivirus / IDS-IPS, Analisis de vulnerabilidades, Pentesting, Digitalizacion mediante sistema especializado, Protocolo de comunicacion segura (SSL/TLS) para transferencias, Otro), y no ve las opciones de Organizativa ni de Fisica.
5. Dado que el usuario elige el tipo de control Otro, cuando guarda el formulario sin escribir el texto libre que describe ese tipo, entonces el sistema rechaza el guardado por dato obligatorio faltante.
6. Dado un usuario con rol Responsable de area, Usuario de consulta / Colaborador o Auditor (interno), cuando intenta crear un control, entonces el sistema deniega la accion porque su rol no tiene permiso para crear controles.
7. Dado que se crea un control, cuando se guarda, entonces el sistema no ejecuta, instala ni configura ningun control tecnico real en los sistemas de la empresa; solo registra el dato del catalogo.","- El estado inicial de todo control creado es siempre Pendiente de implementar (secciones D y F de la ficha).
- El Tipo de control pertenece al catalogo cerrado de la Categoria elegida; la opcion Otro habilita un texto libre (seccion D).
- Solo Administrador de la organizacion y Responsable de Seguridad / IT pueden crear controles (seccion C, fila Crear control).","3","R2","8","","","No","OBL-SEG-02, OBL-SEG-03, OBL-SEG-05","","No","","MOD-015 secciones C (permisos, fila Crear control), D (campos Nombre del control, Categoria, Tipo de control, Responsable del control, Periodicidad de revision) y F (estado inicial del workflow)"
"HU-015-02","Historia","EP-015","Controles de Seguridad","MOD-015","Editar los datos de un control existente","Responsable de Seguridad / IT","Como Responsable de Seguridad / IT, quiero modificar los campos de un control ya creado, incluido el proveedor externo que lo administra, para mantener el catalogo actualizado cuando cambian los datos de una medida de seguridad.","1. Dado un control existente, cuando el Responsable de Seguridad / IT cambia el Responsable del control y guarda, entonces el sistema aplica el cambio y registra en el historial el valor anterior y el valor nuevo del campo, junto con quien lo cambio y cuando.
2. Dado que se intenta dejar vacio el Nombre del control, la Categoria o el Tipo de control al editar, cuando se guarda, entonces el sistema rechaza el cambio por dato obligatorio faltante.
3. Dado un control en estado Archivado, cuando un usuario intenta editar sus campos, entonces el sistema deniega la edicion y solo permite reactivarlo primero.
4. Dado que el usuario vincula un Proveedor externo asociado desde el catalogo de proveedores, cuando guarda el cambio, entonces el control muestra el nombre del proveedor enlazado junto con el texto de advertencia ""Requiere validacion de la organizacion."" sobre la idoneidad de ese proveedor, sin que el sistema la evalue de forma automatica.
5. Dado un usuario con rol Delegado de Proteccion de Datos (o Responsable interno, si aplica el estado FUTURO), Responsable Legal / Compliance, Responsable de area (RRHH, Marketing, Operaciones, etc.) o Usuario de consulta / Colaborador, cuando intenta editar un control, entonces el sistema deniega la accion.
6. Dado que se cambia la Categoria de un control ya creado, cuando se guarda, entonces el sistema exige elegir de nuevo un Tipo de control valido para la nueva categoria.","- Solo Administrador de la organizacion y Responsable de Seguridad / IT pueden modificar un control (seccion C, fila Modificar control).
- Todo cambio de campo deja valor anterior y valor nuevo en el historial (seccion O).","2","R2","24","HU-015-01","MOD-009","No","OBL-PRIN-03, OBL-PROV-03","","No","","MOD-015 secciones D (campos editables y Proveedor externo asociado), C (permisos) y O (historial de cambios de campo)"
"HU-015-03","Historia","EP-015","Controles de Seguridad","MOD-015","Consultar y filtrar el catalogo de controles segun el rol","Responsable de Seguridad / IT","Como Responsable de Seguridad / IT, quiero ver el catalogo completo de controles con filtros por categoria, estado y responsable, respetando lo que cada rol puede ver, para encontrar rapidamente el estado de cualquier control y saber cuales necesitan atencion.","1. Dado que el Responsable de Seguridad / IT abre el catalogo, cuando aplica un filtro por categoria, estado o responsable, entonces el listado muestra solo los controles que cumplen ese filtro.
2. Dado un usuario con rol Responsable de area (RRHH, Marketing, Operaciones, etc.), cuando consulta el catalogo, entonces solo ve los controles cuyo Ambito de aplicacion incluye un sistema o tratamiento de su area, o Toda la organizacion.
3. Dado un Auditor externo (invitado) con acceso concedido durante una ventana de auditoria, cuando esa ventana vence y el usuario intenta volver a acceder, entonces el sistema le deniega el acceso.
4. Dado un Usuario de consulta / Colaborador o un Asesor externo invitado, cuando abre el modulo, entonces solo ve el control especifico que se le asigno o al que fue invitado, no el resto del catalogo.
5. Dado un usuario con rol Administrador de la organizacion, Delegado de Proteccion de Datos (o Responsable interno, si aplica el estado FUTURO), Responsable Legal / Compliance o Auditor (interno), cuando abre el catalogo, entonces ve la lista completa de controles, en modo lectura o edicion segun el permiso de la seccion C.
6. Dado que no existe ningun control creado todavia en la organizacion, cuando se abre el catalogo, entonces se muestra un listado vacio indicando que no hay controles registrados.","- La visibilidad del catalogo completo depende del rol, segun la tabla de la seccion C (fila Ver catalogo completo).
- El acceso del Auditor externo invitado es temporal y limitado a la ventana de auditoria habilitada.","5","R2","24","HU-015-01","","No","","","No","","MOD-015 secciones B (usuarios) y C (permisos, fila Ver catalogo completo)"
"HU-015-04","Historia","EP-015","Controles de Seguridad","MOD-015","Vincular un control al Sistema o Tratamiento que protege","Responsable de Seguridad / IT","Como Responsable de Seguridad / IT, quiero indicar a que Sistema o Tratamiento del RAT aplica un control, o marcarlo como aplicable a Toda la organizacion, para saber que controles protegen cada tratamiento y poder filtrar el catalogo por tratamiento o sistema.","1. Dado un control en cualquier estado, cuando el Responsable de Seguridad / IT selecciona uno o mas sistemas o tratamientos vigentes del RAT como Ambito de aplicacion y guarda, entonces el control queda vinculado a esos registros.
2. Dado que el control protege a toda la empresa por igual, cuando el usuario elige la opcion Toda la organizacion en Ambito de aplicacion, entonces el sistema acepta esa opcion en lugar de exigir un sistema o tratamiento especifico.
3. Dado un control sin ningun valor en Ambito de aplicacion, cuando el usuario intenta marcarlo como Implementado, entonces el sistema bloquea la transicion y exige completar primero el Ambito de aplicacion.
4. Dado que el usuario completa ademas el campo opcional Sistema o activo asociado con un sistema del catalogo del RAT, cuando guarda, entonces el control queda visible junto a ese sistema cuando se consulta el RAT.
5. Dado un tratamiento del RAT que queda archivado o dado de baja, cuando se consulta un control vinculado a el, entonces el sistema muestra el vinculo como historico sin borrar la referencia.
6. Dado que el usuario filtra el catalogo de controles por un tratamiento especifico del RAT, cuando aplica el filtro, entonces solo ve los controles cuyo Ambito de aplicacion incluye ese tratamiento o Toda la organizacion.","- El Ambito de aplicacion es obligatorio antes de marcar un control como Implementado (seccion D).
- El catalogo de sistemas y tratamientos es propio de MOD-006; MOD-015 solo lo consume por referencia, nunca duplica esa lista (seccion L).","3","R2","24","HU-015-01","MOD-006","No","OBL-PRIN-03","","No","","MOD-015 secciones D (campos Ambito de aplicacion y Sistema o activo asociado) y F (condicion para pasar a Implementado)"
"HU-015-05","Historia","EP-015","Controles de Seguridad","MOD-015","Registrar pais y proveedor de una transferencia en un control SSL/TLS","Responsable de Seguridad / IT","Como Responsable de Seguridad / IT, quiero anotar en un campo de texto libre el pais y el proveedor de una transferencia cuando el tipo de control es Protocolo de comunicacion segura (SSL/TLS) para transferencias, para dejar constancia minima de OBL-SEG-04 mientras el modulo de Transferencias Internacionales no exista todavia.","1. Dado un control de categoria Tecnica con Tipo de control igual a Protocolo de comunicacion segura (SSL/TLS) para transferencias, cuando el Responsable de Seguridad / IT abre el control, entonces el sistema muestra los campos de texto libre Pais de destino y Proveedor de la transferencia.
2. Dado un control de cualquier otro tipo, cuando se abre el control, entonces el sistema no muestra los campos Pais de destino ni Proveedor de la transferencia.
3. Dado que el usuario deja vacios Pais de destino y Proveedor de la transferencia, cuando guarda el control, entonces el sistema permite guardarlo igual porque ambos campos son opcionales.
4. Dado que se completan Pais de destino y Proveedor de la transferencia, cuando se guarda, entonces el sistema los conserva junto con el resto del control y los muestra en el detalle del control.
5. Dado que el modulo de Transferencias Internacionales todavia no existe como modulo estructurado, cuando se necesita registrar el pais y el proveedor de una transferencia, entonces estos dos campos de texto libre dentro del control son la unica forma de dejar esa constancia en el MVP.","- Esta cobertura es generica y temporal mientras MOD-010 no exista como modulo completo (seccion L de la ficha).","2","R2","24","HU-015-01","","No","OBL-SEG-04","","No","","MOD-015 seccion L (cobertura mientras MOD-010 no exista) y D (catalogo Tecnica, subcategoria SSL/TLS)"
"HU-015-06","Historia","EP-015","Controles de Seguridad","MOD-015","Marcar un control como Implementado adjuntando evidencia","Responsable de Seguridad / IT","Como Responsable de Seguridad / IT, quiero adjuntar la evidencia que demuestra que un control ya existe y marcarlo como Implementado, para poder demostrar en cualquier momento que la medida de seguridad esta funcionando desde una fecha concreta.","1. Dado un control en Pendiente de implementar con Ambito de aplicacion ya definido, cuando el Responsable de Seguridad / IT adjunta al menos un archivo de evidencia o una referencia a un documento de Documentos y Politicas, indica la Fecha de implementacion y confirma, entonces el control pasa a Implementado, el sistema calcula la Proxima fecha de revision sumando la Periodicidad de revision a la Fecha de implementacion, y registra el evento en el historial.
2. Dado un control sin ningun archivo de evidencia ni referencia de documento adjunta, cuando el usuario intenta marcarlo como Implementado, entonces el sistema rechaza la transicion por falta de evidencia obligatoria.
3. Dado que el usuario indica una Fecha de implementacion posterior al dia de hoy, cuando intenta guardar, entonces el sistema rechaza el dato por ser una fecha futura.
4. Dado un control sin Ambito de aplicacion definido, cuando el usuario intenta marcarlo como Implementado, entonces el sistema bloquea la transicion y remite a completar primero el Ambito de aplicacion.
5. Dado que se adjunta un archivo de evidencia, cuando se sube, entonces el sistema calcula su hash y lo registra en el Centro de Evidencias junto con la fecha, version y usuario que lo subio, y muestra el texto de ayuda ""Revise que este archivo no contenga datos personales innecesarios antes de subirlo.""
6. Dado que un control pasa a Implementado, cuando el sistema confirma el cambio, entonces muestra el texto ""Requiere validacion de la organizacion o asesoria especializada."" aclarando que el registro de evidencia no certifica que el control sea tecnicamente suficiente o adecuado frente a un riesgo real.
7. Dado que se marca un control como Implementado, cuando el sistema procesa la accion, entonces unicamente registra la evidencia adjunta y no ejecuta, instala, cifra ni configura ningun control tecnico real en la infraestructura de la empresa.
8. Dado un usuario con rol Responsable de area, Delegado de Proteccion de Datos (o Responsable interno, si aplica el estado FUTURO) o Responsable Legal / Compliance, cuando intenta marcar un control como Implementado, entonces el sistema deniega la accion por no tener el permiso requerido.","- La Proxima fecha de revision se calcula sumando la Fecha de implementacion y la Periodicidad de revision (seccion D y automatizacion de la seccion G); si se edita manualmente despues, el sistema exige un motivo.
- Solo Administrador de la organizacion y Responsable de Seguridad / IT pueden ejecutar esta transicion (seccion C y F).","5","R2","24","HU-015-01, HU-015-04","MOD-019, MOD-008","No","OBL-SEG-01, OBL-SEG-02, OBL-SEG-03, OBL-SEG-04, OBL-SEG-05, OBL-SEG-06, OBL-PRIN-03","","No","","MOD-015 secciones D (Evidencia de implementacion, Fecha de implementacion, Proxima fecha de revision), F (transicion Pendiente de implementar a Implementado), G (calculo de proxima revision y hash de evidencia) y H (primera y quinta decision que el sistema no automatiza)"
"HU-015-07","Historia","EP-015","Controles de Seguridad","MOD-015","Exigir un segundo aprobador para implementar un control critico","Administrador de la organizacion","Como Administrador de la organizacion, quiero marcar ciertos controles como criticos para que su paso a Implementado quede bloqueado hasta que un Aprobador distinto lo confirme, para reforzar el control interno sobre las medidas de seguridad mas sensibles, como el cifrado de la base de datos principal.","1. Dado que el Administrador de la organizacion marca un control existente como critico, cuando guarda ese cambio, entonces el sistema recuerda esa marca para los siguientes intentos de pasar ese control a Implementado.
2. Dado un control marcado como critico en Pendiente de implementar con evidencia y Fecha de implementacion completas, cuando el Responsable de Seguridad / IT confirma el paso a Implementado, entonces el sistema no aplica el cambio todavia y crea una tarea de confirmacion para el rol Aprobador.
3. Dado que un usuario con rol Aprobador, distinto de quien registro la evidencia, confirma esa tarea, cuando la confirma, entonces el control pasa a Implementado y el sistema registra en el historial quien confirmo el paso y cuando.
4. Dado que el mismo usuario que registro la evidencia intenta confirmar tambien la aprobacion, cuando lo intenta, entonces el sistema deniega la confirmacion por tratarse de la misma persona.
5. Dado un control que no fue marcado como critico, cuando se marca como Implementado, entonces el sistema aplica el cambio de inmediato sin exigir una segunda confirmacion.
6. Dado un usuario distinto de Administrador de la organizacion, cuando intenta marcar un control como critico, entonces el sistema deniega la accion.","- Marcar un control como critico y exigirle doble control es una configuracion de la empresa, sin exigencia legal directa (seccion C de la ficha).
- Que controles se marcan como criticos es configurable por la empresa (seccion G, automatizacion 8).","5","R2","25","HU-015-06","MOD-021","No","","","No","","MOD-015 secciones C (parrafo de doble control para controles criticos) y G (automatizacion 8)"
"HU-015-08","Historia","EP-015","Controles de Seguridad","MOD-015","Registrar una excepcion de control con justificacion","Responsable de Seguridad / IT","Como Responsable de Seguridad / IT, quiero marcar un control como No aplica - Exceptuado explicando por que no corresponde implementarlo en mi empresa, para dejar constancia de que la falta de implementacion fue una decision documentada y no un simple incumplimiento.","1. Dado un control en Pendiente de implementar, cuando el Responsable de Seguridad / IT escribe una Justificacion de no implementacion de al menos 100 caracteres y confirma, entonces el control pasa a No aplica - Exceptuado y el sistema crea una tarea de aprobacion para el rol Aprobador.
2. Dado una Justificacion de no implementacion de menos de 100 caracteres, cuando el usuario intenta confirmar la excepcion, entonces el sistema rechaza el cambio por justificacion insuficiente.
3. Dado que se va a registrar la excepcion, cuando el sistema muestra el formulario, entonces incluye el texto ""Recuerda que no implementar un control sin buena razon documentada es una infraccion grave (multa de 11 a 25 salarios minimos).""
4. Dado que se confirma una excepcion, cuando el sistema la registra, entonces deja constancia en el historial de quien la creo, cuando y con que justificacion, sin que la excepcion quede aprobada todavia.
5. Dado un usuario con rol Administrador de la organizacion, cuando registra una excepcion, entonces el sistema permite la accion igual que al Responsable de Seguridad / IT.
6. Dado un usuario con rol Delegado de Proteccion de Datos (o Responsable interno, si aplica el estado FUTURO), Responsable Legal / Compliance, Aprobador o Responsable de area, cuando intenta registrar una excepcion, entonces el sistema deniega la accion.","- La Justificacion de no implementacion exige un minimo de 100 caracteres (seccion D).
- Solo Administrador de la organizacion y Responsable de Seguridad / IT pueden registrar una excepcion (seccion C, fila Aprobar excepcion se reserva para el segundo paso).","3","R2","25","HU-015-01","MOD-021","No","OBL-SEG-06","","No","","MOD-015 secciones D (Justificacion de no implementacion), F (transicion a No aplica - Exceptuado) y G (automatizacion de tarea de aprobacion)"
"HU-015-09","Historia","EP-015","Controles de Seguridad","MOD-015","Aprobar o rechazar una excepcion de control","Aprobador","Como Aprobador, quiero revisar la justificacion de una excepcion registrada y aprobarla o rechazarla, para que ninguna excepcion quede vigente sin la revision independiente de una segunda persona.","1. Dado una excepcion pendiente de aprobacion, cuando un usuario con rol Aprobador, distinto de quien la creo, la aprueba, entonces la excepcion queda vigente, el sistema registra la identidad del Aprobador, la fecha y la justificacion en el historial, y el control entra al indicador de excepciones activas como aprobada.
2. Dado una excepcion pendiente, cuando el Aprobador la rechaza indicando un motivo, entonces el control vuelve a Pendiente de implementar y la tarea original se reabre mostrando el motivo del rechazo.
3. Dado que el Aprobador intenta rechazar sin escribir un motivo, cuando lo intenta, entonces el sistema rechaza la accion por motivo obligatorio faltante.
4. Dado que la organizacion esta por debajo del umbral configurable de tamano de pyme, cuando el mismo usuario que creo la excepcion la aprueba el mismo, entonces el sistema permite la aprobacion pero muestra una advertencia visible de autorrevision.
5. Dado que la organizacion esta por encima del umbral configurable de tamano, cuando el mismo usuario que creo la excepcion intenta aprobarla, entonces el sistema deniega la aprobacion por exigir un Aprobador distinto.
6. Dado que el Aprobador abre la pantalla de revision de una excepcion, cuando la abre, entonces el sistema muestra junto a la justificacion el texto ""Requiere validacion de la organizacion o asesoria especializada."", sin calificar por si mismo si la justificacion es razonable.
7. Dado un usuario sin rol Aprobador, cuando intenta aprobar o rechazar una excepcion, entonces el sistema deniega la accion.","- El Aprobador debe ser distinto de quien creo la excepcion, salvo pyme por debajo del umbral configurable, donde se permite la acumulacion mostrando siempre la advertencia de autorrevision (seccion C y 05_tipos_de_usuario.md seccion 5.4).
- Rechazar exige motivo; la tarea original se reabre con ese motivo visible (seccion F).","5","R2","25","HU-015-08","MOD-021","No","OBL-SEG-06","","No","","MOD-015 secciones C (separacion de funciones), F (transiciones Aprobar la excepcion / Rechazar la excepcion) y H (tercera decision que el sistema no automatiza)"
"HU-015-10","Historia","EP-015","Controles de Seguridad","MOD-015","Archivar y reactivar un control","Responsable de Seguridad / IT","Como Responsable de Seguridad / IT, quiero archivar un control que la empresa ya no usa y reactivarlo si vuelve a ser necesario, para sacar del catalogo activo lo que ya no aplica sin perder su historial.","1. Dado un control en cualquier estado no terminal, cuando el Responsable de Seguridad / IT lo archiva indicando un motivo, entonces el control pasa a Archivado, deja de contar en los indicadores del dashboard, y el sistema registra el evento con el motivo en el historial.
2. Dado que el usuario intenta archivar un control sin escribir un motivo, cuando lo intenta, entonces el sistema rechaza la accion por motivo obligatorio faltante.
3. Dado un control Archivado, cuando el Administrador de la organizacion lo reactiva indicando un motivo, entonces el control vuelve a Pendiente de implementar y retoma su ciclo desde cero, con el evento de reapertura registrado en el historial.
4. Dado un control Archivado, cuando cualquier usuario busca una accion para eliminarlo de forma definitiva, entonces el sistema no ofrece ninguna opcion de borrado; archivar es la unica forma de retirarlo y su historial permanece intacto.
5. Dado un control archivado que fue citado como evidencia dentro de un expediente ya cerrado de otro modulo, cuando se consulta ese expediente, entonces el control archivado sigue visible como referencia historica y el archivado no elimina la evidencia ya citada.
6. Dado un usuario con rol distinto de Administrador de la organizacion o Responsable de Seguridad / IT, cuando intenta archivar o reactivar un control, entonces el sistema deniega la accion.","- Archivado es el unico estado terminal y admite reapertura explicita con motivo; no existe borrado real de un control ni de su historial (seccion F y anti-feature 19 de 22_anti_features.md).","3","R2","25","HU-015-01","","No","","","No","","MOD-015 seccion F (transiciones Archivar y Reactivar)"
"HU-015-11","Historia","EP-015","Controles de Seguridad","MOD-015","Precargar el catalogo base de controles al completar el diagnostico","Responsable de Seguridad / IT","Como Responsable de Seguridad / IT, quiero que el sistema cree automaticamente el catalogo base de controles organizativos, tecnicos y fisicos la primera vez que la organizacion completa el diagnostico inicial, para partir de la lista completa de medidas que exige el Art. 4 de las Politicas ACE en vez de armar el catalogo desde cero.","1. Dado que una organizacion completa por primera vez el diagnostico inicial, cuando el diagnostico se guarda, entonces el sistema crea en Pendiente de implementar las seis medidas organizativas del catalogo base (Politica de Proteccion de Datos, Delegado de Proteccion de Datos designado, Capacitacion del personal, Registro de Actividades de Tratamiento, Evaluaciones de Impacto en la Privacidad, Auditorias de cumplimiento) mas los items tecnicos y fisicos mas comunes del catalogo de la seccion D, sin marcar ninguno como ya implementado.
2. Dado que un control del catalogo base corresponde a una de las obligaciones OBL-SEG-01 a 06 u OBL-SENS-05, cuando se crea, entonces el sistema lo marca internamente como control obligatorio del catalogo base, distinto de un control que la propia empresa agregue despues de forma manual.
3. Dado que la organizacion vuelve a completar el diagnostico una segunda vez, cuando lo guarda, entonces el sistema no crea un segundo catalogo base duplicado.
4. Dado que el estado normativo del Centro Regulatorio esta en ACTUAL, cuando se crea el catalogo base, entonces el item organizativo del Delegado se llama Delegado de Proteccion de Datos designado y se marca como obligatorio.
5. Dado que la empresa revisa el catalogo precargado y no necesita alguno de sus items (por ejemplo, no maneja dispositivos fisicos que destruir), cuando el Responsable de Seguridad / IT lo revisa, entonces puede archivarlo con motivo en lugar de dejarlo pendiente de forma indefinida.","- El catalogo base es fijo y no configurable por la empresa; la empresa solo puede archivar despues los items que no le apliquen (seccion G, automatizacion 1).
- OBL-SENS-05 se cubre con el mismo item organizativo Politica de Proteccion de Datos, sin un tipo de control propio adicional (seccion A y D de la ficha).","5","R2","25","HU-015-01","MOD-004, MOD-024","No","OBL-SEG-01, OBL-SEG-02, OBL-SEG-03, OBL-SEG-04, OBL-SEG-05, OBL-SEG-06, OBL-SENS-05","","No","","MOD-015 secciones D (Campos precargados y catalogo detallado de Tipo de control) y G (automatizacion 1); nota sobre el doble estado de la reforma 659 en la seccion A"
"HU-015-12","Historia","EP-015","Controles de Seguridad","MOD-015","Mostrar el indicador de controles con evidencia vigente","Responsable de Seguridad / IT","Como Responsable de Seguridad / IT, quiero ver que porcentaje de los controles aplicables esta en estado Implementado, para saber de un vistazo cuanto del catalogo ya tiene evidencia vigente y cuanto sigue pendiente.","1. Dado el conjunto de controles no archivados de la organizacion, cuando se calcula el indicador Controles con evidencia vigente, entonces el sistema muestra el numero de controles en Implementado dividido entre el total de controles no archivados, multiplicado por 100.
2. Dado que el indicador es 80% o mas, cuando se muestra, entonces aparece en semaforo verde; entre 50% y 79% aparece en amarillo; y por debajo de 50% aparece en rojo.
3. Dado un cambio de estado de cualquier control, cuando el cambio se guarda, entonces el indicador se recalcula de inmediato.
4. Dado un usuario con rol Administrador de la organizacion, cuando consulta el indicador, entonces solo ve el semaforo, sin el detalle de la lista de controles pendientes.
5. Dado un usuario con rol Responsable de Seguridad / IT, cuando consulta el indicador, entonces ve ademas el numero exacto y la lista de controles pendientes.
6. Dado un usuario con rol Responsable Legal / Compliance, cuando consulta el indicador, entonces lo ve con enfasis en los controles marcados como obligatorios del catalogo base.
7. Dado que se muestra este indicador en cualquier vista, cuando se muestra, entonces nunca aparece con la palabra cumplimiento ni como un porcentaje de cumplimiento legal, y siempre aparece junto al banner de descargo estandar del sistema.","- Formula: controles en Implementado dividido entre total de controles no archivados, por 100 (seccion M).
- Umbrales de semaforo 80/50 por ciento son opinion de producto sin respaldo legal (seccion M).
- Ningun indicador de este modulo se expresa como porcentaje de cumplimiento legal (seccion M y anti-feature 5).","5","R2","25","HU-015-06, HU-015-10","","No","OBL-PRIN-03","","No","","MOD-015 seccion M (tabla de indicadores, fila Controles con evidencia vigente)"
"HU-015-13","Historia","EP-015","Controles de Seguridad","MOD-015","Mostrar el indicador de controles obligatorios sin evidencia","Responsable Legal / Compliance","Como Responsable Legal / Compliance, quiero ver cuantos controles del catalogo base obligatorio siguen sin evidencia, para dimensionar el riesgo de la infraccion grave del Art. 56 lit. b antes de que la ACE lo requiera.","1. Dado el conjunto de controles marcados como obligatorios del catalogo base (OBL-SEG-01 a 06), cuando se calcula el indicador, entonces el sistema cuenta cuantos de ellos siguen en estado Pendiente de implementar.
2. Dado que el numero de controles obligatorios sin evidencia es mayor a 0, cuando se muestra el indicador, entonces aparece en rojo.
3. Dado que el numero de controles obligatorios sin evidencia es 0, cuando se muestra el indicador, entonces aparece sin la bandera de riesgo.
4. Dado un usuario con rol Responsable Legal / Compliance o Administrador de la organizacion, cuando consulta el indicador, entonces lo ve vinculado de forma explicita al riesgo de infraccion grave del Art. 56 lit. b.
5. Dado un usuario con rol Responsable de Seguridad / IT, cuando consulta el indicador, entonces ademas ve la lista detallada de esos controles pendientes.
6. Dado que un control obligatorio del catalogo base pasa de Pendiente de implementar a Implementado, o se le aprueba una excepcion, cuando el cambio se guarda, entonces el indicador se recalcula y ese control deja de contarse.","- El indicador cuenta solo controles del catalogo base marcados obligatorios (OBL-SEG-01 a 06) en Pendiente de implementar (seccion E y M).","3","R2","25","HU-015-11","","No","OBL-SEG-06","","No","","MOD-015 secciones E (Bandera de riesgo sancionador) y M (indicador Controles obligatorios sin evidencia o vencidos, limitado en esta epica a sin evidencia)"
"HU-015-14","Historia","EP-015","Controles de Seguridad","MOD-015","Consultar el historial de cambios de un control","Auditor (interno)","Como Auditor (interno), quiero ver la linea de tiempo de un control especifico con quien cambio que y cuando, para verificar de forma independiente la trazabilidad de las medidas de seguridad durante una auditoria.","1. Dado un control con varios cambios de estado y de campos a lo largo del tiempo, cuando el Auditor (interno) abre su historial, entonces ve cada evento en orden cronologico con quien lo hizo, cuando, y el valor anterior y el valor nuevo cuando el evento es un cambio de campo.
2. Dado un control con una excepcion aprobada, cuando se consulta su historial, entonces se ve por separado quien creo la excepcion y quien la aprobo o rechazo, con fecha y justificacion.
3. Dado un archivo de evidencia adjuntado o reemplazado, cuando se consulta el historial, entonces se ve el hash, la version y el usuario que lo subio.
4. Dado un control archivado y luego reactivado, cuando se consulta su historial, entonces ambos eventos aparecen con el motivo indicado por el usuario en cada caso.
5. Dado un usuario con rol Auditor externo (invitado), cuando consulta el historial de un control compartido con el durante su ventana de auditoria, entonces lo ve en modo lectura igual que el Auditor (interno).
6. Dado un usuario sin ningun permiso de lectura sobre el catalogo, cuando intenta abrir el historial de un control, entonces el sistema deniega el acceso.","- El historial es de solo lectura para Auditor (interno) y Auditor externo (invitado); ninguno de los dos puede crear ni aprobar nada (seccion B y C).","2","R2","24","HU-015-01","","No","OBL-PRIN-03","","No","","MOD-015 secciones O (historial) y N (fila Historial de cambios de un control)"
"HU-017-01","Historia","EP-017","Capacitacion","MOD-017","Configurar los parametros generales de capacitacion","Administrador de la organizacion","Como Administrador de la organizacion, quiero configurar la periodicidad de renovacion por defecto y los dias de anticipacion de las alertas de induccion, capacitacion por rol y renovacion, para que el registro general de capacitacion del personal use plazos ajustados a la realidad de mi empresa sin depender de un valor fijo del sistema.","1. Dado que soy Administrador de la organizacion, cuando abro la configuracion general de Capacitacion, entonces puedo ver y editar la periodicidad de renovacion por defecto (Anual, Cada 2 anos o Personalizada), los dias de anticipacion de la alerta de renovacion (por defecto 30), los dias de plazo para completar la induccion de personal nuevo (por defecto 30) y los dias de plazo para completar la capacitacion por rol tras un cambio de rol (por defecto 15).
2. Dado que cambio alguno de estos valores, cuando guardo la configuracion, entonces el sistema aplica el nuevo valor solo a los TrainingRecord que se creen o recalculen desde ese momento, sin modificar retroactivamente los plazos ya calculados de registros existentes.
3. Dado que un usuario no tiene el rol Administrador de la organizacion, cuando intenta abrir esta configuracion, entonces el sistema le deniega el acceso.
4. Dado que dejo un campo de dias en blanco o con un valor no numerico o negativo, cuando intento guardar, entonces el sistema rechaza el cambio y muestra un mensaje de validacion, conservando el ultimo valor valido.
5. Dado que se guarda un cambio de configuracion, cuando reviso el historial del modulo, entonces encuentro un evento de auditoria con el valor anterior, el valor nuevo y quien hizo el cambio.","- La periodicidad de renovacion por defecto es editable y se sugiere Anual (seccion D.1); la norma no fija una periodicidad para OBL-CAP-01.
- Los dias de anticipacion de alertas y los dias de plazo de induccion y de capacitacion por rol son configurables por la empresa (seccion G, filas 1, 2 y 3).","2","R2","28","","","Si","","","No","","MOD-017 seccion B (fila Administrador) y seccion G, filas 1, 2 y 3 (columna Configurable por la empresa)"
"HU-017-02","Historia","EP-017","Capacitacion","MOD-017","Crear y versionar programas de capacitacion general, de induccion y por rol","Delegado de Proteccion de Datos (o Responsable interno, si aplica el estado FUTURO)","Como Delegado de Proteccion de Datos (o Responsable interno, si aplica el estado FUTURO), quiero crear y versionar programas de capacitacion (TrainingProgram) de tipo General, Induccion de personal nuevo o Por rol especifico, con su tema, modalidad, version del material y periodicidad de renovacion, para dejar organizado que se va a ensenar, a quien y con que material, como base del registro de capacitacion que exige OBL-CAP-01.","1. Dado que creo un programa nuevo, cuando completo nombre, tipo de programa (General, Induccion de personal nuevo o Por rol especifico), al menos un tema y al menos un rol o publico destinatario, entonces el programa queda en estado Borrador y registra el evento de creacion en el historial.
2. Dado un programa en Borrador, cuando intento publicarlo, entonces el sistema exige que la modalidad y la version del material esten completas antes de permitir el cambio a Vigente.
3. Dado un programa de tipo distinto de Induccion de personal nuevo, cuando lo publico sin haber elegido una periodicidad de renovacion, entonces el sistema no permite publicarlo porque la periodicidad de renovacion es obligatoria salvo para el tipo Induccion.
4. Dado un programa ya Vigente, cuando registro una nueva version del material y la publico, entonces la version anterior pasa a Archivado conservandose integra para consulta, y la nueva version exige un numero o texto de version mayor que el anterior del mismo programa.
5. Dado un programa en Borrador que ya tiene TrainingRecord asociados, cuando intento descartarlo, entonces el sistema exige un motivo obligatorio antes de pasarlo a Descartado, y los TrainingRecord ya creados quedan marcados para reasignacion manual.
6. Dado que el tipo de programa ya fue elegido al crearlo, cuando intento cambiarlo despues, entonces el sistema no permite editar ese campo.
7. Dado un usuario con rol Responsable de area o Usuario de consulta, cuando intenta crear un programa, entonces el sistema le deniega la accion porque no esta entre los roles habilitados para crear programas.","- Tipo de programa no es editable despues de creado (seccion D.1).
- Version del material debe incrementar respecto a la version anterior del mismo programa (seccion D.1).
- Periodicidad de renovacion es obligatoria salvo cuando Tipo = Induccion de personal nuevo (seccion D.1).
- Transiciones de TrainingProgram segun la tabla F.1: Borrador a Vigente exige version del material y modalidad completas; Vigente a Archivado ocurre por nueva version o fin de vigencia; Descartado y Archivado son estados terminales para esa version.
- Pueden crear programas: Administrador (configuracion general), Delegado o Responsable interno, Responsable Legal, y Responsable de Seguridad/IT solo para programas tecnicos (seccion C).","5","R2","31","","","Si","OBL-CAP-01","","No","","MOD-017 seccion D.1, seccion F.1 y su tabla de transiciones de TrainingProgram, seccion C"
"HU-017-03","Historia","EP-017","Capacitacion","MOD-017","Asignar y dar seguimiento a la asistencia de una persona a una capacitacion","Responsable de area (RRHH, Marketing, Operaciones, etc.)","Como Responsable de area (RRHH, Marketing, Operaciones, etc.), quiero asignar manualmente una capacitacion vigente a una persona de mi area y registrar su asistencia con la fecha, la modalidad y la constancia, para dejar evidencia verificable de que esa persona recibio la capacitacion, tal como exige OBL-CAP-01.","1. Dado un TrainingProgram en estado Vigente, cuando lo asigno a una persona activa de mi area, entonces se crea un TrainingRecord en estado Programada referenciando esa persona y ese programa, con el tema y la modalidad heredados del programa.
2. Dado un TrainingRecord en Programada, cuando registro la fecha en que la persona recibio la capacitacion, confirmo la modalidad y adjunto la constancia o marco el acuse electronico, entonces el registro pasa a Completada.
3. Dado que intento marcar un TrainingRecord como Completada sin haber adjuntado ningun archivo de constancia ni marcado el acuse electronico, cuando confirmo la accion, entonces el sistema la rechaza porque la constancia o el acuse es obligatorio antes de Completada.
4. Dado que intento registrar una fecha de capacitacion posterior al dia de hoy, cuando guardo el registro, entonces el sistema rechaza la fecha porque no puede ser futura.
5. Dado un TrainingRecord en Programada cuya fecha programada ya paso sin registrar asistencia, cuando el sistema revisa los registros vencidos, entonces lo cambia automaticamente a No asistio y genera una alerta de nivel WARNING.
6. Dado un TrainingRecord en No asistio, cuando lo reprogramo indicando un motivo obligatorio, entonces vuelve a Programada y el motivo queda en el historial.
7. Dado que intento asignar o registrar una capacitacion de una persona de un area distinta a la mia, cuando confirmo la accion, entonces el sistema me la deniega porque mi alcance como Responsable de area se limita a mi propia area.","- Constancia o acuse es obligatorio antes de marcar Completada (seccion D.2); el texto de ayuda advierte no adjuntar el expediente laboral completo, solo la constancia de esa sesion.
- Fecha en que recibio la capacitacion no puede ser futura (seccion D.2).
- Transiciones de TrainingRecord segun la tabla F.2: Programada a Completada exige constancia; Programada a No asistio es automatico al pasar la fecha; No asistio a Programada exige motivo.
- Persona debe existir y estar Activa en MOD-001 (seccion D.2), y se referencia por nombre, correo, cargo, area y rol, nunca se duplica su expediente laboral.
- El campo Origen del registro se marca automaticamente como Manual cuando la asignacion la hace una persona (seccion D.2).","5","R2","31","HU-017-02","","Si","OBL-CAP-01, OBL-SEG-02","Plantilla de constancia de asistencia, para las empresas que no cuenten con una propia (seccion K).","No","","MOD-017 seccion D.2, seccion F.2 y su tabla de transiciones de TrainingRecord, seccion C"
"HU-017-04","Historia","EP-017","Capacitacion","MOD-017","Confirmar mi propia asistencia a una capacitacion asignada","Usuario de consulta / Colaborador","Como Usuario de consulta / Colaborador, quiero ver las capacitaciones que se me asignaron y confirmar mi propia asistencia adjuntando mi constancia, para dejar constancia de que recibi la capacitacion sin depender de que otra persona lo registre por mi.","1. Dado que tengo TrainingRecord asignados, cuando entro a mi vista de capacitaciones, entonces veo unicamente los registros que me corresponden a mi, con su tema, modalidad y estado.
2. Dado un TrainingRecord propio en Programada, cuando confirmo la fecha en que recibi la capacitacion y adjunto mi constancia o marco el acuse electronico, entonces el registro pasa a Completada.
3. Dado que intento confirmar mi asistencia sin adjuntar constancia ni marcar el acuse electronico, cuando guardo, entonces el sistema rechaza la accion porque la constancia o el acuse es obligatorio.
4. Dado que intento ver o completar un TrainingRecord que no me pertenece, cuando abro esa pantalla, entonces el sistema me lo deniega.
5. Dado que mi TrainingRecord corresponde a la capacitacion especifica del rol Delegado de Proteccion de Datos, cuando lo completo por autoservicio, entonces la constancia queda igualmente visible para Administrador y Auditor, sin ocultarse por tratarse del Delegado.","- Autoservicio: la propia persona puede registrar y cerrar su TrainingRecord (seccion C).
- Constancia o acuse obligatorio antes de Completada (seccion D.2).
- El autoservicio del Delegado no oculta la constancia a Administrador ni Auditor (seccion C, nota de separacion de funciones).","3","R2","32","HU-017-02, HU-017-03","","No","OBL-CAP-01","","No","","MOD-017 seccion C (fila Usuario de consulta / Colaborador) y nota de separacion de funciones"
"HU-017-05","Historia","EP-017","Capacitacion","MOD-017","Crear automaticamente la induccion de un usuario nuevo dado de alta","Responsable de area (RRHH, Marketing, Operaciones, etc.)","Como Responsable de area (RRHH, Marketing, Operaciones, etc.), quiero que se cree automaticamente un TrainingRecord de induccion y una tarea con fecha limite cuando se da de alta un usuario nuevo en MOD-001, para que ninguna persona nueva empiece a tratar datos personales sin que su induccion quede programada desde el primer dia.","1. Dado que se da de alta un usuario nuevo en MOD-001, cuando el alta se confirma, entonces el sistema crea automaticamente un TrainingRecord en Programada de tipo Induccion de personal nuevo para esa persona, con Origen del registro Induccion automatica al alta (MOD-001).
2. Dado que se creo ese TrainingRecord, cuando el sistema lo procesa, entonces crea en MOD-021 una tarea Completar induccion de [persona] con fecha limite igual a la fecha de alta mas los dias configurados (30 por defecto), dirigida al Responsable de area (RRHH) con copia a la persona nueva.
3. Dado que pasan los dias configurados desde el alta sin que la induccion este Completada, cuando el sistema revisa los pendientes, entonces genera la alerta Induccion pendiente de nuevo ingreso de nivel WARNING hacia el Responsable de area con copia al Delegado, con recordatorio cada 5 dias.
4. Dado que la alerta de induccion pendiente sigue activa 30 dias mas (60 dias desde el alta) sin completarse, cuando se cumple ese plazo, entonces la alerta escala al Administrador de la organizacion.
5. Dado que no existe ningun TrainingProgram Vigente de tipo Induccion de personal nuevo en la organizacion, cuando se da de alta un usuario nuevo, entonces el sistema no puede crear el TrainingRecord de induccion y genera una alerta hacia el Delegado y el Administrador para que publiquen un programa de induccion.
6. Dado que se completa la induccion antes del plazo, cuando el TrainingRecord pasa a Completada, entonces la alerta de induccion pendiente se apaga.","- La creacion del TrainingRecord de induccion al alta no se puede desactivar; solo los dias de plazo son configurables (seccion G, fila 1).
- La alerta de induccion pendiente escala a Administrador a los 60 dias desde el alta si no se completa (seccion I).","3","R2","32","HU-017-02, HU-017-03","MOD-001, MOD-021, MOD-022","No","OBL-CAP-01","","No","","MOD-017 seccion G automatizacion 1; seccion I fila Induccion pendiente de nuevo ingreso; seccion E"
"HU-017-06","Historia","EP-017","Capacitacion","MOD-017","Asignar automaticamente la capacitacion por rol al cambiar de rol un usuario","Responsable de area (RRHH, Marketing, Operaciones, etc.)","Como Responsable de area (RRHH, Marketing, Operaciones, etc.), quiero que se asigne automaticamente el programa de capacitacion por rol correspondiente cuando una persona de mi area cambia a un rol con capacitacion asociada, para que quien asume Responsable ARCO-POL, Responsable de Seguridad/IT, RRHH o Marketing quede cubierto por la capacitacion que su nueva funcion requiere sin tener que recordarlo manualmente.","1. Dado que un usuario cambia a un rol que tiene un TrainingProgram Vigente de tipo Por rol especifico asociado, cuando el cambio de rol se confirma en MOD-001, entonces el sistema crea automaticamente un TrainingRecord en Programada para esa persona y ese programa, con Origen del registro Asignacion por cambio de rol (MOD-001).
2. Dado que el rol nuevo no tiene ningun TrainingProgram Vigente de tipo Por rol asociado, cuando ocurre el cambio de rol, entonces el sistema no crea ningun TrainingRecord.
3. Dado que la asociacion entre un rol y un programa es configurable por la empresa, cuando el Administrador o el Delegado la definen, entonces el sistema usa esa asociacion para decidir si dispara la creacion automatica.
4. Dado que pasan los dias configurados (15 por defecto) desde el cambio de rol sin completar el TrainingRecord, cuando el sistema revisa los pendientes, entonces genera la alerta Capacitacion por rol faltante tras cambio de rol de nivel WARNING hacia el Responsable de area y el Delegado, con recordatorio cada 5 dias y escalamiento al Delegado a los 15 dias.
5. Dado que se completa el TrainingRecord antes del plazo, cuando pasa a Completada, entonces la alerta de capacitacion por rol faltante se apaga.","- La asociacion entre rol y programa por rol es configurable por la empresa (seccion G, fila 2).
- La alerta de capacitacion por rol faltante escala al Delegado a los 15 dias (seccion I).","3","R2","32","HU-017-02, HU-017-03","MOD-001, MOD-021, MOD-022","No","OBL-CAP-01","","No","","MOD-017 seccion G automatizacion 2; seccion I fila Capacitacion por rol faltante tras cambio de rol"
"HU-017-07","Historia","EP-017","Capacitacion","MOD-017","Calcular y ejecutar la renovacion automatica de una capacitacion","Delegado de Proteccion de Datos (o Responsable interno, si aplica el estado FUTURO)","Como Delegado de Proteccion de Datos (o Responsable interno, si aplica el estado FUTURO), quiero que el sistema calcule la proxima renovacion de cada capacitacion completada, avise antes de que venza y cree automaticamente un nuevo registro si vence sin renovarse, para que ninguna capacitacion con periodicidad de renovacion quede vencida sin que nadie lo note.","1. Dado un TrainingRecord que pasa a Completada y cuyo programa relacionado tiene una periodicidad de renovacion distinta de Sin renovacion, cuando se completa, entonces el sistema calcula el campo Proxima renovacion como la fecha de la capacitacion mas la periodicidad del programa, usando el motor de calendario de MOD-023.
2. Dado un TrainingRecord Completada, cuando faltan los dias de anticipacion configurados (30 por defecto) para su Proxima renovacion, entonces el sistema lo cambia a Proxima a vencer y crea en MOD-021 una tarea de renovacion para la persona, con alerta INFO que sube a WARNING a 5 dias del vencimiento.
3. Dado un TrainingRecord en Proxima a vencer, cuando se cumple la fecha de Proxima renovacion sin un nuevo registro Completada, entonces el sistema lo cambia a Vencida, genera la alerta HIGH hacia la persona, el Responsable de area y el Delegado, y crea automaticamente un nuevo TrainingRecord en Programada para el mismo programa y persona.
4. Dado un TrainingRecord en Proxima a vencer o Vencida, cuando se registra un nuevo TrainingRecord Completada para el mismo programa y persona, entonces la alerta correspondiente se apaga y el registro vencido conserva su estado historico sin reescribirse.
5. Dado un TrainingRecord Vencida cuya alerta HIGH sigue activa 15 dias, cuando se cumple ese plazo, entonces la alerta escala al Delegado.
6. Dado un programa cuya periodicidad de renovacion es Sin renovacion, cuando su TrainingRecord pasa a Completada, entonces el sistema no calcula ninguna Proxima renovacion ni genera ningun ciclo de vencimiento.","- Proxima renovacion se calcula siempre contra MOD-023, nunca con una fecha fija local (seccion P riesgos).
- La renovacion es siempre un TrainingRecord nuevo, nunca reescribe el registro vencido anterior (seccion F.2).
- Vencida es terminal para esa instancia especifica; el nuevo registro de renovacion sigue su propio ciclo desde Programada (seccion F.2).","5","R2","32","HU-017-03","MOD-023, MOD-021, MOD-022","No","OBL-CAP-01","","No","","MOD-017 seccion G automatizaciones 3 y 4; seccion F.2; seccion I fila Capacitacion proxima a vencer / vencida"
"HU-017-08","Historia","EP-017","Capacitacion","MOD-017","Notificar a MOD-002 la constancia de capacitacion del Delegado","Delegado de Proteccion de Datos (o Responsable interno, si aplica el estado FUTURO)","Como Delegado de Proteccion de Datos (o Responsable interno, si aplica el estado FUTURO), quiero que cada vez que complete mi propia capacitacion especifica el sistema avise al expediente del Delegado en MOD-002, para que esa constancia quede disponible como insumo de mi capacitacion anual (OBL-DPO-05) y de mi reverificacion cada 3 anos (OBL-DPO-04), sin tener que cargarla dos veces.","1. Dado que se completa un TrainingRecord cuyo programa tiene como rol destinatario a Delegado de Proteccion de Datos, cuando el registro pasa a Completada, entonces el sistema notifica a MOD-002 que hay una constancia nueva disponible para el campo fecha_ultima_capacitacion_delegado, sin escribir ese campo directamente.
2. Dado que la persona con rol Delegado completa cualquier TrainingRecord dentro de la ventana de su ciclo de reverificacion de 3 anos, cuando el registro pasa a Completada, entonces esa constancia queda disponible como adjunto sugerido para cuando MOD-002 inicie el flujo de reverificacion del perfil del delegado.
3. Dado que se envia la notificacion hacia MOD-002, cuando reviso el historial del modulo, entonces encuentro el evento con fecha y referencia al TrainingRecord de origen.
4. Dado un TrainingRecord Completada cuyo programa no tiene como rol destinatario a Delegado de Proteccion de Datos, cuando se completa, entonces el sistema no genera ninguna notificacion hacia MOD-002.
5. Dado que la notificacion ya se envio para un TrainingRecord, cuando ese mismo registro se consulta de nuevo, entonces el sistema no la duplica ni la reenvia.","- MOD-017 conserva el registro original; MOD-002 solo referencia o adjunta la constancia, sin duplicar el campo (seccion D.2, precarga).
- MOD-017 nunca escribe directamente los campos fecha_ultima_capacitacion_delegado ni atestados_reverificacion de MOD-002, solo notifica (seccion G, automatizaciones 8 y 9).","3","R2","32","HU-017-03","MOD-002, MOD-022","No","OBL-DPO-04, OBL-DPO-05","","No","","MOD-017 seccion G automatizaciones 8 y 9; seccion D.2 precarga; seccion E"
"HU-017-09","Historia","EP-017","Capacitacion","MOD-017","Elaborar el borrador del plan anual de capacitacion e induccion","Delegado de Proteccion de Datos (o Responsable interno, si aplica el estado FUTURO)","Como Delegado de Proteccion de Datos (o Responsable interno, si aplica el estado FUTURO), quiero elaborar el borrador del plan anual de capacitacion e induccion agregando los programas del ano y el documento formal del plan, para cumplir con el deber de elaborar ese plan mientras exista la figura del Delegado en la empresa.","1. Dado que soy Delegado de Proteccion de Datos o Responsable interno activo en MOD-002, cuando creo un TrainingProgram de Tipo Plan anual, entonces el sistema exige que el campo Elaborado / propuesto por sea un usuario con ese rol activo.
2. Dado que elaboro el plan anual, cuando selecciono los Programas incluidos, entonces el sistema exige al menos un programa y valida que incluya al menos un programa de Tipo Induccion de personal nuevo antes de permitir publicarlo.
3. Dado que el plan esta en Borrador, cuando adjunto o referencio el Documento del plan, entonces el sistema lo vincula al mismo documento por referencia que se muestra en el campo plan_capacitacion_personal de MOD-002, sin duplicarlo.
4. Dado que el Responsable Legal / Compliance co-edita el borrador del plan, cuando guarda sus cambios, entonces el sistema los registra en el historial igual que los del Delegado.
5. Dado que intento publicar el plan anual sin haber incluido ningun programa de Tipo Induccion de personal nuevo, cuando confirmo la publicacion, entonces el sistema la rechaza y muestra que falta ese programa obligatorio.
6. Dado que un usuario sin el rol Delegado, Responsable interno o Responsable Legal intenta elaborar o editar el plan anual, cuando lo intenta, entonces el sistema le deniega la accion, salvo el Administrador en una organizacion pyme, que puede hacerlo con una advertencia visible de autorrevision.","- Elaborado / propuesto por es obligatorio y debe tener rol Delegado o Responsable interno activo en MOD-002 cuando Tipo = Plan anual (seccion D.1).
- Programas incluidos debe tener al menos un programa y al menos uno de Tipo Induccion de personal nuevo (seccion D.1).
- Documento del plan se enlaza por referencia con el campo plan_capacitacion_personal de MOD-002, sin duplicarse (seccion D.1 y nota final punto 3).
- Periodicidad del plan anual es fija de 1 ano (seccion D.1).","5","R2","32","HU-017-02","MOD-002, MOD-008","No","OBL-CAP-02","","No","","MOD-017 seccion D.1 (filas Elaborado/propuesto por, Programas incluidos, Documento del plan); seccion C; seccion F.1"
"HU-017-10","Historia","EP-017","Capacitacion","MOD-017","Aprobar y publicar el plan anual de capacitacion e induccion","Aprobador","Como Aprobador, quiero aprobar y publicar el plan anual de capacitacion e induccion elaborado por el Delegado, para que el plan quede como version oficial solo despues de una revision separada de quien lo elaboro.","1. Dado un plan anual en Borrador con Elaborado por, Programas incluidos con induccion y Documento del plan completos, cuando lo apruebo y publico, entonces el sistema exige que yo, como Aprobador, sea una persona distinta de quien lo elaboro.
2. Dado que la organizacion esta por debajo del umbral configurable de separacion de funciones, cuando la misma persona que elaboro el plan intenta tambien aprobarlo, entonces el sistema lo permite pero muestra una advertencia visible de autorrevision.
3. Dado que publico el plan anual, cuando la publicacion se confirma, entonces el TrainingProgram pasa a Vigente, el documento queda enviado a MOD-019 con verificacion de integridad, y se notifica a MOD-002 para actualizar por referencia su campo plan_capacitacion_personal.
4. Dado que se publica una nueva version del plan anual, cuando la version anterior deja de ser la vigente, entonces esa version anterior pasa a Archivado y se conserva integra para consulta, sin reescritura retroactiva de su caracter de obligatorio en el momento en que se publico.
5. Dado que intento publicar el plan anual sin que exista el Documento del plan referenciado, cuando confirmo la publicacion, entonces el sistema la rechaza.
6. Dado que se publica el plan anual, cuando reviso el historial, entonces encuentro el evento de publicacion con la identidad de quien lo elaboro y de quien lo aprobo.
7. Dado un usuario sin el rol Aprobador, cuando intenta aprobar o publicar el plan anual, entonces el sistema le deniega la accion.","- Publicar el plan anual exige un Aprobador distinto de quien lo elaboro, salvo pyme por debajo del umbral configurable, con advertencia de autorrevision (seccion C, separacion de funciones).
- Al publicarse, el documento queda en MOD-019 con verificacion de integridad y se notifica a MOD-002 (seccion F.1; seccion G automatizacion 10).
- Ninguna version publicada se elimina; una version archivada sigue siendo consultable (seccion F.1).","8","R2","32","HU-017-09","MOD-002, MOD-008, MOD-019","No","OBL-CAP-02","Plantilla Plan anual de capacitacion e induccion, marcada como borrador que requiere revision y aprobacion de la organizacion antes de considerarse el plan oficial (seccion K).","Si","","MOD-017 seccion F.1 (transicion Borrador a Vigente del Plan anual); seccion C separacion de funciones; seccion G automatizacion 10; seccion K"
"HU-017-11","Historia","EP-017","Capacitacion","MOD-017","Recibir recordatorio para elaborar o actualizar el plan anual antes de su vencimiento","Delegado de Proteccion de Datos (o Responsable interno, si aplica el estado FUTURO)","Como Delegado de Proteccion de Datos (o Responsable interno, si aplica el estado FUTURO), quiero recibir una tarea y una alerta antes de que se cumpla el aniversario del plan anual publicado, para no dejar vencer el ciclo anual del plan de capacitacion e induccion que debo elaborar.","1. Dado que existe un usuario con rol Delegado o Responsable interno activo en MOD-002 y falta 60 dias para el aniversario del ultimo plan anual publicado (o nunca existio uno), bajo la bandera regimen_reforma_659 en ACTUAL, cuando el sistema revisa los ciclos anuales, entonces crea en MOD-021 la tarea Elaborar/actualizar el plan anual de capacitacion e induccion dirigida a esa persona, calculando la fecha con MOD-023.
2. Dado que la tarea ya se creo a los 60 dias, cuando faltan 30 dias para el vencimiento del ciclo, entonces el sistema genera un recordatorio adicional de la misma tarea.
3. Dado que pasa la fecha del ciclo anual sin que se publique un nuevo plan, cuando el sistema revisa el vencimiento, entonces genera la alerta Plan anual vencido de nivel HIGH hacia el Delegado y el Administrador, con repeticion semanal.
4. Dado que la alerta de plan anual vencido sigue activa 15 dias sin iniciarse la elaboracion, cuando se cumple ese plazo, entonces escala al Administrador; y si siguen sin iniciarla 30 dias, escala ademas a Gerencia.
5. Dado que la alerta de plan anual vencido esta activa, cuando se muestra al usuario, entonces incluye el texto de advertencia de que la ausencia del plan anual podria leerse como incumplimiento de la medida organizativa de capacitacion, aclarando que esta lectura requiere validacion de asesoria juridica.
6. Dado que se publica el nuevo plan anual, cuando la publicacion se confirma, entonces tanto la tarea recordatoria como la alerta de plan anual vencido se apagan.","- El recordatorio se crea a los 60 y a los 30 dias antes del vencimiento del ciclo anual, o si nunca existio un plan publicado (seccion G automatizacion 5).
- La alerta de plan anual vencido no atribuye una infraccion especifica a OBL-CAP-02 sin advertencia de validacion legal (seccion I, correccion de la nota final punto 5).","3","R2","32","HU-017-09, HU-017-10","MOD-023, MOD-021, MOD-022, MOD-002","No","OBL-CAP-02","","Si","","MOD-017 seccion G automatizacion 5; seccion I filas Plan anual proximo a vencer y Plan anual vencido"
"HU-017-12","Historia","EP-017","Capacitacion","MOD-017","Aplicar el efecto de la bandera de la reforma 659 sobre el plan anual","Delegado de Proteccion de Datos (o Responsable interno, si aplica el estado FUTURO)","Como Delegado de Proteccion de Datos (o Responsable interno, si aplica el estado FUTURO), quiero que el caracter obligatorio o de buena practica del plan anual se ajuste automaticamente segun la bandera regimen_reforma_659 de MOD-024, para no seguir tratando el plan anual como obligatorio, o dejar de elaborarlo, por error cuando cambia el regimen normativo.","1. Dado que la bandera regimen_reforma_659 de MOD-024 esta en ACTUAL, cuando consulto un TrainingProgram de Tipo Plan anual, entonces el campo calculado Aplica bajo el regimen muestra Obligatorio (regimen ACTUAL).
2. Dado que la bandera regimen_reforma_659 pasa a FUTURO y no hay ningun usuario con tipo_rol Delegado activo en MOD-002 (ningun Delegado voluntario), cuando el sistema procesa el cambio, entonces el Plan anual vigente se marca Buena practica voluntaria (regimen FUTURO sin Delegado voluntario) en su ayuda contextual, y deja de generar la tarea recordatoria obligatoria de la automatizacion 5.
3. Dado que la bandera pasa a FUTURO pero la empresa mantiene un Delegado voluntario activo, cuando el sistema procesa el cambio, entonces el Plan anual sigue funcionando con la misma funcionalidad completa, cambiando solo el texto de ayuda contextual de obligatorio a buena practica recomendada.
4. Dado que la bandera cambia de ACTUAL a FUTURO o se revierte, cuando el sistema recalcula el campo Aplica bajo el regimen, entonces el registro general de capacitacion del personal (OBL-CAP-01) continua exactamente igual, sin cambio de estado ni de comportamiento.
5. Dado un plan anual que ya fue publicado antes de un cambio de bandera, cuando la bandera cambia despues, entonces esa version publicada conserva su version y su caracter de obligatorio del momento en que se publico, sin reescritura retroactiva.
6. Dado que el sistema no puede inferir por si solo si la empresa decidio mantener un Delegado voluntario, cuando procesa el cambio de bandera, entonces se apoya siempre en el dato de continuidad voluntaria que documenta MOD-002, nunca en una deduccion propia.","- El campo Aplica bajo el regimen se recalcula siempre contra la bandera unica de MOD-024, nunca contra una copia local (seccion D.1; seccion P riesgos).
- El cambio de bandera no es el disparador de un nuevo estado del TrainingProgram, solo cambia una etiqueta y el disparo de la tarea recordatoria (seccion G automatizacion 6).
- OBL-CAP-01 nunca cambia bajo ningun escenario de la reforma 659 (seccion A, doble estado).","3","R2","33","HU-017-09, HU-017-10, HU-017-11","MOD-024, MOD-002","No","OBL-CAP-02","","Si","","MOD-017 seccion Doble estado de la reforma 659; seccion D.1 fila Aplica bajo el regimen; seccion G automatizacion 6; seccion H"
"HU-017-13","Historia","EP-017","Capacitacion","MOD-017","Consultar los indicadores de capacitacion del personal","Delegado de Proteccion de Datos (o Responsable interno, si aplica el estado FUTURO)","Como Delegado de Proteccion de Datos (o Responsable interno, si aplica el estado FUTURO), quiero ver los indicadores de personal con capacitacion vigente, inducciones pendientes, vencimientos proximos, estado del plan anual y capacitacion por rol cubierta, para saber de un vistazo el estado del programa de capacitacion sin recorrer registro por registro.","1. Dado que consulto el indicador Personal con capacitacion general vigente, cuando lo abro, entonces veo el conteo de personas con al menos un TrainingRecord Completada de Tipo General con Proxima renovacion en el futuro, sobre el total de personal activo en MOD-001.
2. Dado que consulto el indicador Inducciones pendientes, cuando lo abro, entonces veo el conteo de personas dadas de alta hace mas del plazo configurado sin TrainingRecord Completada de tipo Induccion.
3. Dado que consulto el indicador Vencimientos proximos, cuando lo abro, entonces veo el conteo de TrainingRecord en estado Proxima a vencer, en amarillo si hay alguno y en rojo si alguno vence en menos de 5 dias.
4. Dado que consulto el indicador Estado del plan anual, cuando lo abro, entonces veo el semaforo cruzado con la bandera regimen_reforma_659: verde si esta Vigente y publicado dentro del ciclo, amarillo si esta Proxima a vencer, rojo si esta Vencida bajo regimen ACTUAL, o gris No aplica bajo el regimen actual si esta en FUTURO sin Delegado voluntario.
5. Dado que consulto el indicador Capacitacion por rol cubierta, cuando lo abro, entonces veo el conteo de personas con un rol destinatario especifico que tienen al menos un TrainingRecord Completada del programa Por rol correspondiente, sobre el total de personas con ese rol activo.
6. Dado un usuario con rol Responsable de area, cuando consulta estos indicadores, entonces solo ve el detalle de su propia area, nunca el agregado de otras areas.
7. Dado que ningun indicador de este modulo debe expresarse como porcentaje de cumplimiento legal, cuando reviso cualquiera de ellos, entonces el texto usa siempre personal con capacitacion vigente, inducciones pendientes o vencimientos proximos, junto con el banner de descargo estandar del sistema.","- Ningun indicador se expresa como porcentaje de cumplimiento legal (seccion M).
- Responsable de area ve solo el detalle de su propia area (seccion M, columna Vista por rol).","3","R2","33","HU-017-02, HU-017-03, HU-017-05, HU-017-06, HU-017-07, HU-017-09, HU-017-10","MOD-020, MOD-001","No","","","No","","MOD-017 seccion M"
"HU-017-14","Historia","EP-017","Capacitacion","MOD-017","Exportar reportes y listados de capacitacion del personal","Responsable Legal / Compliance","Como Responsable Legal / Compliance, quiero exportar el listado de capacitaciones por persona, el historial por area o rol, el plan anual con su historial de versiones y el listado de vencimientos e inducciones pendientes, para entregar evidencia verificable de la capacitacion del personal a Gerencia, a un Auditor o a la ACE si la requiere.","1. Dado que exporto el Listado de capacitaciones por persona, cuando elijo una persona y un rango de fechas, entonces obtengo un archivo en PDF o XLSX con fecha, tema y constancia de cada TrainingRecord de esa persona.
2. Dado que exporto el Historial de capacitaciones por area o rol, cuando elijo un area, un rol o un periodo, entonces obtengo un archivo XLSX con el conteo y detalle de TrainingRecord agrupados segun ese filtro.
3. Dado que exporto el Plan anual de capacitacion e induccion, cuando elijo un ano, entonces obtengo un PDF con el contenido completo de la version vigente y el historial de versiones anteriores.
4. Dado que exporto el listado de Vencimientos e inducciones pendientes, cuando elijo un estado y un area, entonces obtengo un archivo CSV con las personas en capacitacion vencida o induccion pendiente.
5. Dado que genero cualquiera de estas exportaciones, cuando la exportacion se completa, entonces el sistema registra en el historial quien la genero y cuando, y la deja disponible como parte del paquete de evidencia en MOD-019, salvo el listado de vencimientos e inducciones pendientes, que es de gestion interna.
6. Dado un usuario con rol Responsable de area, cuando exporta estos reportes, entonces solo puede hacerlo con el alcance de su propia area.
7. Dado un usuario con rol Usuario de consulta / Colaborador o Aprobador, cuando intenta exportar cualquiera de estos reportes, entonces el sistema le deniega la accion porque no esta entre los roles habilitados para exportar.","- El listado de Vencimientos e inducciones pendientes no forma parte del paquete de evidencia, es de gestion interna (seccion N).
- Toda exportacion queda registrada en el historial con quien la genero y cuando (seccion O).","3","R2","33","HU-017-03, HU-017-09, HU-017-10","MOD-019","No","OBL-CAP-01, OBL-CAP-02","","No","","MOD-017 seccion N; seccion C fila Exportar"
"HU-017-15","Historia","EP-017","Capacitacion","MOD-017","Recibir sugerencia de capacitacion a partir de una leccion aprendida de un incidente","Delegado de Proteccion de Datos (o Responsable interno, si aplica el estado FUTURO)","Como Delegado de Proteccion de Datos (o Responsable interno, si aplica el estado FUTURO), quiero recibir una tarea sugerida cuando se cierra un incidente de seguridad con una leccion aprendida que senala necesidad de capacitacion, para valorar si hace falta crear o actualizar un programa de capacitacion por rol, sin que el sistema lo cree por si solo.","1. Dado que se cierra un incidente en MOD-013 y la persona que lo cierra marca que la leccion aprendida senala necesidad de capacitacion, cuando el cierre se confirma, entonces el sistema crea en MOD-021 una tarea sugerida Evaluar capacitacion por leccion aprendida de tipo Capacitacion con origen MOD-013, dirigida al Delegado y al Responsable de Seguridad/IT.
2. Dado que se crea esa tarea sugerida, cuando reviso el catalogo de TrainingProgram, entonces confirmo que el sistema no creo ni modifico ningun programa por si solo.
3. Dado que la tarea sugerida sigue abierta mas de 15 dias, cuando el sistema revisa las tareas pendientes, entonces genera la alerta INFO Sugerencia de capacitacion por leccion aprendida sin atender con un recordatorio a los 15 dias, sin escalar automaticamente.
4. Dado que marco la tarea como atendida o la descarto con un motivo, cuando confirmo la accion, entonces la alerta se apaga y el motivo queda en el historial.
5. Dado que se cierra un incidente sin marcar la opcion de leccion aprendida que senala necesidad de capacitacion, cuando el cierre se confirma, entonces el sistema no crea ninguna tarea sugerida de capacitacion.","- La tarea siempre pasa por MOD-021, nunca es una escritura directa entre MOD-013 y MOD-017 (seccion L).
- Crear o ajustar el programa a partir de esta sugerencia es siempre una decision humana del Delegado o del Responsable de Seguridad/IT (seccion H).","2","R2","33","HU-017-02","MOD-013, MOD-021","No","","","No","","MOD-017 seccion G automatizacion 7; seccion H; seccion I fila Sugerencia de capacitacion por leccion aprendida sin atender"
"HU-019-01","Historia","EP-019","Centro de Evidencias","MOD-019","Recibir automaticamente evidencia generada por otros modulos","Delegado de Proteccion de Datos (o Responsable interno, si aplica el estado FUTURO)","Como Delegado de Proteccion de Datos (o Responsable interno, si aplica el estado FUTURO), quiero que el sistema cree automaticamente el registro de Evidencia, por referencia y en estado Disponible, cada vez que un modulo estructurado (MOD-007 a MOD-018) aprueba, cierra o publica un registro que el catalogo de tipos de evidencia clasifica como prueba de una obligacion, para tener organizada por obligacion, desde el primer dia, la evidencia que ya se genera en el resto del sistema, sin cargarla ni duplicarla a mano.","1. Dado que un modulo estructurado (por ejemplo MOD-007 o MOD-013) aprueba, cierra o publica un registro que el catalogo de tipos de evidencia clasifica como prueba de una obligacion, cuando el evento ocurre, entonces el sistema crea automaticamente una Evidencia en estado Disponible, con Origen del registro = Automatico y Entidad de origen enlazada al registro exacto que la origino, sin pedir ninguna accion manual.
2. Dado que la Evidencia se crea de forma automatica, cuando el modulo de origen ya calculo su propia huella de integridad (hash) del archivo, entonces el sistema la hereda tal cual, sin recalcularla ni pedir que se adjunte de nuevo.
3. Dado que una misma obligacion tiene mas de un registro de origen posible (por ejemplo, dos consentimientos distintos que prueban la misma obligacion), cuando cada uno se aprueba, entonces el sistema crea una Evidencia por cada registro de origen, sin fusionarlas ni sobrescribir una con otra.
4. Dado que se crea una Evidencia de forma automatica, cuando la creacion ocurre, entonces queda un evento en el historial (AuditLog) con el modulo de origen, el registro enlazado y la fecha, visible para el Auditor (interno).
5. Dado un registro de un modulo que no figura en el catalogo de tipos de evidencia de la seccion D.0 de la ficha (por ejemplo un evento sin valor probatorio), cuando ese registro se genera, entonces el sistema no crea ninguna Evidencia automatica para el.
6. Dado que la Evidencia ya existe por referencia para un registro de origen especifico, cuando alguien intenta cargar de nuevo el mismo archivo o dato a mano para la misma obligacion y el mismo registro, entonces el sistema no permite duplicarla y muestra la Evidencia ya existente.","- La Evidencia es propiedad de MOD-019; nunca copia el Documento de MOD-008 ni administra el AuditLog, solo los referencia.
- El campo Tipo de evidencia debe coincidir con la forma declarada en el catalogo D.0 para ese modulo de origen (Registro, Archivo, Aprobacion o Log).
- Toda Evidencia automatica nace en estado Disponible, sin pasar por revision manual.","5","R1","13","","","Si","OBL-PRIN-03, OBL-CONS-05, OBL-INC-04","","No","","MOD-019 secciones D.0, D.1, F.1 (fila Faltante/ninguno -> Disponible por Automatico) y G (fila 2)"
"HU-019-02","Historia","EP-019","Centro de Evidencias","MOD-019","Detectar automaticamente un hueco de evidencia","Delegado de Proteccion de Datos (o Responsable interno, si aplica el estado FUTURO)","Como Delegado de Proteccion de Datos (o Responsable interno, si aplica el estado FUTURO), quiero que el sistema marque automaticamente como Faltante toda obligacion que el diagnostico confirma como aplicable y que todavia no tiene ninguna Evidencia registrada, y sugiera una tarea de carga cuando la obligacion es OBLIGATORIO, para saber de inmediato, sin revisar modulo por modulo, donde tengo un vacio de evidencia.","1. Dado que el diagnostico (MOD-004) confirma que una obligacion de la matriz aplica a la organizacion, cuando todavia no existe ninguna Evidencia registrada para esa obligacion, entonces el sistema crea automaticamente un registro en estado Faltante.
2. Dado que la obligacion recien marcada Faltante tiene clasificacion OBLIGATORIO, cuando se crea el registro Faltante, entonces el sistema sugiere una tarea de carga de evidencia en el Centro de Tareas (MOD-021), asignada al Responsable de area correspondiente.
3. Dado que la obligacion recien marcada Faltante tiene clasificacion RECOMENDADO o CONDICIONAL, cuando se crea el registro Faltante, entonces el sistema no sugiere ninguna tarea de forma automatica.
4. Dado que se repite el diagnostico (re-diagnostico) y el conjunto de obligaciones aplicables cambia, cuando el nuevo resultado se confirma, entonces el sistema recalcula los registros Faltante sin duplicar los que ya existian.
5. Dado que una obligacion ya tiene al menos una Evidencia en un estado distinto de Faltante, cuando el diagnostico se repite, entonces el sistema no crea un nuevo registro Faltante para esa obligacion.
6. Dado que se crea un registro Faltante, cuando la creacion ocurre, entonces queda un evento en el historial con la obligacion y la fecha en que se detecto, visible para Delegado, Responsable Legal/Compliance y Auditor.","- El estado Faltante nunca lo crea una persona a mano; solo nace de la confirmacion de aplicabilidad de MOD-004.
- La tarea sugerida se pospone o se descarta desde MOD-021, sin que MOD-019 decida por la persona.","3","R1","19","HU-019-01","MOD-004, MOD-021","No","OBL-PRIN-03","","No","","MOD-019 secciones F.1 (fila ninguno -> Faltante), G (fila 1) y E (fila 1)"
"HU-019-03","Historia","EP-019","Centro de Evidencias","MOD-019","Consultar el catalogo de evidencia por obligacion","Delegado de Proteccion de Datos (o Responsable interno, si aplica el estado FUTURO)","Como Delegado de Proteccion de Datos (o Responsable interno, si aplica el estado FUTURO), quiero consultar en una sola vista las 105 obligaciones de la matriz, cada una con el estado de su evidencia (Faltante, En revision, Disponible, Vencida o Rechazada) y la fecha de su ultima actualizacion, filtrable por modulo de origen, area o estado, para responder en cualquier momento, sin entrar modulo por modulo, que evidencia tengo de cada obligacion.","1. Dado que el Delegado abre la vista de evidencia por obligacion, cuando la pantalla carga, entonces se listan las 105 obligaciones de la matriz, cada una con su estado de evidencia y la fecha de ultima actualizacion.
2. Dado que una obligacion no tiene ninguna Evidencia registrada, cuando aparece en la vista, entonces su estado se muestra como Faltante, nunca como cumple, no cumple, ni con un porcentaje de cumplimiento legal.
3. Dado que el Delegado aplica un filtro por modulo de origen, por area o por estado de la evidencia, cuando el filtro se aplica, entonces la vista muestra solo las obligaciones que cumplen ese filtro.
4. Dado que un Responsable de area consulta la vista, cuando la pantalla carga, entonces solo ve la evidencia de tratamientos de su propia area, nunca la de otras areas.
5. Dado que un Responsable ARCO-POL consulta la vista, cuando la pantalla carga, entonces solo ve la evidencia de sus propios expedientes, sin poder editarla desde aqui.
6. Dado que un Usuario de consulta / Colaborador intenta abrir la vista completa del catalogo de evidencia, cuando lo intenta, entonces el sistema le niega el acceso, porque su alcance se limita a la evidencia de su propia tarea asignada.
7. Dado que se muestra el estado de una obligacion, cuando el Delegado se pregunta si la evidencia disponible alcanza para esa obligacion, entonces el sistema nunca concluye eso por si mismo y muestra el texto Requiere validacion de la organizacion o asesoria especializada junto a esa pregunta.","- Los estados posibles de una Evidencia son Faltante, En revision, Disponible, Vencida, Rechazada y Archivada.
- Ningun texto de este modulo usa cumple o no cumple; el lenguaje es siempre estado de la evidencia.","5","R1","19","HU-019-01, HU-019-02","","No","OBL-PRIN-03","","No","","MOD-019 secciones B, C, D.1 (campo Estado de la evidencia), E (fila 1), H y P (riesgo de UX)"
"HU-019-04","Historia","EP-019","Centro de Evidencias","MOD-019","Cargar evidencia suelta manualmente","Responsable de area (RRHH, Marketing, Operaciones, etc.)","Como Responsable de area (RRHH, Marketing, Operaciones, etc.), quiero cargar un archivo o registrar una referencia como evidencia suelta para una obligacion cuyo modulo estructurado (MOD-010, MOD-014, MOD-016 o MOD-018) todavia no esta activo en mi version del sistema, para dejar constancia de esa obligacion mientras el modulo que deberia generarla automaticamente no existe.","1. Dado que una obligacion esta en estado Faltante porque su modulo estructurado (MOD-010, MOD-014, MOD-016 o MOD-018) todavia no esta activo, cuando el Responsable de area adjunta un archivo o registra una referencia, entonces el sistema crea la Evidencia con Origen del registro = Manual y la pasa a En revision.
2. Dado que se carga un archivo como evidencia, cuando el archivo se guarda, entonces el sistema calcula automaticamente su huella de integridad (hash) y registra la fecha de captura, sin que la persona pueda editar ninguno de los dos despues.
3. Dado que se carga evidencia manual, cuando el formulario se completa, entonces es obligatorio indicar al menos una obligacion relacionada y el nivel de sensibilidad del contenido (Sin datos personales, Datos personales de identificacion basica, Datos personales sensibles o Informacion tecnica de seguridad sensible).
4. Dado que el Responsable de area intenta guardar evidencia manual sin adjuntar archivo y sin registrar ninguna referencia, cuando lo intenta, entonces el sistema no permite guardar y senala el campo faltante.
5. Dado que se va a adjuntar el archivo, cuando se muestra el formulario de carga, entonces el sistema muestra el texto de guia: no adjunte una base de datos completa ni un listado de clientes, adjunte solo el documento puntual que prueba esta obligacion, y reemplace por una referencia cualquier dato que no sea estrictamente necesario para la prueba.
6. Dado que se completa la carga, cuando el registro se guarda, entonces queda un evento en el historial con el usuario, la fecha y el area de origen, y se notifica al Aprobador configurado.","- Nunca se ofrece importacion masiva de bases de datos externas; toda carga es archivo por archivo o referencia puntual.
- El campo Entidad de origen queda vacio cuando Origen del registro = Manual.","3","R1","19","HU-019-01","","No","OBL-PRIN-03, OBL-TRANSF-06","","No","","MOD-019 secciones D.1, D.2 (minimizacion de datos), F.1 (fila Faltante -> En revision, manual), L y Q"
"HU-019-05","Historia","EP-019","Centro de Evidencias","MOD-019","Aprobar o rechazar evidencia cargada manualmente","Aprobador","Como Aprobador, quiero aprobar o rechazar, con motivo, una evidencia que alguien cargo manualmente antes de que pase a estado Disponible, para que ninguna evidencia manual quede disponible sin que una persona distinta de quien la cargo la revise.","1. Dado que una Evidencia esta En revision porque se cargo manualmente, cuando el Aprobador la revisa y la aprueba, entonces el sistema la pasa a Disponible y deja la aprobacion con la identidad del Aprobador y la fecha.
2. Dado que quien carga la evidencia es la misma persona que intenta aprobarla, cuando lo intenta, entonces el sistema no lo permite, salvo que la organizacion este por debajo del umbral pyme configurado, en cuyo caso lo permite mostrando una advertencia visible de autorrevision.
3. Dado que el Aprobador rechaza una evidencia, cuando registra el rechazo, entonces es obligatorio escribir un motivo de al menos 10 caracteres, y el sistema regresa la Evidencia a Faltante mostrando ese motivo.
4. Dado que se rechaza una evidencia, cuando el rechazo se guarda, entonces el sistema notifica a quien la cargo originalmente.
5. Dado que una Evidencia cargada manualmente lleva mas de 5 dias habiles En revision sin decision, cuando se cumple ese plazo, entonces el sistema genera una alerta WARNING al Aprobador designado y al Delegado, repetida cada 3 dias, escalando al Administrador a los 10 dias habiles.
6. Dado que una Evidencia esta En revision, cuando nadie con rol Aprobador, Delegado o Responsable Legal/Compliance la ha aprobado todavia, entonces el sistema nunca la pasa a Disponible por si solo, y la accion de aprobar siempre muestra el texto Requiere validacion de la organizacion o asesoria especializada.","- El aprobador debe ser distinto de quien cargo, salvo pyme con advertencia visible (05_tipos_de_usuario.md, seccion 5.4).
- El motivo de rechazo es obligatorio y de minimo 10 caracteres.","5","R1","19","HU-019-04","MOD-022, MOD-023","No","OBL-PRIN-03","","No","","MOD-019 secciones C, F.1 (fila En revision -> Disponible/Faltante), H (aprobar evidencia cargada manualmente) e I"
"HU-019-06","Historia","EP-019","Centro de Evidencias","MOD-019","Restringir y auditar el acceso a evidencia por nivel de sensibilidad","Responsable Legal / Compliance","Como Responsable Legal / Compliance, quiero que el acceso a la evidencia con datos personales sensibles o informacion tecnica de seguridad sensible se restrinja segun su nivel, y que cada lectura quede registrada, para minimizar el riesgo de exposicion innecesaria de datos de titulares o de informacion tecnica delicada.","1. Dado que una Evidencia tiene Nivel de sensibilidad del contenido igual a Datos personales sensibles o Informacion tecnica de seguridad sensible, cuando un usuario sin necesidad de conocerla intenta abrirla, entonces el sistema le niega el acceso.
2. Dado que un Responsable de area consulta el catalogo de evidencia, cuando la evidencia pertenece a un incidente o expediente que no le fue asignado, entonces no la ve, aunque sea de su misma area.
3. Dado que alguien con permiso abre una Evidencia con Nivel de sensibilidad igual a Datos personales sensibles o Informacion tecnica de seguridad sensible, cuando la abre, entonces el sistema registra quien la consulto y cuando, visible despues para el Auditor (interno).
4. Dado que una Evidencia tiene Nivel de sensibilidad igual a Sin datos personales o Datos personales de identificacion basica, cuando se consulta, entonces el sistema no exige el registro reforzado de acceso que si exige para los dos niveles mas sensibles.
5. Dado que se carga evidencia manual o llega evidencia automatica, cuando el registro se crea, entonces el campo Nivel de sensibilidad del contenido es obligatorio desde ese momento.
6. Dado que un Auditor externo (invitado) accede al paquete de evidencia para el que fue invitado, cuando ese paquete incluye evidencia sensible fuera del alcance acordado, entonces el sistema no se la muestra.","- El nivel de sensibilidad se fija al crear la Evidencia y determina desde ese momento quien puede verla, segun la tabla de permisos de la seccion C.
- El acceso de lectura a evidencia sensible siempre queda registrado, sin excepcion de rol.","5","R2","33","HU-019-01, HU-019-03, HU-019-04","","No","","","No","","MOD-019 secciones C, D.1 (campo Nivel de sensibilidad del contenido), D.2 (minimizacion de datos personales), J.2 y O"
"HU-019-07","Historia","EP-019","Centro de Evidencias","MOD-019","Generar un paquete de evidencia con manifiesto verificable","Delegado de Proteccion de Datos (o Responsable interno, si aplica el estado FUTURO)","Como Delegado de Proteccion de Datos (o Responsable interno, si aplica el estado FUTURO), quiero elegir un tipo de paquete y unos filtros (periodo, obligacion, modulo de origen), generar un EvidencePackage en borrador con su contenido precargado y su manifiesto de integridad, y aprobarlo cuando el destinatario declarado es de uso interno, para reunir en un solo paquete verificable la evidencia que necesito mostrar, sin que nadie pueda alterarla despues sin que se note.","1. Dado que el Delegado elige un tipo de paquete (Auditoria anual, Requerimiento de la ACE, Procedimiento sancionador, Due diligence de cliente o socio, Preparacion de inspeccion o Paquete a medida) y aplica filtros de periodo, obligacion o modulo de origen, cuando confirma, entonces el sistema precarga el contenido (Evidencia y eventos de AuditLog relacionados, mas los Documentos de MOD-008 referenciados por su version exacta) en un EvidencePackage en estado Borrador.
2. Dado que el contenido se precargo, cuando el Delegado lo revisa antes de aprobar, entonces puede quitar elementos de la lista, pero el paquete debe conservar al menos un elemento para poder continuar.
3. Dado que el EvidencePackage se genera, cuando el sistema arma el manifiesto, entonces calcula, usando el servicio comun de verificacion de integridad de la plataforma (EP-000), la huella de cada archivo incluido y la huella del conjunto, sin que la persona pueda editar ese calculo.
4. Dado que el Destinatario declarado del paquete es Uso interno, cuando el Delegado, el Responsable Legal/Compliance o un Aprobador lo aprueba, entonces el sistema pasa el paquete a Aprobado y calcula ademas la firma del paquete completo.
5. Dado que el Destinatario declarado es distinto de Uso interno (ACE, Auditor externo, Cliente o socio, u Otro), cuando se intenta aprobar desde esta misma accion, entonces el sistema no lo permite y exige el segundo control.
6. Dado que se elige un tipo de paquete, cuando el contenido se precarga, entonces el sistema no sugiere ni completa automaticamente un contenido distinto del que resulta de los filtros elegidos por la persona, sin paquetes especializados automaticos por tipo.
7. Dado que un EvidencePackage no tiene ningun elemento de contenido despues de aplicar los filtros, cuando se intenta generarlo, entonces el sistema no permite pasar de Borrador y senala que no hay contenido.","- Los Documentos de MOD-008 nunca se copian dentro del paquete, se referencian por version exacta.
- Un EvidencePackage nunca duplica fisicamente un archivo entre paquetes distintos.","8","R2","33","HU-019-01, HU-019-03, HU-019-06","EP-000, MOD-008","No","OBL-PRIN-03, OBL-CONS-05, OBL-TRANSF-06","","No","","MOD-019 secciones D.2, F.2 (fila nuevo -> Borrador -> Aprobado interno), K y Q (fila Paquetes especializados, excluida)"
"HU-019-08","Historia","EP-019","Centro de Evidencias","MOD-019","Exigir doble control para exportar evidencia a un destinatario externo","Aprobador","Como Aprobador, quiero dar el segundo control obligatorio, distinto de quien genero el paquete, antes de que un EvidencePackage con destinatario declarado externo a la organizacion quede disponible para descarga, para que ningun envio irreversible a la ACE, a un auditor externo o a un cliente salga sin que una segunda persona lo revise.","1. Dado que un EvidencePackage en Borrador tiene Destinatario declarado distinto de Uso interno, cuando quien lo genero lo envia a control, entonces el sistema lo pasa a Pendiente de segundo control y notifica al Aprobador designado.
2. Dado que el paquete esta Pendiente de segundo control, cuando el Aprobador designado lo aprueba, entonces el sistema lo pasa a Aprobado y calcula la firma del paquete completo, dejando constancia de la identidad de ambos aprobadores y la fecha.
3. Dado que el Aprobador designado es la misma persona que genero el paquete, cuando intenta dar el segundo control, entonces el sistema no lo permite, sin ninguna excepcion de empresa pequena para este paso.
4. Dado que el Aprobador rechaza el paquete en el segundo control, cuando registra el rechazo con motivo obligatorio, entonces el sistema regresa el paquete a Borrador y notifica a quien lo genero.
5. Dado que un paquete con destino externo lleva mas de 3 dias habiles Pendiente de segundo control, cuando se cumple ese plazo, entonces el sistema genera una alerta WARNING diaria al Aprobador designado, escalando al Administrador a los 5 dias habiles.
6. Dado que el Administrador de una organizacion pyme es quien genero el paquete y el destinatario es externo, cuando intenta aprobar el mismo el segundo control, entonces el sistema no lo permite, sin la excepcion de autorrevision que si aplica a otras aprobaciones internas del modulo.","- El segundo control para destino externo no tiene excepcion de pyme, a diferencia de otras aprobaciones internas del modulo.","5","R2","33","HU-019-07","MOD-022, MOD-023","No","OBL-PRIN-03","","No","","MOD-019 secciones C, F.2 (fila Borrador -> Pendiente de segundo control -> Aprobado/Borrador), H (exportar sin segundo control) e I"
"HU-019-09","Historia","EP-019","Centro de Evidencias","MOD-019","Exportar el paquete de evidencia aprobado","Delegado de Proteccion de Datos (o Responsable interno, si aplica el estado FUTURO)","Como Delegado de Proteccion de Datos (o Responsable interno, si aplica el estado FUTURO), quiero descargar en el formato elegido (PDF, XLSX, CSV o ZIP con manifiesto) un EvidencePackage ya Aprobado, y consultar despues el historico de todas las exportaciones realizadas, para entregar la evidencia en el formato que necesito y poder demostrar despues cuando se exporto, quien lo hizo y a quien iba dirigida.","1. Dado que un EvidencePackage esta Aprobado y conserva su firma valida, cuando quien aprobo (o quien genero, si el destino es interno) elige el formato de exportacion y descarga el paquete, entonces el sistema lo pasa a Exportado y registra la fecha, el usuario y el destinatario declarado.
2. Dado que un paquete ya paso a Exportado, cuando alguien intenta cambiar su contenido, entonces el sistema no lo permite; cualquier cambio de alcance exige generar un paquete nuevo.
3. Dado que se completa una exportacion, cuando el evento ocurre, entonces el sistema genera una alerta INFO, una sola vez, para quien lo genero, quien lo aprobo y el Auditor (interno).
4. Dado que un Auditor (interno) o Gerencia consulta el Historico de exportaciones, cuando lo abre, entonces ve, para cada EvidencePackage exportado, la fecha, el tipo, el destinatario declarado y los aprobadores, filtrable por rango de fechas o por tipo de paquete.
5. Dado que se cumple el plazo de retencion de una exportacion, cuando el plazo se cumple, entonces el sistema pasa el paquete a Archivado de forma automatica, conservando de forma permanente el registro de que la exportacion ocurrio, aunque el archivo exportado en si quede fuera del sistema.
6. Dado que alguien intenta descargar un EvidencePackage que todavia esta en Borrador o Pendiente de segundo control, cuando lo intenta, entonces el sistema no permite la descarga.","- Un paquete Exportado es terminal salvo su paso automatico a Archivado; nunca se edita.
- El registro de que una exportacion ocurrio se conserva de forma permanente.","3","R2","33","HU-019-07, HU-019-08","","No","OBL-PRIN-03","","No","PP-REG-07, PP-PROD-09","MOD-019 secciones D.2, F.2 (fila Aprobado -> Exportado -> Archivado), I (exportacion completada) y N (Historico de exportaciones)"
"HU-019-10","Historia","EP-019","Centro de Evidencias","MOD-019","Vencer y renovar evidencia con vigencia","Responsable de Seguridad / IT","Como Responsable de Seguridad / IT, quiero que la evidencia con fecha de vigencia definida (por ejemplo el informe de un pentest anual) pase automaticamente a Vencida cuando se cumple esa fecha sin renovarse, y poder cargar la renovacion sin perder la version anterior, para que un control critico nunca quede sin respaldo probatorio vigente y sin que nadie lo note.","1. Dado que una Evidencia Disponible tiene Fecha de vigencia definida, cuando esa fecha se cumple sin que se cargue una renovacion, entonces el sistema la pasa automaticamente a Vencida.
2. Dado que una Evidencia esta Disponible o Vencida y tiene Fecha de vigencia, cuando el responsable correspondiente carga una renovacion valida, entonces el sistema crea una nueva version en Disponible y conserva la version anterior como Historica, sin sobrescribirla.
3. Dado que se carga una renovacion, cuando se guarda, entonces el numero de Version solo se incrementa, nunca se reutiliza ni se borra una version previa.
4. Dado que un tipo de evidencia no tiene fecha de vigencia definida (por ejemplo un expediente ARCO-POL cerrado), cuando pasa el tiempo, entonces el sistema nunca la marca Vencida por vigencia.
5. Dado que una Evidencia pasa a Vencida, cuando el cambio ocurre, entonces queda un evento en el historial con la fecha del vencimiento, visible para Responsable Legal/Compliance y para el Auditor.
6. Dado que alguien intenta registrar una Fecha de vigencia anterior o igual a la fecha en que la evidencia se aprueba, cuando lo intenta, entonces el sistema no lo permite porque la fecha de vigencia debe ser futura al momento de aprobarse.","- El contenido de una Evidencia Disponible nunca se edita; solo se renueva (nueva version) o se archiva.
- La version anterior siempre queda enlazada y consultable como Historica.","5","R2","33","HU-019-01","","No","OBL-PRIN-03","","No","","MOD-019 secciones D.1 (campos Fecha de vigencia y Version), F.1 (fila Disponible -> Vencida y renovacion) y G"
"HU-019-11","Historia","EP-019","Centro de Evidencias","MOD-019","Alertar sobre evidencia por vencer o vencida","Delegado de Proteccion de Datos (o Responsable interno, si aplica el estado FUTURO)","Como Delegado de Proteccion de Datos (o Responsable interno, si aplica el estado FUTURO), quiero recibir una alerta cuando falten 30 dias para que venza una evidencia con vigencia, y una alerta de mayor nivel cuando ya haya vencido, con escalamiento si nadie la renueva, para no depender de acordarme de revisar yo mismo cada fecha de vigencia una por una.","1. Dado que a una Evidencia Disponible con vigencia le faltan 30 dias para vencer, cuando se cumple ese plazo, entonces el sistema genera una alerta WARNING al responsable de carga original y al Delegado, por plataforma y correo, repetida cada 7 dias.
2. Dado que una alerta de evidencia por vencer sigue sin atenderse a los 15 dias, cuando se cumple ese plazo, entonces el sistema escala la alerta al Aprobador correspondiente.
3. Dado que una Evidencia pasa a Vencida, cuando el cambio ocurre, entonces el sistema genera una alerta HIGH al responsable de carga original, al Delegado y al Responsable Legal/Compliance, por plataforma y correo, repetida semanalmente.
4. Dado que una Evidencia sigue Vencida a los 30 dias de haber vencido, cuando se cumple ese plazo, entonces el sistema escala la alerta a Gerencia.
5. Dado que se carga y se aprueba la renovacion de una Evidencia, cuando la aprobacion se registra, entonces todas las alertas de vencimiento de esa Evidencia se apagan.
6. Dado que una Evidencia no tiene fecha de vigencia definida, cuando pasa el tiempo, entonces el sistema nunca genera para ella ninguna alerta de vencimiento.","- Los dias de anticipacion de la primera alerta son configurables por la empresa; el resto del esquema de escalamiento no lo es.","3","R2","33","HU-019-10","MOD-022, MOD-021, MOD-023","No","OBL-PRIN-03","","No","","MOD-019 seccion I (filas Evidencia por vencer y Evidencia vencida) y G"
"HU-019-12","Historia","EP-019","Centro de Evidencias","MOD-019","Archivar evidencia respetando el bloqueo por caso abierto","Delegado de Proteccion de Datos (o Responsable interno, si aplica el estado FUTURO)","Como Delegado de Proteccion de Datos (o Responsable interno, si aplica el estado FUTURO), quiero archivar una Evidencia cuando la obligacion que prueba deja de aplicar o el objeto que documenta se archiva en su modulo de origen, y que el sistema bloquee ese archivado mientras un procedimiento sancionador o un reclamo ante la Direccion de Proteccion de Datos siga abierto y la referencie, para no perder nunca la prueba de descargo que un caso abierto todavia necesita, y no eliminar evidencia por error.","1. Dado que una Evidencia Disponible o Vencida corresponde a una obligacion que deja de aplicar (cambio de regimen en MOD-024) o a un objeto que se archiva en su modulo de origen, cuando eso ocurre, entonces el sistema la pasa a Archivada con confirmacion visible del Administrador, sin eliminarla nunca.
2. Dado que se abre un procedimiento sancionador (MOD-024) o un reclamo ante la Direccion de Proteccion de Datos (MOD-011) que referencia una o mas Evidencias, cuando el caso se abre, entonces el sistema marca esas Evidencias con Bloqueada = Si, sin cambiar su estado visible.
3. Dado que una Evidencia esta Bloqueada, cuando alguien, incluido el Administrador, intenta archivarla o reemplazarla, entonces el sistema no lo permite mientras el caso relacionado siga abierto, sin ninguna excepcion manual.
4. Dado que el procedimiento o el reclamo que origino el bloqueo se cierra, cuando el cierre se registra, entonces el sistema libera el campo Bloqueada de las Evidencias relacionadas.
5. Dado que se activa o se libera el campo Bloqueada, cuando el cambio ocurre, entonces queda un evento en el historial con la fecha y la referencia al expediente que lo origino.
6. Dado que una Evidencia Archivada corresponde a un expediente que se reabre, cuando la reapertura se registra, entonces el sistema la regresa a Disponible conservando intacto su historial.","- Ninguna evidencia se elimina nunca, solo se archiva.
- El bloqueo no admite excepcion manual, ni siquiera del Administrador.","5","R2","34","HU-019-01, HU-019-10","MOD-024, MOD-011","No","OBL-RET-05, OBL-SANC-07, OBL-PRIN-03","","Si","","MOD-019 secciones D.1 (campo Bloqueada), F.1 (filas Archivada y bloqueo), G, H (archivar evidencia bloqueada) y J.2"
"HU-019-13","Historia","EP-019","Centro de Evidencias","MOD-019","Generar el informe de huecos de evidencia","Delegado de Proteccion de Datos (o Responsable interno, si aplica el estado FUTURO)","Como Delegado de Proteccion de Datos (o Responsable interno, si aplica el estado FUTURO), quiero generar un informe con las obligaciones aplicables que todavia no tienen ninguna evidencia registrada, priorizado por clasificacion OBLIGATORIO primero, para saber en que orden atender los huecos de evidencia mas urgentes, en vez de revisarlos uno por uno.","1. Dado que existen obligaciones en estado Faltante, cuando el Delegado genera el informe de huecos, entonces la lista muestra primero las obligaciones OBLIGATORIO, despues las RECOMENDADO y por ultimo las CONDICIONAL.
2. Dado que se cierra el diagnostico inicial o un re-diagnostico (MOD-004), cuando el cierre ocurre, entonces el sistema recalcula automaticamente el informe de huecos sin que nadie lo pida.
3. Dado que una obligacion OBLIGATORIO aparece en el informe de huecos, cuando el hueco sigue abierto, entonces el sistema mantiene una alerta WARNING semanal al Delegado y al Responsable Legal/Compliance, escalando a Gerencia a los 30 dias.
4. Dado que una obligacion deja de estar en Faltante porque se cargo y se aprobo evidencia, o porque dejo de aplicar, cuando eso ocurre, entonces el informe de huecos deja de listarla y la alerta correspondiente se apaga.
5. Dado que el informe de huecos se exporta, cuando se genera el archivo, entonces se muestra junto con el texto Requiere validacion de la organizacion o asesoria especializada para la pregunta de si un hueco constituye por si mismo una infraccion sancionable.
6. Dado que un Usuario de consulta / Colaborador intenta generar el informe de huecos, cuando lo intenta, entonces el sistema le niega el acceso, porque el informe esta reservado a Delegado, Responsable Legal/Compliance, Aprobador y Auditor.
7. Dado que Gerencia consulta el informe de huecos, cuando lo abre, entonces ve el total de huecos por clasificacion, sin ningun porcentaje de cumplimiento legal ni las palabras cumple o no cumple.","- El informe nunca declara una obligacion como incumplida, solo como sin evidencia registrada.","3","R2","34","HU-019-02","MOD-004, MOD-022, MOD-023","No","OBL-PRIN-03","","No","","MOD-019 secciones E (fila 2), G (filas 1 y ultima), H (hueco como infraccion) e I"
"HU-019-14","Historia","EP-019","Centro de Evidencias","MOD-019","Exponer los indicadores de evidencia para el Dashboard","Delegado de Proteccion de Datos (o Responsable interno, si aplica el estado FUTURO)","Como Delegado de Proteccion de Datos (o Responsable interno, si aplica el estado FUTURO), quiero que el Centro de Evidencias entregue al Dashboard (MOD-020) los indicadores de evidencia disponible por obligacion, huecos abiertos y evidencia vencida o por vencer, para que cualquier perspectiva del Dashboard pueda mostrar el estado de la evidencia sin que yo tenga que calcularlo aparte.","1. Dado que el Dashboard (MOD-020) solicita el indicador de evidencia disponible por obligacion aplicable, cuando el Centro de Evidencias lo calcula, entonces entrega la cuenta de obligaciones aplicables con al menos una Evidencia Disponible sobre el total de obligaciones aplicables, sin usar la palabra cumplimiento ni un porcentaje etiquetado como legal.
2. Dado que cambia el estado de cualquier Evidence, cuando el cambio se guarda, entonces los indicadores de evidencia disponible, huecos abiertos y evidencia vencida o por vencer se recalculan antes de la siguiente consulta del Dashboard.
3. Dado que la perspectiva Gerencia del Dashboard consulta el indicador, cuando lo muestra, entonces no ve el detalle por obligacion, solo el semaforo con el texto evidencia disponible.
4. Dado que la perspectiva Legal/Delegado o Auditor del Dashboard consulta el indicador, cuando lo muestra, entonces ve el detalle completo por obligacion, no solo el semaforo.
5. Dado que existe al menos una obligacion OBLIGATORIO en estado Faltante, cuando se calcula el semaforo de evidencia disponible, entonces el resultado es rojo, nunca verde ni amarillo.
6. Dado que se calcula cualquiera de estos indicadores, cuando el resultado se muestra en pantalla, entonces siempre aparece junto al texto de descargo estandar del sistema sobre que el indicador mide el estado del programa, no una declaracion de cumplimiento legal.","- MOD-020 es de solo lectura sobre estos indicadores; MOD-019 nunca consulta ni depende de MOD-020 para calcularlos.","3","R2","34","HU-019-02, HU-019-03, HU-019-10, HU-019-13","","No","OBL-PRIN-03","","No","PP-UX-05","MOD-019 secciones E (fila 5), M y P (riesgo legal)"
"HU-020-01","Historia","EP-020","Dashboard y Reportes","MOD-020","Mostrar un panel inicial de pendientes del plan y de tareas","Administrador de la organizacion","Como Administrador de la organizacion, quiero ver, apenas tengo el sistema del nucleo vendible funcionando, cuantas acciones de mi Plan de Cumplimiento y cuantas tareas del Centro de Tareas tengo pendientes, en proceso y vencidas, para mostrar avance real del programa desde el primer dia, sin esperar a que exista el Dashboard completo por perspectivas.","1. Dado que la organizacion tiene un Plan de Cumplimiento en estado Vigente (MOD-005) y tareas creadas en el Centro de Tareas (MOD-021), cuando el Administrador abre el panel inicial, entonces ve el conteo de acciones del plan Pendiente, En proceso, Completada y Vencida, y el conteo de tareas Pendiente, En proceso, Bloqueada y Vencida.
2. Dado que existe al menos una accion del plan o una tarea en estado Vencida, cuando se calcula el panel, entonces el indicador correspondiente se muestra en rojo con su conteo exacto.
3. Dado que no existe ninguna accion ni tarea vencida, cuando se calcula el panel, entonces el indicador correspondiente se muestra en verde.
4. Dado que el usuario hace clic en el conteo de acciones o de tareas, cuando se ejecuta el enlace, entonces el sistema lo redirige a la lista correspondiente de MOD-005 o MOD-021, respetando los permisos que ese usuario ya tiene en el modulo de destino.
5. Dado un usuario cuyo rol no es Administrador de la organizacion ni Delegado de Proteccion de Datos, cuando intenta abrir el panel inicial, entonces el sistema le deniega el acceso, porque el panel esta acotado a esos dos roles mientras el Dashboard completo no exista.
6. Dado que aun no existe ningun Plan de Cumplimiento Vigente, cuando se abre el panel, entonces el sistema muestra el conteo de acciones en cero, sin mostrar un mensaje de error.
7. Dado que el usuario abre o refresca el panel, cuando el sistema recalcula los conteos, entonces la vista se actualiza en tiempo real sin generar un evento de auditoria, por tratarse de una consulta de solo lectura.
8. Dado cualquier conteo mostrado en este panel, cuando el usuario lo revisa, entonces el texto de pantalla nunca usa la palabra cumplimiento junto a un numero o un porcentaje.","- MOD-020 nunca recalcula ni reinterpreta el valor de un indicador: lo muestra tal como su modulo fuente lo define (ficha, seccion M.1).
- MOD-020 no crea tareas ni modifica ningun otro modulo: es un modulo terminal de lectura (ficha, seccion A).
- Todo indicador es un conteo agregado, nunca un dato de negocio individual (ficha, seccion D.4).
- El enlace de detalle respeta siempre los permisos del modulo de destino (ficha, seccion D.4, punto 2).","3","R1","20","","MOD-005, MOD-021","No","","","No","","MOD-020_ficha.md, secciones A, E y L.2; 04_secciones/19_21_roadmap_mvp_v1_v2.md, seccion 19.8"
"HU-020-02","Historia","EP-020","Dashboard y Reportes","MOD-020","Elegir la perspectiva del Dashboard y aplicar filtros de sucursal, unidad y periodo","Administrador de la organizacion","Como Administrador de la organizacion, quiero que el Dashboard preseleccione la perspectiva que corresponde a mi rol, poder cambiar de perspectiva cuando mi rol lo permite, y filtrar la informacion por sucursal o unidad y por periodo, para ver siempre la informacion relevante a mi rol y acotada al alcance de la organizacion que necesito revisar.","1. Dado un usuario que abre el Dashboard por primera vez en la sesion, cuando el sistema carga la pantalla, entonces preselecciona la perspectiva que corresponde a su rol (Gerencia, Responsable, Legal/Delegado o Auditor) segun la tabla de perspectiva por defecto de la ficha.
2. Dado un usuario con mas de un rol asignado, cuando el sistema preselecciona la perspectiva, entonces usa la de mayor alcance entre las que le correspondan.
3. Dado un rol sin permiso para cambiar de perspectiva (por ejemplo, Responsable de area o Aprobador), cuando el usuario abre el selector de perspectiva, entonces el sistema no le ofrece ninguna perspectiva distinta de la suya.
4. Dado un Administrador de la organizacion, cuando aplica el filtro de sucursal o unidad, entonces puede elegir una, varias o Todas del catalogo vigente de MOD-001.
5. Dado un Responsable de area, cuando aplica el filtro de sucursal o unidad, entonces el sistema solo le permite elegir su propia area, nunca el agregado de otra area.
6. Dado un filtro de periodo con fecha desde posterior a fecha hasta, cuando el usuario intenta aplicarlo, entonces el sistema rechaza el filtro y muestra el mensaje de validacion correspondiente, sin recalcular la vista.
7. Dado cualquier cambio de perspectiva o de filtro, cuando el usuario lo confirma, entonces el sistema recalcula los indicadores visibles en tiempo real sin generar un evento de auditoria, por tratarse de una consulta de solo lectura.
8. Dado un usuario con el rol Usuario de consulta / Colaborador, cuando intenta abrir el Dashboard principal, entonces el sistema lo redirige a su vista personal reducida de tareas en vez de mostrarle el selector de perspectivas.","- Las 4 perspectivas son una capa de presentacion sobre los 12 roles estandar del sistema, no una quinta categoria de rol (ficha, seccion B).
- Un Responsable de area nunca ve el agregado de otra area (ficha, seccion C, nota de separacion de funciones).
- El filtro de sucursal o unidad usa el catalogo compartido de MOD-001 (ficha, seccion L.2).
- Toda vista respeta primero el filtro de permisos del rol y despues el filtro de perspectiva, sucursal o periodo elegido (ficha, seccion M.1).","3","R2","34","","MOD-001","No","","","No","","MOD-020_ficha.md, secciones B, C y D.1"
"HU-020-03","Historia","EP-020","Dashboard y Reportes","MOD-020","Mostrar el aviso de estado del programa, nunca cumplimiento legal","Delegado de Proteccion de Datos (o Responsable interno, si aplica el estado FUTURO)","Como Delegado de Proteccion de Datos (o Responsable interno, si aplica el estado FUTURO), quiero que el Dashboard muestre siempre, en sus 4 perspectivas, un aviso de que los indicadores reflejan el estado del programa y nunca un porcentaje de cumplimiento legal, para que ningun usuario de mi organizacion interprete un indicador como una conclusion juridica sobre si cumplimos o no con la ley.","1. Dado cualquier perspectiva del Dashboard (Gerencia, Responsable, Legal/Delegado o Auditor), cuando el usuario la abre, entonces ve visible el aviso de que el panel muestra el estado del programa (controles configurados, tareas pendientes, evidencia disponible), no una medicion de cumplimiento legal, y que debe consultar a su Delegado o a asesoria especializada antes de afirmar que su empresa cumple con la ley.
2. Dado un indicador que usa una escala verde, amarillo o rojo, cuando se muestra en pantalla, entonces su etiqueta usa siempre alguno de los terminos estado del programa, controles configurados, tareas pendientes o evidencia disponible, nunca la palabra cumplimiento junto a un numero o un porcentaje.
3. Dado un indicador que si expresa un porcentaje (por ejemplo, cobertura del RAT), cuando se muestra, entonces su texto de ayuda aclara que mide una magnitud operativa concreta y acotada, no el cumplimiento legal de la empresa en abstracto.
4. Dado que el usuario cierra o recarga el Dashboard, cuando vuelve a entrar, entonces el aviso de descargo vuelve a mostrarse, sin opcion de desactivarlo de forma permanente.
5. Dado un indicador mostrado en rojo, cuando el usuario consulta su ayuda contextual, entonces el texto aclara que un indicador en rojo senala una tarea, un control o una evidencia pendiente, y no es por si mismo una conclusion sobre si existe una infraccion.
6. Dado un Administrador de la organizacion, cuando busca alguna opcion para configurar o desactivar el aviso de descargo desde cualquier pantalla del Dashboard, entonces el sistema no ofrece esa opcion.","- Anti-feature 5: declarar un porcentaje de cumplimiento legal de 0 a 100 por ciento no debe hacerse; en su lugar se muestra estado del programa, controles configurados, tareas pendientes o evidencia disponible.
- Anti-feature 22: no usar en la comunicacion frases como cumplimiento garantizado o blindaje legal 100 por ciento.
- Decision que el sistema no automatiza (ficha, seccion H): traducir un indicador o una combinacion de indicadores en una afirmacion de cumplimiento legal, con o sin porcentaje.","2","R2","34","HU-020-02","","No","","Validacion, con clientes piloto, de que el texto y el diseno visual (semaforos, barras) del aviso no contradicen el descargo de cumplimiento legal (ver PP-UX-05)","No","PP-UX-05","MOD-020_ficha.md, seccion H; 04_secciones/14_dashboard_y_reportes.md, seccion 14.1"
"HU-020-04","Historia","EP-020","Dashboard y Reportes","MOD-020","Bajar al registro fuente de un indicador respetando permisos","Responsable de area (RRHH, Marketing, Operaciones, etc.)","Como Responsable de area (RRHH, Marketing, Operaciones, etc.), quiero bajar desde un indicador del Dashboard hasta el registro fuente en su modulo de origen (drill-down), para poder actuar directamente sobre lo que esta pendiente o vencido, sin tener que buscarlo de nuevo por mi cuenta.","1. Dado un indicador con enlace de detalle, cuando el usuario hace clic y conserva el permiso de ver ese registro en su modulo de origen, entonces el sistema lo redirige a la pantalla correspondiente de ese modulo, ya filtrada al registro o al listado que originaba el indicador.
2. Dado un usuario cuyo rol no tiene permiso para ver el registro en su modulo de origen, cuando hace clic en el enlace de detalle, entonces el sistema no revela si el registro existe: el enlace no se muestra, o redirige a un mensaje neutro de sin acceso.
3. Dado un Responsable de area, cuando baja al detalle de un indicador de su propia area, entonces accede al registro; cuando el mismo tipo de indicador pertenece a otra area, entonces el sistema nunca le ofrece el enlace de detalle.
4. Dado un Auditor (interno) o un Auditor externo invitado, cuando baja al detalle de cualquier registro por drill-down, entonces solo puede verlo en modo de solo lectura, sin opcion de crear, aprobar, modificar ni eliminar nada desde esa pantalla.
5. Dado que el usuario pierde el permiso sobre un registro en su modulo de origen despues de haber visto el indicador (por ejemplo, se le retira el rol), cuando vuelve a intentar el mismo drill-down, entonces el sistema evalua el permiso vigente en ese momento, no el que tenia antes.
6. Dado cualquier enlace de detalle, cuando el usuario hace clic, entonces la accion sobre el registro queda gobernada por los permisos y por el historial del modulo de destino, sin que MOD-020 cree, apruebe ni modifique ningun registro por su cuenta.
7. Dado un Asesor externo invitado o un Auditor externo invitado, cuando intenta bajar al detalle de un registro fuera del alcance temporal o de modulos habilitado para su caso, entonces el sistema le deniega el acceso de la misma forma que si el registro no existiera.","- El filtro de permisos se aplica siempre antes que el filtro de perspectiva, con la misma regla de no revelar existencia que usa la Busqueda Global (04_secciones/14_dashboard_y_reportes.md, seccion 14.7.2).
- El Dashboard nunca permite completar, aprobar ni cerrar nada directamente: siempre redirige al modulo de origen (ficha, seccion C, ultima fila).
- El rol Auditor, interno o externo, debe ser siempre de solo lectura (02_validacion/05_tipos_de_usuario.md, seccion 5.4).","5","R2","34","HU-020-02","","No","","","No","","MOD-020_ficha.md, secciones C, D.4 punto 2, F.3 y P; 04_secciones/14_dashboard_y_reportes.md, seccion 14.7.2"
"HU-020-05","Historia","EP-020","Dashboard y Reportes","MOD-020","Ver el Dashboard en la perspectiva Gerencia","Administrador de la organizacion","Como Administrador de la organizacion, quiero ver, en la perspectiva Gerencia del Dashboard, los indicadores criticos de toda la organizacion: avance del plan, evidencia disponible, tareas y solicitudes vencidas, incidentes abiertos y roles criticos sin titular, para responder de un vistazo como vamos, sin abrir cada modulo por separado.","1. Dado un Administrador de la organizacion que entra al Dashboard, cuando el sistema muestra la perspectiva Gerencia, entonces ve el avance del Plan de Cumplimiento (MOD-005), la evidencia disponible por obligacion aplicable (MOD-019), las tareas vencidas (MOD-021), las solicitudes ARCO-POL vencidas (MOD-011), los incidentes abiertos por severidad (MOD-013) y los roles criticos sin titular (MOD-001).
2. Dado que el avance del Plan de Cumplimiento es mayor a 80 por ciento, cuando se muestra el indicador, entonces aparece en verde; si esta entre 50 y 80 por ciento aparece en amarillo; si es menor a 50 por ciento aparece en rojo.
3. Dado que existe al menos una tarea o una accion del plan en estado Vencida, cuando se calcula el indicador correspondiente, entonces se muestra en rojo con su conteo exacto.
4. Dado un indicador cuyo modulo fuente es SHOULD HAVE o COULD HAVE y aun no existe en esta version (por ejemplo Riesgos y EIPD o Transferencias Internacionales), cuando se muestra en la perspectiva Gerencia, entonces aparece como no disponible en esta version, nunca como un valor en cero.
5. Dado un Delegado de Proteccion de Datos o un Responsable Legal / Compliance, cuando accede a la perspectiva Gerencia, entonces la ve en modo de solo lectura, sin las acciones exclusivas del Administrador.
6. Dado un rol sin permiso para ver la perspectiva Gerencia (por ejemplo Responsable de area o Aprobador), cuando intenta seleccionarla, entonces el sistema no la ofrece como opcion.
7. Dado el badge de regimen normativo vigente, cuando se muestra en la perspectiva Gerencia, entonces refleja el estado ACTUAL o FUTURO tal como lo define MOD-024, sin que MOD-020 lo calcule por su cuenta.
8. Dado cualquier indicador de esta perspectiva que cuente expedientes individuales (por ejemplo solicitudes ARCO-POL o incidentes), cuando se muestra en pantalla, entonces solo se ve el conteo agregado, nunca el nombre, el documento de identidad ni cualquier otro dato del titular al que pertenece un expediente.","- MOD-020 nunca recalcula ni reinterpreta el valor de un indicador: lo muestra tal como su modulo fuente lo define (ficha, seccion M.1).
- Cuando un modulo fuente aun no existe en el MVP vigente, su indicador se muestra como no disponible en esta version (ficha, seccion G).
- Todo indicador es un conteo, un porcentaje, una fecha o un estado agregado, nunca un dato individual del titular (ficha, seccion D.4).
- El badge de regimen se lee siempre de MOD-024, nunca se calcula ni se duplica en MOD-020 (ficha, seccion L.2).","5","R2","34","HU-020-02, HU-020-03, HU-020-04","MOD-001, MOD-005, MOD-011, MOD-013, MOD-019, MOD-021, MOD-024","No","","","No","","MOD-020_ficha.md, seccion M.3.1; 04_secciones/14_dashboard_y_reportes.md, seccion 14.2.1"
"HU-020-06","Historia","EP-020","Dashboard y Reportes","MOD-020","Ver el Dashboard en la perspectiva Responsable","Responsable de area (RRHH, Marketing, Operaciones, etc.)","Como Responsable de area (RRHH, Marketing, Operaciones, etc.), quiero ver, en la perspectiva Responsable del Dashboard, mis propias tareas pendientes y vencidas, mis aprobaciones pendientes si soy Aprobador, mis solicitudes ARCO-POL por vencer si soy Responsable del tramite, y los indicadores de mi propia area, para saber que tengo pendiente hoy sin revisar cada modulo por separado, y sin ver nunca el agregado de otra area.","1. Dado un Responsable de area que entra al Dashboard, cuando el sistema muestra la perspectiva Responsable, entonces ve sus tareas Pendiente, En proceso y Vencida (MOD-021) y los indicadores de su propia area, por ejemplo fichas del RAT pendientes de revision periodica (MOD-006), si su area administra tratamientos.
2. Dado ese mismo usuario, cuando revisa el panel, entonces el sistema nunca le ofrece el indicador equivalente de otra area: solo ve el conteo de su propia sucursal o area.
3. Dado un Aprobador, cuando entra a la perspectiva Responsable, entonces ve el conteo de aprobaciones pendientes asignadas a el (MOD-021), en amarillo si llevan mas de 3 dias en espera y en rojo si llevan 5 dias o mas.
4. Dado un Responsable ARCO-POL / Responsable del tramite, cuando entra a la perspectiva Responsable, entonces ve sus propias solicitudes ARCO-POL proximas a vencer o vencidas (MOD-011), nunca las de otro responsable.
5. Dado un Responsable de Seguridad / IT, cuando entra a la perspectiva Responsable, entonces ve sus controles e incidentes propios (MOD-015, MOD-013), incluidos los cronometros de 72 horas por vencer.
6. Dado que el usuario no tiene ninguna tarea, aprobacion ni solicitud pendiente, cuando se calcula el panel, entonces todos los indicadores se muestran en cero y en verde, sin mensaje de error.
7. Dado el indicador de proveedores sin contrato o DPA vigente vinculado (MOD-009) de la propia area del usuario, cuando su conteo es mayor a cero, entonces se muestra en rojo.
8. Dado cualquier indicador de esta perspectiva que cuente expedientes o fichas, cuando se muestra, entonces expone unicamente el conteo agregado, nunca el detalle de un expediente individual ni un dato personal del titular.","- Un Responsable de area nunca ve el agregado de otra area (ficha, seccion C, nota de separacion de funciones).
- Ve unicamente los indicadores y tareas de su propia area (ficha, seccion B, tabla).
- Todo indicador es un conteo agregado, nunca un dato individual del titular (ficha, seccion D.4).","5","R2","34","HU-020-02, HU-020-03, HU-020-04","MOD-006, MOD-009, MOD-011, MOD-013, MOD-021","No","","","No","","MOD-020_ficha.md, secciones B y C; 04_secciones/14_dashboard_y_reportes.md, seccion 14.2.2"
"HU-020-07","Historia","EP-020","Dashboard y Reportes","MOD-020","Ver el Dashboard en la perspectiva Legal/Delegado","Delegado de Proteccion de Datos (o Responsable interno, si aplica el estado FUTURO)","Como Delegado de Proteccion de Datos (o Responsable interno, si aplica el estado FUTURO), quiero ver, en la perspectiva Legal/Delegado del Dashboard, los riesgos y decisiones legales pendientes, el estado de mi propio nombramiento e informes periodicos, y la evidencia disponible por obligacion aplicable, para priorizar que atender primero sin tener que revisar cada modulo legal por separado.","1. Dado un Delegado de Proteccion de Datos que entra al Dashboard, cuando el sistema muestra la perspectiva Legal/Delegado, entonces ve el estado de su propio nombramiento y el conteo de informes periodicos entregados frente al minimo legal de 2 (MOD-002).
2. Dado que existe al menos un reclamo ante la Direccion de Proteccion de Datos abierto (MOD-011), cuando se calcula el indicador, entonces se muestra en rojo.
3. Dado el badge de regimen normativo vigente, cuando se muestra en esta perspectiva, entonces indica si el regimen es ACTUAL o FUTURO, leido siempre de MOD-024 sin recalculo propio de MOD-020.
4. Dado el indicador de huecos de evidencia abiertos (MOD-019), cuando existe al menos un hueco clasificado OBLIGATORIO, entonces se muestra en rojo.
5. Dado que Riesgos y EIPD (MOD-014) o Transferencias Internacionales (MOD-010) aun no existen en esta version, cuando se muestran sus indicadores en esta perspectiva, entonces aparecen como no disponible en esta version.
6. Dado un Responsable Legal / Compliance, cuando entra a esta perspectiva, entonces ve el mismo panel que el Delegado, con foco en base juridica, documentos y procedimiento sancionador.
7. Dado un usuario en esta perspectiva, cuando intenta activar la vista alternativa por los 8 clusters legales, entonces el sistema no ofrece esa opcion en esta version.
8. Dado cualquier indicador de riesgos o reclamos, cuando se muestra, entonces expone solo el conteo agregado, nunca el nombre del titular ni el contenido del reclamo.","- Ve riesgos y decisiones pendientes de su rol, con foco en base juridica y procedimiento sancionador (ficha, seccion B).
- El badge de regimen se lee siempre de MOD-024, nunca se calcula ni se duplica en MOD-020 (ficha, seccion L.2).
- La vista alternativa por los 8 clusters legales esta clasificada version SHOULD HAVE/V1 (ficha, tabla Q).","5","R2","34","HU-020-02, HU-020-03, HU-020-04","MOD-002, MOD-011, MOD-019, MOD-024","No","","","No","","MOD-020_ficha.md, seccion M.3.1; 04_secciones/14_dashboard_y_reportes.md, seccion 14.2.3"
"HU-020-08","Historia","EP-020","Dashboard y Reportes","MOD-020","Ver el Dashboard en la perspectiva Auditor","Auditor (interno)","Como Auditor (interno), quiero ver, en la perspectiva Auditor del Dashboard, la evidencia disponible y los huecos por obligacion aplicable, los vencimientos de controles y contratos, y elegir una fecha de corte para mi alcance de auditoria, para preparar mi revision de solo lectura sin necesitar acceso de edicion a ningun modulo.","1. Dado un Auditor (interno) que entra al Dashboard, cuando el sistema muestra la perspectiva Auditor, entonces ve la evidencia disponible por obligacion aplicable clasificada OBLIGATORIO, RECOMENDADO o CONDICIONAL (MOD-019) y los huecos de evidencia abiertos.
2. Dado que existe al menos un hueco de evidencia clasificado OBLIGATORIO, cuando se calcula el indicador, entonces se muestra en rojo.
3. Dado el indicador de controles obligatorios sin evidencia o vencidos (MOD-015), cuando su conteo es mayor a cero, entonces se muestra en rojo.
4. Dado un Auditor externo invitado, cuando entra a esta perspectiva, entonces ve unicamente los indicadores y el alcance de modulos habilitado para su auditoria puntual, nunca el panel general de la organizacion.
5. Dado el indicador de estado de la ultima auditoria (MOD-018), cuando se muestra en esta perspectiva, entonces aparece como no disponible en esta version, porque MOD-018 es SHOULD HAVE y no existe en esta epica.
6. Dado que el Auditor selecciona una fecha de corte distinta de hoy dentro del rango permitido, cuando aplica el filtro, entonces los indicadores se recalculan en tiempo real a esa fecha, sin generar ni consultar una foto periodica de cierre mensual, porque esa capacidad no forma parte de esta version.
7. Dado cualquier accion sobre un indicador o su drill-down, cuando el Auditor la ejecuta, entonces solo puede consultar en modo de solo lectura, sin ninguna opcion de crear, aprobar, modificar o eliminar.
8. Dado un indicador que cuenta expedientes con evidencia completa o incompleta (por ejemplo ARCO-POL), cuando se muestra, entonces expone solo el porcentaje o el conteo agregado, nunca el contenido de un expediente individual.","- El rol Auditor, interno o externo, debe ser siempre de solo lectura (02_validacion/05_tipos_de_usuario.md, seccion 5.4).
- Un Auditor externo invitado ve unicamente los indicadores y reportes del alcance temporal y de modulos habilitado para su auditoria puntual (ficha, seccion B).
- Cuando un modulo fuente aun no existe en el MVP vigente, su indicador se muestra como no disponible en esta version (ficha, seccion G).","5","R2","35","HU-020-02, HU-020-03, HU-020-04","MOD-011, MOD-015, MOD-019, MOD-023","No","","","No","","MOD-020_ficha.md, seccion M.3.1; 04_secciones/14_dashboard_y_reportes.md, seccion 14.2.4"
"HU-020-09","Historia","EP-020","Dashboard y Reportes","MOD-020","Consultar el catalogo de reportes minimos por modulo de origen","Auditor (interno)","Como Auditor (interno), quiero consultar, desde el Dashboard, un catalogo de los reportes minimos ya disponibles (ARCO-POL, incidentes, proveedores, RAT, seguridad) organizado por modulo de origen, y abrir cada uno desde ahi, para encontrar en un solo lugar los reportes que ya existen en cada modulo, con la garantia de que cada exportacion queda registrada y es verificable.","1. Dado un Auditor (interno) que abre el catalogo de reportes desde el Dashboard, cuando el sistema lo calcula, entonces ve, para su alcance, los reportes ya disponibles de MOD-006 (RAT consolidado y RAT de datos sensibles), MOD-009 (listado de proveedores y reporte de vencimientos), MOD-011 (reporte de solicitudes ARCO-POL), MOD-013 (listado de incidentes del periodo) y MOD-015 (checklist de controles de seguridad).
2. Dado un reporte del catalogo, cuando el usuario lo selecciona, entonces el sistema lo abre en la pantalla de exportacion de su modulo de origen, sin duplicar ni regenerar el reporte dentro de MOD-020.
3. Dado el reporte gerencial consolidado o el reporte del ciclo de auditoria, que dependen del Informe gerencial propio de MOD-020 y de MOD-018 (ambos fuera de esta version), cuando se muestran en el catalogo, entonces aparecen como no disponible en esta version.
4. Dado que el usuario exporta un reporte alcanzado desde este catalogo, cuando la exportacion se completa, entonces queda registrada en el AuditLog transversal con usuario, fecha, hora, reporte, filtros aplicados y formato, y su archivo incluye la verificacion de integridad que expone MOD-019, igual que si el usuario hubiera exportado ese reporte entrando de forma directa a su modulo de origen.
5. Dado un rol sin permiso para exportar un reporte especifico (por ejemplo Responsable de area), cuando revisa el catalogo, entonces ese reporte no aparece como opcion para el.
6. Dado un Auditor externo invitado o un Asesor externo invitado, cuando consulta el catalogo, entonces solo ve los reportes del alcance de modulos habilitado para su caso puntual.
7. Dado que el usuario abre el catalogo sin exportar nada, cuando solo navega la lista, entonces el sistema no genera un evento de auditoria de exportacion, porque la sola consulta del catalogo es una lectura, no una exportacion.
8. Dado cualquier reporte del catalogo, cuando el usuario lo abre, entonces el contenido y las reglas de minimizacion de datos personales del titular siguen siendo las que ya define su propio modulo de origen, sin que MOD-020 las modifique.","- Toda exportacion queda en el AuditLog, con verificacion de integridad via MOD-019 (ficha, tabla Q, fila MUST HAVE).
- MOD-020 no reinventa su propio formato de hash o firma: entrega sus reportes al mecanismo unico que expone MOD-019 (ficha, seccion J).
- El rol de MOD-020 es ofrecer un unico punto de entrada donde encontrar los reportes ya existentes de cada modulo de origen (ficha, seccion N.2).
- Anti-feature 25: todo archivo exportado incluye un mecanismo propio de verificacion de integridad, hash o firma validable de forma independiente.","8","R2","35","HU-020-02, HU-020-04, HU-020-08","MOD-006, MOD-009, MOD-011, MOD-013, MOD-015, MOD-019","No","","","No","","MOD-020_ficha.md, secciones J, N.1, N.2 y Q (fila 5); 04_secciones/14_dashboard_y_reportes.md, secciones 14.5 y 14.6"
"HU-021-01","Historia","EP-021","Centro de Tareas","MOD-021","Generar automaticamente una tarea desde un evento de otro modulo","Administrador de la organizacion","Como Administrador de la organizacion, quiero que el sistema cree automaticamente una tarea en el Centro de Tareas cuando un modulo de origen detecte un hecho que exige una accion, para que ninguna obligacion detectada por otro modulo quede sin responsable ni fecha.","1. Dado que un modulo de origen del catalogo (MOD-002, MOD-004, MOD-005, MOD-006, MOD-008, MOD-009, MOD-011, MOD-013, MOD-014, MOD-016, MOD-017, MOD-018 o MOD-024) genera un hecho mapeado a una plantilla de tarea, cuando el hecho ocurre, entonces el sistema crea una Tarea en estado Pendiente con el campo Modulo de origen igual a ese modulo, sin intervencion manual.
2. Dado que el modulo de origen entrega Titulo, Descripcion, Obligacion relacionada, Tipo de tarea y el Responsable sugerido, cuando se crea la tarea, entonces esos campos quedan precargados y el sistema registra la Fecha de creacion de forma automatica y no editable.
3. Dado que el modulo de origen indica una Obligacion relacionada, cuando se guarda la tarea, entonces el sistema valida que cada OBL-ID exista en la matriz de obligaciones antes de guardarlo, y la tarea puede quedar con cero, uno o varios OBL-ID.
4. Dado que la tarea creada corresponde a un Tipo de tarea con evidencia requerida definida en el catalogo (Incidente, ARCO-POL, Delegado/Responsable interno o Procedimiento sancionador), cuando se crea, entonces el sistema precarga el catalogo de Evidencia requerida sugerido para ese tipo, sin exigirla todavia en este paso.
5. Dado que el modulo de origen indicado no existe o el registro de origen referenciado no existe, cuando se intenta crear la tarea, entonces el sistema rechaza la creacion automatica porque el campo Modulo de origen exige que el registro de origen exista.
6. Dado que se crea una tarea nueva, cuando se guarda, entonces el sistema registra un evento de auditoria (creacion, modulo de origen, fecha y hora) y notifica al Responsable asignado a traves de MOD-022.
7. Dado que el Responsable sugerido no coincide con ningun usuario activo con un rol compatible con el Tipo de tarea, cuando se crea la tarea, entonces el sistema la deja sin Responsable asignado en firme y la muestra como pendiente de asignacion, sin bloquear su creacion.","- El Modulo de origen es obligatorio y, si no es Manual, el registro de origen debe existir (seccion D.1).
- Titulo, Descripcion, Modulo de origen, Obligacion relacionada, Tipo de tarea y Responsable sugerido llegan precargados desde el modulo que genera la tarea (seccion D.1, nota de campos precargados).
- MOD-021 nunca decide el fundamento legal de una tarea, siempre lo hereda del modulo de origen (seccion A).","3","R1","3","","MOD-001","Si","","Plantilla de tarea por tipo (por ejemplo Responder solicitud ARCO-POL, Notificar vulneracion de seguridad, Renovar contrato de encargado), con evidencia requerida sugerida segun el tipo, validada por la organizacion antes de usarse tal cual (seccion K).","No","","MOD-021 secciones A, D.1, F.2 (fila no existe -> Pendiente), G (fila 1); 12_tareas_y_alertas.md 12.2"
"HU-021-02","Historia","EP-021","Centro de Tareas","MOD-021","Crear manualmente una tarea en el Centro de Tareas","Responsable de area (RRHH, Marketing, Operaciones, etc.)","Como Responsable de area (RRHH, Marketing, Operaciones, etc.), quiero registrar manualmente una tarea con su titulo, tipo, responsable y prioridad, para dejar constancia de un pendiente de mi area que no proviene de ningun otro modulo.","1. Dado que tengo el permiso Crear tarea manual, cuando completo Titulo (maximo 140 caracteres), Tipo de tarea y guardo, entonces el sistema crea la tarea con Modulo de origen Manual y Estado Pendiente.
2. Dado que dejo el Titulo vacio o supero 140 caracteres, cuando intento guardar, entonces el sistema rechaza el guardado y senala el campo Titulo como invalido.
3. Dado que mi rol no tiene el permiso Crear tarea manual (por ejemplo Usuario de consulta / Colaborador o Auditor (interno)), cuando intento crear una tarea, entonces el sistema deniega la accion.
4. Dado que asigno un Responsable, cuando lo selecciono, entonces el sistema solo permite elegir usuarios activos de la organizacion cuyo rol sea compatible con el Tipo de tarea elegido.
5. Dado que faltan menos de 5 dias habiles (umbral configurable) para el vencimiento de un plazo legal en curso vinculado a la tarea, cuando el sistema evalua la Prioridad, entonces la sugiere automaticamente como Alta o Critica, pero deja que el responsable o su superior decidan la prioridad final sin imponerla de forma definitiva.
6. Dado que marco Es recurrente en Si, cuando intento guardar sin indicar Periodicidad, entonces el sistema exige el campo Periodicidad antes de guardar.
7. Dado que la tarea creada manualmente queda guardada, cuando se guarda, entonces el sistema registra un evento de auditoria de creacion con el usuario que la creo y notifica al Responsable asignado via MOD-022.","- El campo Titulo es obligatorio siempre, maximo 140 caracteres (seccion D.1).
- El catalogo de Tipo de tarea es cerrado: Diagnostico, Plan de cumplimiento, ARCO-POL, Incidente, Documento, Proveedor, Riesgo/EIPD, Retencion, Capacitacion, Auditoria, Delegado/Responsable interno, Procedimiento sancionador, Regulatorio, Otra (seccion D.1).
- El sistema nunca decide por si mismo la prioridad final cuando compiten varios plazos legales por los mismos recursos: solo la sugiere (seccion H).","3","R1","5","","MOD-001","No","","","No","","MOD-021 secciones C, D.1, F.2, H (ultimo punto)"
"HU-021-03","Historia","EP-021","Centro de Tareas","MOD-021","Avanzar una tarea por sus estados basicos","Responsable de area (RRHH, Marketing, Operaciones, etc.)","Como Responsable de area (RRHH, Marketing, Operaciones, etc.), quiero iniciar, bloquear, desbloquear, completar y reabrir una tarea segun su flujo de estados, para reflejar en todo momento en que paso del trabajo esta cada tarea.","1. Dado que una tarea esta en Pendiente y tiene Responsable asignado, cuando el responsable marca iniciar, entonces la tarea pasa a En proceso y el sistema registra el evento de auditoria correspondiente.
2. Dado que una tarea esta en En proceso, cuando el responsable la marca como Bloqueada sin indicar el Motivo de bloqueo, entonces el sistema rechaza el cambio de estado porque ese campo es obligatorio en ese estado.
3. Dado que una tarea esta en En proceso, cuando el responsable la marca como Bloqueada con un Motivo de bloqueo valido, entonces la tarea pasa a Bloqueada, se pausa el conteo de tiempo activo, y si otra tarea la tiene como Dependencia, se notifica a esa tarea dependiente.
4. Dado que una tarea Bloqueada tiene resuelto su impedimento, cuando el usuario confirma que el impedimento ya no existe, entonces la tarea vuelve a En proceso y se reanuda el conteo de tiempo activo.
5. Dado que una tarea esta Completada, cuando un Administrador, un Delegado/Responsable interno o un Responsable Legal/Compliance solicita reabrirla sin registrar un motivo de reapertura, entonces el sistema rechaza la reapertura porque ese motivo es obligatorio.
6. Dado que una tarea Completada se reabre con motivo registrado, cuando se confirma, entonces la tarea vuelve a Pendiente o a En proceso segun el motivo, se registra el evento de auditoria con ese motivo, y la version anterior de la evidencia se conserva sin sobrescribirse.
7. Dado que un rol sin permiso para cambiar de estado (por ejemplo Auditor (interno) o Aprobador) intenta iniciar, bloquear o completar una tarea, cuando lo intenta, entonces el sistema deniega la accion.","- Tabla de transiciones de la seccion F.2: Pendiente a En proceso a Bloqueada a En proceso a En revision a Aprobada a Completada, con reapertura posible desde Completada.
- El Motivo de bloqueo es obligatorio siempre que el Estado sea Bloqueada (seccion D.1).
- Eliminar una tarea no existe para ningun rol: solo se puede archivar (seccion C, nota especifica).","5","R1","5","HU-021-01, HU-021-02","","No","","","No","","MOD-021 secciones F.1, F.2, C"
"HU-021-04","Historia","EP-021","Centro de Tareas","MOD-021","Consultar la bandeja de tareas propia por persona","Usuario de consulta / Colaborador","Como Usuario de consulta / Colaborador, quiero ver en un solo lugar unicamente las tareas que se me asignaron, filtradas por estado, tipo y fecha limite, para saber que me toca hacer sin recorrer otros modulos.","1. Dado que inicio sesion como Usuario de consulta / Colaborador, cuando abro el Centro de Tareas, entonces solo veo las tareas puntuales que se me asignaron, sin visibilidad del resto de tareas de la organizacion.
2. Dado que soy Administrador de la organizacion, cuando abro el Centro de Tareas, entonces veo todas las tareas de la organizacion, con la opcion de filtrar por Estado, Tipo de tarea, Responsable, Area y rango de Fecha limite.
3. Dado que soy Responsable de area, cuando filtro mi bandeja, entonces solo veo las tareas de mi propia area o sucursal, nunca el agregado de otras areas.
4. Dado que una tarea tiene Nivel de confidencialidad Sensible o Muy sensible, cuando un usuario que no es el Responsable, el Delegado/Responsable interno ni el Administrador intenta verla en la bandeja, entonces el sistema no la muestra y ese acceso queda restringido.
5. Dado que ordeno mi bandeja por Fecha limite, cuando la reviso, entonces las tareas con plazo legal en curso quedan distinguibles de las tareas internas sin plazo legal, sin que las internas oculten a las que si tienen plazo.
6. Dado que soy Auditor (interno), cuando abro el Centro de Tareas, entonces veo todas las tareas de la organizacion en modo solo lectura, sin poder crear, editar ni aprobar ninguna.","- Permisos de Ver: Si para Administrador y Delegado, Si* (solo lo propio o asignado) para el resto de roles operativos, Si de solo lectura para Auditor interno (seccion C).
- Responsable de area ve solo su propia area, nunca el agregado de otras (11_roles_y_permisos.md, seccion 11.2).
- El Nivel de confidencialidad limita quien puede ver la tarea ademas del responsable y el rol correspondiente (seccion D.1).","3","R1","5","HU-021-01, HU-021-02","MOD-001","No","","","No","","MOD-021 secciones B, C, P (riesgo de UX, vista Mis tareas de hoy)"
"HU-021-05","Historia","EP-021","Centro de Tareas","MOD-021","Adjuntar y gestionar evidencia de una tarea","Responsable ARCO-POL / Responsable del tramite","Como Responsable ARCO-POL / Responsable del tramite, quiero adjuntar los archivos que prueban que complete una tarea, para dejar evidencia verificable de que la ejecute.","1. Dado que el Tipo de tarea es Incidente, ARCO-POL, Delegado/Responsable interno o Procedimiento sancionador, cuando intento pasar la tarea a En revision sin ningun archivo que corresponda a la Evidencia requerida marcada, entonces el sistema rechaza la transicion.
2. Dado que adjunto un archivo, cuando lo cargo, entonces el sistema verifica el tipo de archivo permitido por la politica de seguridad de la organizacion y el tamano maximo configurado, y rechaza el archivo si no cumple.
3. Dado que una tarea esta Completada, cuando intento eliminar un adjunto que ya forma parte de ella, entonces el sistema no lo permite; solo puedo agregar una version nueva y la anterior se conserva.
4. Dado que adjunto o elimino un archivo de una tarea que no esta Completada, cuando lo hago, entonces el sistema registra el evento en el historial con quien lo hizo y cuando.
5. Dado que mi rol no tiene permiso de Adjuntar evidencia (por ejemplo Auditor (interno) o Auditor externo (invitado)), cuando intento adjuntar un archivo, entonces el sistema deniega la accion.","- La Tarea nunca almacena el dato personal del titular en si, solo una referencia al expediente de origen (seccion D.1, Minimizacion de datos personales).
- No se permite eliminar un adjunto que ya forma parte de una tarea Completada, solo agregar versiones nuevas (seccion O).","3","R1","5","HU-021-01, HU-021-02","","No","OBL-PRIN-03","","No","","MOD-021 secciones D.1 (Evidencia requerida, Archivos adjuntos), O, J"
"HU-021-06","Historia","EP-021","Centro de Tareas","MOD-021","Registrar comentarios en la bitacora de una tarea","Asesor externo invitado","Como Asesor externo invitado, quiero dejar un comentario en la tarea especifica que se me asigno, para coordinar con quien retome el trabajo despues sin tener visibilidad del resto de tareas.","1. Dado que tengo acceso a una tarea especifica por invitacion puntual, cuando escribo un comentario y lo guardo, entonces queda registrado con mi identidad y la fecha, sin poder editarlo ni borrarlo despues.
2. Dado que un comentario ya fue guardado, cuando cualquier usuario intenta editarlo o borrarlo, entonces el sistema no lo permite para ningun rol.
3. Dado que mi rol es Auditor (interno) o Auditor externo (invitado), cuando intento comentar una tarea, entonces el sistema deniega la accion porque esos roles son de solo lectura.
4. Dado que agrego un comentario, cuando lo guardo, entonces el sistema lo agrega al historial de la tarea, visible para quienes tienen permiso de Ver esa tarea.","- Los comentarios quedan con autor y fecha, no editables ni borrables (seccion D.1).
- El rol Auditor (interno o externo) es siempre de solo lectura, nunca comenta ni aprueba (seccion C).","2","R1","6","HU-021-01, HU-021-02","","No","","","No","","MOD-021 secciones D.1 (Comentarios), C, O"
"HU-021-07","Historia","EP-021","Centro de Tareas","MOD-021","Mostrar la fecha limite calculada por el motor de plazos con su desglose","Delegado de Proteccion de Datos (o Responsable interno, si aplica el estado FUTURO)","Como Delegado de Proteccion de Datos (o Responsable interno, si aplica el estado FUTURO), quiero ver la fecha limite de una tarea con plazo legal calculada por el motor de plazos y su desglose, para confiar en un unico calculo de plazos en toda la organizacion, sin que cada tarea lo calcule por su cuenta.","1. Dado que una tarea tiene un plazo legal asociado, cuando se crea o se necesita su Fecha limite, entonces el sistema nunca la calcula dentro de MOD-021 y siempre se la pide a MOD-023, mostrando la fecha resultante en la tarea.
2. Dado que la Fecha limite proviene de un plazo legal, cuando intento editarla a mano, entonces el sistema bloquea la edicion manual de ese campo; solo MOD-023 puede recalcularla.
3. Dado que la tarea no tiene plazo legal (tarea interna), cuando edito su Fecha limite, entonces el sistema permite el cambio siempre que registre una justificacion y la nueva fecha no sea anterior a la Fecha de creacion.
4. Dado que la fecha limite tiene una ambiguedad juridica documentada (por ejemplo el plazo de 72 horas del Art. 25), cuando se muestra la fecha, entonces el sistema muestra tambien el Criterio de computo mostrado (por ejemplo Horas corridas, criterio conservador) junto con el texto La ley no precisa si este plazo se cuenta en horas corridas u horas habiles. El sistema aplica por defecto el criterio mas conservador (horas corridas). Verifique este criterio con asesoria legal si el caso es critico.
5. Dado que abro la vista expandible del calculo, cuando la consulto, entonces veo el dia 1 del computo, cada dia u hora excluido con su motivo, la fecha resultante y la version del calendario usada para ese calculo especifico.
6. Dado que MOD-023 recalcula la Fecha limite porque cambio el calendario de dias inhabiles mientras el plazo seguia abierto, cuando ocurre el recalculo, entonces el sistema conserva el valor anterior en el historial de la tarea y notifica el cambio via MOD-022, sin mover la fecha en silencio.","- MOD-021 nunca calcula un plazo legal por su cuenta, siempre lo pide a MOD-023 (secciones A, H y L.2).
- El campo Fecha limite se bloquea para edicion manual cuando proviene de un plazo legal (seccion D.1).
- El criterio de computo ambiguo se muestra siempre junto a la fecha, con el texto de advertencia estandar (seccion H).","5","R1","6","HU-021-01, HU-021-02","MOD-023","No","OBL-PLAZO-01","","Si","PP-JUR-02, PP-JUR-03","MOD-021 secciones D.1 (Fecha limite, Criterio de computo mostrado), H, P; 12_tareas_y_alertas.md 12.1.6, 12.5"
"HU-021-08","Historia","EP-021","Centro de Tareas","MOD-021","Marcar automaticamente una tarea como vencida","Administrador de la organizacion","Como Administrador de la organizacion, quiero que el sistema marque visualmente como vencida cualquier tarea cuya fecha limite se cumplio sin completarse, para ver de inmediato que plazos ya se pasaron, sin que queden ocultos.","1. Dado que una tarea no terminal (no esta en Completada ni en No aplica) llega a su Fecha limite sin cambiar de estado, cuando se cumple esa fecha, entonces el sistema activa la bandera Vencida en Si de forma automatica, sin intervencion humana.
2. Dado que la bandera Vencida se activa, cuando se muestra la tarea, entonces se ve en rojo y sigue su flujo normal desde el estado en que estaba, sin que Vencida reemplace ni excluya el valor del campo Estado.
3. Dado que una tarea con la bandera Vencida en Si finalmente se completa fuera de tiempo, cuando se marca Completada, entonces el registro de que estuvo vencida permanece visible de forma permanente en su historial, sin ocultarse ni borrarse.
4. Dado que una tarea pasa a Completada o a No aplica antes de cumplirse la Fecha limite, cuando eso ocurre, entonces la bandera Vencida nunca se activa para esa tarea.
5. Dado que la bandera Vencida se activa, cuando ocurre, entonces el indicador de tareas vencidas del dashboard sube y se dispara la alerta correspondiente hacia MOD-022.","- Vencida es un campo booleano paralelo, no excluyente con los estados salvo Completada y No aplica (seccion D.1, actualizacion fase 3; seccion F.1).
- Ninguna vista del sistema permite borrar, editar o disimular un vencimiento ya ocurrido (22_anti_features.md item 19; 12_tareas_y_alertas.md 12.5.3).","3","R1","6","HU-021-03, HU-021-07","","No","","","No","","MOD-021 secciones D.1 (Vencida bandera), F.1, F.2 (ultima fila), M; 12_tareas_y_alertas.md 12.1.3, 12.5.3"
"HU-021-09","Historia","EP-021","Centro de Tareas","MOD-021","Enviar una tarea a revision y generar la Aprobacion correspondiente","Responsable ARCO-POL / Responsable del tramite","Como Responsable ARCO-POL / Responsable del tramite, quiero marcar mi tarea como lista para revision cuando termine el trabajo, para que la persona con el rol correspondiente la apruebe antes de darla por cerrada.","1. Dado que una tarea esta En proceso y su Tipo de tarea exige Evidencia requerida, cuando intento marcarla lista para revision sin al menos un archivo cargado de esa evidencia, entonces el sistema rechaza la transicion.
2. Dado que una tarea esta En proceso sin Descripcion completa, cuando intento marcarla lista para revision, entonces el sistema rechaza la transicion porque la Descripcion es obligatoria antes de pasar a En revision.
3. Dado que una tarea cumple sus validaciones, cuando la marco lista para revision, entonces pasa a En revision y, si su Tipo de tarea esta en el catalogo que exige aprobacion (Documento, Acto del Delegado/Responsable interno, Cierre de incidente, Resultado de EIPD/riesgo, Respuesta ARCO-POL sensible, Plan de accion correctiva sancionador), el sistema crea automaticamente el registro de Aprobacion.
4. Dado que se crea la Aprobacion, cuando se genera, entonces el sistema autocompleta el Rol requerido segun el Tipo de aprobacion y sugiere un Aprobador asignado con ese rol, distinto de quien envio la tarea a revision.
5. Dado que se crea la Aprobacion, cuando queda creada, entonces el sistema notifica al Aprobador asignado a traves de MOD-022 y registra el evento de auditoria de la solicitud.
6. Dado que el Tipo de tarea no requiere Aprobacion (por ejemplo una tarea Otra sin acto legal asociado), cuando la tarea pasa a En revision, entonces el sistema no crea un registro de Aprobacion y permite cerrarla segun su propio flujo.","- De En proceso a En revision exige Evidencia requerida cargada cuando el tipo la exige y Descripcion completa (seccion F.2).
- El catalogo de tipos que exige Aprobacion es fijo: Documento, Acto del Delegado/Responsable interno, Cierre de incidente, Resultado de EIPD/riesgo, Respuesta ARCO-POL sensible, Plan de accion correctiva sancionador, Otra (seccion D.2).","5","R1","6","HU-021-03, HU-021-05","MOD-022","No","","","No","","MOD-021 secciones D.2, F.2 (fila En proceso -> En revision), G"
"HU-021-10","Historia","EP-021","Centro de Tareas","MOD-021","Resolver una Aprobacion con bloqueo de autorrevision","Aprobador","Como Aprobador, quiero aprobar, devolver con comentarios o rechazar una tarea que esta en revision, para dar el visto bueno formal antes de que el trabajo se de por cerrado.","1. Dado que una Aprobacion esta pendiente y el usuario conectado es el mismo que dejo la tarea en En revision, cuando intenta aprobarla, entonces el sistema bloquea la accion Aprobar y muestra la advertencia de autorrevision, salvo que la organizacion este por debajo del umbral configurable de separacion de funciones (propuesta inicial 50 empleados).
2. Dado que la organizacion esta por debajo del umbral configurable, cuando la misma persona aprueba su propio trabajo, entonces el sistema lo permite pero muestra siempre una advertencia visible de autorrevision y la deja marcada como tal en el historial.
3. Dado que el Aprobador aprueba, cuando registra la Decision Aprobada, entonces la tarea pasa a Aprobada, se registra la Identidad del aprobador con fecha y hora, y ningun caso pasa a Aprobada sin esa accion humana explicita, mostrando el texto Requiere validacion de la organizacion o asesoria especializada si algo intenta forzar una aprobacion automatica.
4. Dado que el Aprobador devuelve con cambios o rechaza sin registrar el Comentario de la decision, cuando intenta guardar, entonces el sistema rechaza el guardado porque ese comentario es obligatorio en esos dos casos.
5. Dado que el Aprobador devuelve con cambios o rechaza con comentario, cuando lo guarda, entonces la tarea regresa a En proceso y se notifica al responsable original con el motivo via MOD-022.
6. Dado que una Aprobacion sigue sin Decision durante mas de 3 dias habiles (umbral configurable), cuando se cumple ese plazo, entonces el sistema copia el aviso al Administrador a los 5 dias habiles, pero nunca reasigna automaticamente la Aprobacion a otra persona.
7. Dado que el Tipo de aprobacion es Documento, cuando se resuelve, entonces la Aprobacion exige registrar la Version del objeto aprobado, que debe ser una version existente en MOD-008.","- Bloqueo tecnico de autorrevision salvo pyme bajo el umbral, con advertencia visible (seccion C).
- El sistema nunca marca Aprobada una tarea de forma automatica (seccion H).
- El escalamiento de una Aprobacion pendiente nunca reasigna automaticamente a otra persona, solo copia el aviso (seccion H).","5","R1","6","HU-021-09","MOD-022","No","OBL-PRIN-03","","No","","MOD-021 secciones C (separacion de funciones), D.2, F.2, H, I (fila Aprobacion pendiente)"
"HU-021-11","Historia","EP-021","Centro de Tareas","MOD-021","Emitir alertas de tarea proxima a vencer y tarea vencida","Responsable de area (RRHH, Marketing, Operaciones, etc.)","Como Responsable de area (RRHH, Marketing, Operaciones, etc.), quiero recibir un aviso cuando mi tarea este por vencer o cuando ya haya vencido, para reaccionar a tiempo sin tener que revisar el sistema todo el dia.","1. Dado que faltan 5 dias habiles (umbral configurable) para la Fecha limite de una tarea que no esta Completada ni No aplica, cuando se cumple ese umbral, entonces el sistema emite hacia MOD-022 el evento de tarea proxima a vencer, nivel WARNING, dirigido al Responsable asignado.
2. Dado que la tarea tiene un plazo de 72 horas, cuando faltan 12 horas para su vencimiento, entonces el sistema emite el mismo tipo de evento con el umbral especifico de 12 horas en lugar de 5 dias habiles.
3. Dado que la Fecha limite de una tarea se cumple sin que llegue a Completada ni a No aplica, cuando eso ocurre, entonces el sistema emite hacia MOD-022 el evento de tarea vencida, nivel HIGH, dirigido al Responsable asignado y al Administrador.
4. Dado que una tarea proxima a vencer sigue sin avance 2 dias habiles despues de emitida la primera alerta, cuando se cumple ese plazo, entonces el sistema copia el aviso al Delegado/Responsable interno o al superior de area.
5. Dado que una tarea vencida sigue sin actividad 24 horas despues de vencida, cuando se cumple ese plazo, entonces el sistema escala el aviso a Delegado/Responsable interno y a Responsable Legal/Compliance.
6. Dado que una tarea pasa a Completada o a No aplica, cuando eso ocurre, entonces el sistema deja de emitir el evento de tarea proxima a vencer o tarea vencida para esa tarea.","- MOD-021 nunca envia notificaciones directamente al usuario: emite el evento y delega el envio a MOD-022 (seccion A).
- El umbral por defecto es 5 dias habiles para plazos largos y 12 horas para plazos de 72 horas, ambos configurables (seccion I).","3","R1","6","HU-021-07, HU-021-08","MOD-022, MOD-023","No","","","No","","MOD-021 seccion I (filas Tarea proxima a vencer, Tarea vencida); 12_tareas_y_alertas.md 12.3, 12.4"
"HU-021-12","Historia","EP-021","Centro de Tareas","MOD-021","Escalar automaticamente la alerta critica de 72 horas","Responsable de Seguridad / IT","Como Responsable de Seguridad / IT, quiero que el sistema escale automaticamente el aviso cuando el plazo de notificacion de un incidente este por vencer, para no dejar pasar el plazo mas critico de la ley sin que alguien reaccione a tiempo.","1. Dado que una tarea de notificacion externa de un incidente tiene menos de 12 horas restantes para su vencimiento, cuando se cumple ese umbral, entonces el sistema emite hacia MOD-022 el evento de plazo critico de 72 horas, nivel CRITICAL, dirigido al Responsable de Seguridad/IT y al Delegado/Responsable interno.
2. Dado que el plazo critico de 72 horas sigue corriendo, cuando pasa el tiempo, entonces el sistema repite el evento cada 2 horas mientras la tarea de notificacion no se complete.
3. Dado que se activa el nivel CRITICAL de esta alerta, cuando se activa, entonces el sistema escala de inmediato al Administrador y a Responsable Legal/Compliance, sin esperar un umbral adicional.
4. Dado que la tarea de notificacion externa se marca Completada con evidencia de envio adjunta, cuando eso ocurre, entonces el sistema deja de emitir esta alerta para esa tarea.
5. Dado que el plazo de 72 horas se cumple sin que la tarea de notificacion se complete, cuando eso ocurre, entonces el incumplimiento queda registrado de forma permanente en el historial, aunque la alerta activa deje de repetirse.
6. Dado que se muestra esta alerta o la fecha limite asociada, cuando se muestra, entonces el sistema indica el Criterio de computo mostrado (Horas corridas, criterio conservador) con el texto de advertencia estandar sobre la ambiguedad del Art. 25.","- El escalamiento a Administrador y a Responsable Legal/Compliance es inmediato al activarse CRITICAL, sin umbral adicional (seccion I).
- Un vencimiento ya ocurrido nunca se apaga del todo: queda registrado de forma permanente aunque la alerta activa deje de repetirse (12_tareas_y_alertas.md 12.5.3).","5","R1","6","HU-021-11","MOD-022, MOD-023","No","OBL-INC-01","","Si","PP-JUR-01","MOD-021 seccion I (fila Plazo critico de 72 horas de un incidente en curso); 12_tareas_y_alertas.md 12.3.13, 12.5.3"
"HU-021-13","Historia","EP-021","Centro de Tareas","MOD-021","Mantener el historial inmutable de la tarea y la aprobacion","Auditor (interno)","Como Auditor (interno), quiero consultar el historial completo de una tarea y sus aprobaciones, para verificar la gestion realizada sin poder alterarla.","1. Dado que ocurre la creacion de una tarea, un cambio de campo relevante (Responsable, Fecha limite, Prioridad, Estado, Area), una asignacion, una solicitud o resolucion de Aprobacion, un adjunto cargado o un archivado, cuando ocurre cada uno de esos hechos, entonces el sistema agrega un evento al historial de la tarea con usuario, fecha y hora, y lo replica en el AuditLog transversal.
2. Dado que un Auditor (interno) o un Auditor externo (invitado) consulta el historial, cuando lo hace, entonces lo ve completo en modo solo lectura, sin poder crear, editar ni borrar ningun evento.
3. Dado que cualquier usuario, incluido el Administrador de la organizacion, intenta eliminar un evento del historial o la tarea misma, cuando lo intenta, entonces el sistema no lo permite y muestra el texto El historial de tareas no puede eliminarse; solo puede archivarse.
4. Dado que un rol distinto del Responsable, el Delegado/Responsable interno o el Administrador consulta una tarea marcada con Nivel de confidencialidad Sensible o Muy sensible, cuando accede a su historial, entonces el sistema registra ese acceso de lectura como un evento propio del historial.
5. Dado que se exporta un reporte que incluye una tarea, cuando se exporta, entonces el sistema registra en el historial quien exporto, cuando y que reporte.
6. Dado que una Aprobacion se resuelve, cuando se resuelve, entonces el historial registra la Identidad del aprobador, la fecha y el Comentario de la decision de forma no editable.","- Bitacora de solo escritura por adicion (append-only), sin funcion de edicion ni borrado para ningun rol (22_anti_features.md item 19).
- El Auditor (interno o externo) es siempre de solo lectura (seccion C).","5","R1","7","HU-021-03, HU-021-09, HU-021-10","","No","OBL-PRIN-03","","No","","MOD-021 secciones O, J, C; 22_anti_features.md item 19"
"HU-021-14","Historia","EP-021","Centro de Tareas","MOD-021","Exportar el listado de tareas","Responsable Legal / Compliance","Como Responsable Legal / Compliance, quiero exportar el listado de tareas con sus campos principales, para llevar un respaldo operativo fuera del sistema o entregarlo a una auditoria.","1. Dado que tengo el permiso Exportar, cuando pido el listado de tareas, entonces el sistema genera el archivo en XLSX o CSV con Estado, Tipo de tarea, Responsable, Area, Fecha limite y Obligacion relacionada de cada tarea.
2. Dado que aplico filtros de Estado, Tipo, Responsable, Area o rango de fechas, cuando genero la exportacion, entonces el archivo solo incluye las tareas que cumplen esos filtros.
3. Dado que mi rol no tiene permiso de Exportar (por ejemplo Responsable de area o Usuario de consulta / Colaborador), cuando intento exportar, entonces el sistema deniega la accion.
4. Dado que genero una exportacion, cuando se genera, entonces el sistema registra en el historial de cada tarea incluida quien exporto, cuando y que reporte.
5. Dado que exporto tareas siendo Auditor externo (invitado), cuando genero la exportacion, entonces el sistema respeta el mismo acotamiento de acceso que tengo para verlas, sin incluir tareas que no puedo consultar.","- El listado basico de tareas exportable en XLSX o CSV es la version minima de reportes de este modulo (seccion Q, justificacion de la fila Reportes exportables avanzados).
- Toda exportacion queda registrada en el historial (seccion O).","3","R1","6","HU-021-04","","No","","","No","","MOD-021 secciones N (fila Listado de tareas), C (Exportar), Q"
"HU-021-15","Historia","EP-021","Centro de Tareas","MOD-021","Alojar la tarea generica de cobertura parcial del Diagnostico","Responsable de area (RRHH, Marketing, Operaciones, etc.)","Como Responsable de area (RRHH, Marketing, Operaciones, etc.), quiero recibir en el Centro de Tareas una tarea generica cuando el Diagnostico detecte una senal que hoy no tiene modulo especializado propio, para dejar evidencia del pendiente mientras Transferencias Internacionales o Riesgos y EIPD no esten completos.","1. Dado que el Diagnostico (MOD-004) marca datos fuera de El Salvador: si para un tratamiento, cuando dispara ese hecho, entonces el sistema crea una tarea con Modulo de origen MOD-004 para documentar la transferencia como evidencia suelta, dirigida al Responsable de area con copia a Responsable Legal/Compliance.
2. Dado que el Diagnostico detecta biometria, salud, menores de edad o camaras de seguridad sin una EIPD registrada, cuando dispara ese hecho, entonces el sistema crea una tarea de Tipo de tarea Riesgo/EIPD con el titulo Elaborar EIPD para el tratamiento, dirigida al Delegado/Responsable interno.
3. Dado que se crea cualquiera de estas dos tareas, cuando se crea, entonces queda con Evidencia requerida marcada como Documento adjunto y sin motor de deteccion automatica ni estados de flujo propios de Transferencias o de Riesgos/EIPD, solo el flujo generico de estados de la Tarea.
4. Dado que estas tareas existen mientras MOD-010 o MOD-014 completos no estan disponibles, cuando el Diagnostico se ejecuta de nuevo, entonces el mecanismo sigue creando la tarea generica sin bloquear la operacion del Diagnostico.
5. Dado que una de estas tareas se completa, cuando se marca Completada, entonces la evidencia adjunta queda disponible para el Centro de Evidencias (MOD-019) como evidencia suelta con aprobacion manual.","- Mecanismo de cobertura parcial documentado en 19_21_roadmap_mvp_v1_v2.md 19.4: MOD-004 (disparo) + MOD-021 (tarea) + MOD-019 (evidencia suelta con aprobacion manual).
- MOD-021 no inventa un flujo de estados propio de Transferencias ni de Riesgos/EIPD: usa el flujo generico de la Tarea (seccion A, limites explicitos del modulo).","3","R1","7","HU-021-01","MOD-004","No","OBL-DOC-03, OBL-TRANSF-01","Plantilla generica de EIPD para llenado manual mientras MOD-014 no este completo (19_21_roadmap_mvp_v1_v2.md 19.4).
Plantilla de evidencia suelta para documentar una transferencia internacional mientras MOD-010 no este completo (19_21_roadmap_mvp_v1_v2.md 19.4).","No","","19_21_roadmap_mvp_v1_v2.md 19.4; 08b_workflows_casos_04_06.md (caso de transferencia de reaseguradora); MOD-021 seccion D.1 (Modulo de origen, Tipo de tarea)"
"HU-021-16","Historia","EP-021","Centro de Tareas","MOD-021","Archivar una tarea como No aplica tras el cambio de regimen","Delegado de Proteccion de Datos (o Responsable interno, si aplica el estado FUTURO)","Como Delegado de Proteccion de Datos (o Responsable interno, si aplica el estado FUTURO), quiero que las tareas exclusivas del regimen ACTUAL se archiven como No aplica cuando MOD-024 confirme el cambio de regimen, sin que se borren, para que mi historial refleje siempre las reglas vigentes en cada momento.","1. Dado que MOD-024 activa la bandera regimen_reforma_659 a FUTURO, cuando el evento llega a MOD-021, entonces el sistema identifica las tareas activas de tipos exclusivos del regimen ACTUAL (por ejemplo reverificacion trienal del Delegado, informe semestral, comunicacion formal a la ACE) y las pasa al estado No aplica con confirmacion visible del Administrador.
2. Dado que una tarea pasa a No aplica, cuando pasa, entonces el sistema genera el Motivo de archivado autogenerado No aplica bajo el estado regulatorio actual, ver historial, con referencia al cambio de bandera de MOD-024, y ese motivo no es editable.
3. Dado que una tarea pasa a No aplica, cuando pasa, entonces el registro no se borra, y cualquier Aprobacion asociada conserva su historial tal como quedo, sin reabrirse ni recalcularse.
4. Dado que otra tarea tenia como Dependencia una tarea que paso a No aplica, cuando eso ocurre, entonces el sistema envia una alerta a su responsable para que decida si esa tarea tambien deja de aplicar o si necesita una tarea de reemplazo, sin automatizar esa decision.
5. Dado que un Administrador intenta marcar una tarea como No aplica por un motivo distinto del cambio de bandera de MOD-024, cuando lo intenta, entonces el sistema no lo permite de forma automatica y muestra el texto Requiere validacion de la organizacion o asesoria especializada, dejando esa decision fuera de esta transicion automatica.
6. Dado que la bandera regimen_reforma_659 vuelve a ACTUAL, cuando eso ocurre, entonces las tareas ya archivadas como No aplica no se reabren automaticamente ni se recalculan de forma retroactiva; su clasificacion historica queda preservada.","- El paso a No aplica solo lo dispara, de forma automatica, el cambio de bandera regimen_reforma_659 de MOD-024, con confirmacion visible del Administrador; ningun otro motivo de No aplica se automatiza (secciones F.2 y H).
- Nunca se elimina una tarea ni su historial: solo se archiva o se marca No aplica (22_anti_features.md item 19).
- Ninguna alerta ni tarea relacionada con las obligaciones afectadas se recalcula retroactivamente (12_tareas_y_alertas.md 12.7, punto 8).","5","R2","35","HU-021-03, HU-021-13","MOD-024","No","","","No","PP-REG-01","MOD-021 secciones F.2, G, H, Q (fila Archivado automatico No aplica); 12_tareas_y_alertas.md 12.7"
"HU-022-01","Historia","EP-022","Notificaciones","MOD-022","Configurar la regla de notificacion por familia de evento","Administrador de la organizacion","Como Administrador de la organizacion, quiero crear y editar, para cada familia de evento del catalogo, el rol o roles destinatarios por defecto, el canal por nivel, el umbral de escalamiento y la frecuencia de repeticion de la Regla de notificacion, para que el sistema sepa a quien avisar, por que canal y con que urgencia sin que cada modulo reinvente su propia logica de aviso.","1. Dado el catalogo cerrado de familias de evento de la seccion D.1, cuando el Administrador de la organizacion crea una Regla de notificacion para una familia, entonces debe indicar rol o roles destinatarios por defecto, canal por nivel, umbral de escalamiento y frecuencia de repeticion antes de guardarla
2. Dado que una familia de evento no tiene piso minimo de plazo legal, cuando el Administrador de la organizacion modifica su Regla de notificacion, entonces el cambio se guarda y queda registrado en el historial con el valor anterior, el valor nuevo y el usuario que lo hizo
3. Dado que una familia de evento tiene el piso minimo de plazo legal marcado como Si, cuando el Administrador de la organizacion intenta editar ese indicador, entonces el sistema no permite el cambio porque el campo no es editable cuando es Si
4. Dado un usuario con rol distinto de Administrador de la organizacion, cuando intenta crear una Regla de notificacion, entonces el sistema deniega la accion
5. Dado el rol Delegado de Proteccion de Datos, cuando modifica una Regla de notificacion, entonces solo puede modificar reglas de su propio ambito legal y nunca el indicador de piso minimo
6. Dado que se elimina o se cambia el rol vinculado a una Regla de notificacion activa por un cambio de estructura organizativa, cuando el sistema detecta que la Regla quedo sin destinatario valido, entonces genera una alerta de nivel WARNING hacia el Administrador de la organizacion, que sube a HIGH si no se corrige en 7 dias
7. Dado que no existe ningun usuario activo con el rol configurado en una Regla de notificacion, cuando el Administrador de la organizacion consulta esa Regla, entonces el sistema muestra que el destinatario resuelto esta vacio y remite a la alerta Rol critico sin titular","- Una Regla de notificacion existe una por familia de evento (seccion D.2)
- El indicador de piso minimo no es editable cuando su valor es Si (secciones D.2 y H)
- Solo el Administrador de la organizacion crea una Regla de notificacion; el Delegado o Responsable interno solo edita las de su propio ambito legal (seccion C)","5","R1","3","","MOD-001","No","","","No","","MOD-022 secciones C, D.2, G y O"
"HU-022-02","Historia","EP-022","Notificaciones","MOD-022","Generar notificacion desde un evento de tarea o aprobacion de MOD-021","Responsable de area (RRHH, Marketing, Operaciones, etc.)","Como Responsable de area (RRHH, Marketing, Operaciones, etc.), quiero recibir automaticamente, en Plataforma y por correo, un aviso cuando una tarea o aprobacion mia entregada por el Centro de Tareas esta proxima a vencer, vencida, bloqueada o pendiente de aprobacion, para poder atenderla a tiempo sin depender de que alguien recuerde revisar el sistema por su cuenta.","1. Dado que MOD-021 entrega un evento de Tarea o Aprobacion con Familia de evento, Objeto de origen y Nivel validos, cuando existe una Regla de notificacion activa para esa familia, entonces se genera una Notificacion en estado Generada con el mensaje compuesto segun la plantilla de la familia
2. Dado una Notificacion en estado Generada, cuando el sistema resuelve destinatario y canal, entonces asigna como Destinatario resuelto a los usuarios activos con el rol configurado para esa familia y pasa la Notificacion a En envio
3. Dado que el rol configurado para una familia no tiene ningun usuario activo, cuando el sistema intenta resolver el destinatario, entonces suspende el envio de esa Notificacion y genera en su lugar la alerta Rol critico sin titular dirigida al Administrador de la organizacion
4. Dado un Nivel INFO, cuando la Notificacion se envia, entonces el canal resuelto es unicamente Plataforma
5. Dado un Nivel WARNING, HIGH o CRITICAL, cuando la Notificacion se envia, entonces el canal resuelto incluye Plataforma y Correo electronico como minimo
6. Dado el Canal de entrada de una Notificacion generada por este mecanismo, cuando se compone, entonces su valor es siempre Evento de Tarea (MOD-021), y el Modulo de origen funcional muestra el modulo que origino la regla de negocio aunque sea distinto de MOD-021
7. Dado que el evento entregado por MOD-021 no trae Familia de evento, Objeto de origen o Nivel validos, cuando el sistema lo recibe, entonces no genera ninguna Notificacion","- MOD-022 nunca calcula el plazo por su cuenta: siempre lo recibe ya resuelto en el evento (seccion A)
- El Destinatario resuelto son los usuarios activos con el rol configurado para la familia (seccion D.1)
- El Nivel CRITICAL siempre exige Plataforma y Correo como minimo (seccion G)","5","R1","3","HU-022-01","MOD-021, MOD-001","Si","","Plantillas de mensaje por familia de evento, version plataforma y version correo, en lenguaje sencillo y con las variables permitidas listadas, redactadas y revisadas por el equipo de contenido del producto","No","","MOD-022 secciones D.1, F.1, F.2 y G"
"HU-022-03","Historia","EP-022","Notificaciones","MOD-022","Generar notificacion desde un evento de plazo directo de MOD-023","Responsable Legal / Compliance","Como Responsable Legal / Compliance, quiero recibir un aviso automatico cuando un plazo puramente calendarico, por ejemplo una revision periodica programada, se acerca a su vencimiento aunque no exista una Tarea previa en el Centro de Tareas, para no depender de que exista una tarea para enterarme de un vencimiento.","1. Dado que MOD-023 entrega un evento de plazo con Familia de evento, Objeto de origen y Nivel validos y sin Tarea previa, cuando existe una Regla de notificacion activa para esa familia, entonces se genera una Notificacion en estado Generada directamente, sin pasar por MOD-021
2. Dado el Canal de entrada de una Notificacion generada por este mecanismo, cuando se compone, entonces su valor es siempre Evento de Plazo (MOD-023)
3. Dado un evento de plazo con Nivel INFO o WARNING, cuando se genera la Notificacion, entonces el canal resuelto sigue la tabla de canales por nivel: Plataforma para INFO, Plataforma y Correo para WARNING
4. Dado que el evento de MOD-023 no trae un Objeto de origen valido, cuando el sistema lo recibe, entonces no genera ninguna Notificacion
5. Dado un evento de revision periodica programada de un tratamiento de MOD-006 sin Tarea previa, cuando llega a MOD-022 por este canal, entonces el Modulo de origen funcional registrado es MOD-006 aunque el Canal de entrada tecnico sea Evento de Plazo (MOD-023)
6. Dado que no existe Regla de notificacion activa para la familia del evento, cuando MOD-023 entrega el evento, entonces no se genera ninguna Notificacion y no se avisa a nadie","- El evento de plazo puro de MOD-023 genera la Notificacion sin pasar por MOD-021 (secciones F.2 y L.1)
- El Modulo de origen funcional puede ser distinto del Canal de entrada tecnico (seccion D.1)","3","R1","3","HU-022-01","MOD-023","Si","","Plantillas de mensaje para las familias de evento que llegan por este canal, por ejemplo revision periodica, version plataforma y version correo","No","","MOD-022 secciones D.1, F.2, G y I.1 (filas MOD-006, MOD-008, MOD-015, MOD-016, MOD-018)"
"HU-022-04","Historia","EP-022","Notificaciones","MOD-022","Bloquear la desactivacion del piso minimo de alertas de plazos legales","Administrador de la organizacion","Como Administrador de la organizacion, quiero que el sistema me impida desactivar, silenciar o reducir el canal obligatorio de cualquier familia de notificacion marcada con piso minimo de plazo legal, y que deje registro de cualquier intento, para que ningun plazo OBLIGATORIO quede sin aviso por una configuracion equivocada o deliberada.","1. Dado una Regla de notificacion cuyo indicador Si el piso minimo aplica es Si, cuando cualquier usuario intenta desactivarla, silenciarla o excluirla de un resumen, entonces el sistema no lo permite y muestra el texto Esta alerta corresponde a un plazo legal y no puede desactivarse ni agruparse en un resumen
2. Dado ese mismo intento bloqueado, cuando ocurre, entonces queda registrado en el historial como intento, con la identidad de quien lo intento y la fecha, aunque el sistema lo haya bloqueado
3. Dado una familia de evento con piso minimo, cuando se genera una Notificacion de esa familia, entonces se entrega siempre de forma individual e inmediata, nunca agrupada con otras
4. Dado una Notificacion de Nivel CRITICAL, cuando se genera, entonces el canal resuelto incluye Plataforma y Correo electronico sin excepcion configurable, sin importar la preferencia del usuario destinatario
5. Dado el Administrador de la organizacion, cuando intenta cambiar el indicador Si el piso minimo aplica de Si a No para reducir el nivel de una familia, entonces el sistema no expone ninguna accion para hacerlo
6. Dado un Auditor (interno), cuando consulta el historial de una Regla de notificacion con piso minimo, entonces puede ver todos los intentos bloqueados de desactivarla, con identidad y fecha, en modo de solo lectura","- El piso minimo aplica a toda familia ligada a un plazo que la ley fija, y no admite excepcion de ningun rol, incluido el Administrador (seccion H)
- Todo intento de silenciar una familia con piso minimo queda registrado aunque el sistema lo bloquee (seccion O)","3","R1","7","HU-022-01","","No","","","No","","MOD-022 secciones C, G, H (decision 1) y O"
"HU-022-05","Historia","EP-022","Notificaciones","MOD-022","Subir automaticamente el nivel de urgencia de una notificacion activa","Responsable Legal / Compliance","Como Responsable Legal / Compliance, quiero que el nivel de una notificacion suba automaticamente de WARNING a HIGH y de HIGH a CRITICAL a medida que se acerca el vencimiento del plazo asociado, para darme cuenta de la urgencia real sin tener que calcular yo mismo cuanto tiempo queda.","1. Dado una Notificacion en Nivel WARNING cuyo plazo asociado llega a 5 dias habiles de vencer, cuando el sistema evalua el tiempo restante que le entrega MOD-023, entonces sube el Nivel a HIGH
2. Dado una Notificacion en Nivel HIGH cuyo plazo asociado llega a 24 horas de vencer, cuando el sistema evalua el tiempo restante, entonces sube el Nivel a CRITICAL
3. Dado que el Nivel de una Notificacion sube, cuando eso ocurre, entonces el cambio queda registrado en el historial con fecha y hora, y se recompone el canal resuelto segun el nuevo Nivel
4. Dado un Nivel ya subido a HIGH o CRITICAL, cuando el objeto de origen aun no se resuelve, entonces el Nivel nunca baja por si solo
5. Dado un Nivel subido, cuando el objeto de origen se resuelve, por ejemplo la Tarea o Aprobacion se completa, entonces la Notificacion pasa a Resuelta sin que el Nivel se reduzca antes de eso
6. Dado que un evento directo de MOD-011 o de MOD-013 ya trae el Nivel calculado por su propio modulo de origen, cuando MOD-022 lo recibe, entonces no vuelve a calcular ni a modificar ese Nivel por su cuenta","- El Nivel de una familia puede subir automaticamente al acercarse el vencimiento, nunca baja salvo que el evento de origen se resuelva (seccion D.1)
- Los eventos directos de MOD-011 y MOD-013 llegan con el Nivel ya calculado por su propio modulo de origen (seccion G)","5","R1","7","HU-022-02, HU-022-03","MOD-023","No","","","No","","MOD-022 secciones D.1 (campo Nivel) y G"
"HU-022-06","Historia","EP-022","Notificaciones","MOD-022","Escalar automaticamente una notificacion sin respuesta dentro del umbral","Delegado de Proteccion de Datos (o Responsable interno, si aplica el estado FUTURO)","Como Delegado de Proteccion de Datos (o Responsable interno, si aplica el estado FUTURO), quiero recibir automaticamente una notificacion de escalamiento cuando el destinatario original de una alerta no la lee, no la acusa ni resuelve el objeto de origen dentro del umbral configurado de su familia, para poder intervenir a tiempo en un plazo critico que de otro modo dependeria de una sola persona disponible.","1. Dado que transcurre el umbral de escalamiento configurado para la familia de una Notificacion sin que el Destinatario resuelto la lea, la acuse o resuelva el Objeto de origen, cuando el sistema lo detecta, entonces marca el Estado de escalamiento como Escalada nivel 1 y genera una nueva Notificacion vinculada hacia el destinatario de escalamiento configurado
2. Dado que la Notificacion original queda marcada Escalada, cuando eso ocurre, entonces su propio Estado, sea Generada, En envio, Enviada, Entregada, Leida, Acusada o Resuelta, no cambia por el solo hecho de escalar
3. Dado que transcurre un nuevo umbral sin respuesta despues de Escalada nivel 1, cuando el sistema lo detecta, entonces sube el Estado de escalamiento a Escalada nivel 2, y si vuelve a transcurrir sin respuesta, a Escalada a Gerencia
4. Dado una familia sin un destinatario de escalamiento configurado, cuando el sistema necesita escalar, entonces no elige a nadie por su cuenta y muestra el texto No hay una persona configurada para recibir este aviso si el responsable original no atiende. Configure un suplente o asignelo manualmente
5. Dado un escalamiento generado, cuando ocurre, entonces queda registrado en el historial con el destinatario original, el destinatario de escalamiento y el tiempo transcurrido sin respuesta
6. Dado un escalamiento hacia un destinatario adicional, cuando se genera, entonces nunca reasigna automaticamente la Tarea o la Aprobacion de origen a otra persona, solo copia el aviso","- Ningun escalamiento reasigna automaticamente la Tarea o la Aprobacion de origen a otra persona, solo copia el aviso (seccion 12.4.3 de 12_tareas_y_alertas.md)
- El destinatario de escalamiento debe estar configurado por adelantado; el sistema nunca lo elige por su cuenta (seccion H)","5","R1","7","HU-022-01, HU-022-02","MOD-001","No","","","No","","MOD-022 secciones D.1 (Estado de escalamiento), F.1, F.2, G, H (decision 4)"
"HU-022-07","Historia","EP-022","Notificaciones","MOD-022","Ajustar con doble control el umbral de escalamiento de una alerta CRITICAL en curso","Administrador de la organizacion","Como Administrador de la organizacion, quiero proponer ampliar o reducir el umbral de escalamiento de una notificacion CRITICAL que ya esta en curso, y que el cambio solo se aplique con la confirmacion de una segunda persona, para poder ajustar un caso puntual sin que una sola persona pueda relajar por si sola el escalamiento de un plazo legal critico.","1. Dado una Notificacion de Nivel CRITICAL en curso, cuando el Administrador de la organizacion propone un nuevo umbral de escalamiento, entonces el cambio queda pendiente de confirmacion y no se aplica todavia
2. Dado un cambio de umbral pendiente, cuando lo confirma una segunda persona con el rol Delegado de Proteccion de Datos o Responsable Legal / Compliance, entonces el nuevo umbral se aplica y queda registrado con ambas identidades y la fecha
3. Dado un cambio de umbral pendiente, cuando lo intenta confirmar la misma persona que lo propuso, entonces el sistema no lo permite
4. Dado un cambio de umbral pendiente, cuando ningun usuario con el rol requerido lo confirma, entonces el umbral original sigue vigente y el escalamiento automatico de la Notificacion sigue su curso sin modificarse
5. Dado un usuario con rol distinto de Administrador de la organizacion, cuando intenta proponer el cambio de umbral, entonces el sistema deniega la accion","- La unica accion de este modulo con doble control es ampliar o reducir el umbral de escalamiento de una alerta CRITICAL en curso (seccion C)","3","R1","7","HU-022-06","","No","","","No","","MOD-022 seccion C (nota de doble control)"
"HU-022-08","Historia","EP-022","Notificaciones","MOD-022","Exigir acuse de recibo explicito para notificaciones CRITICAL","Responsable de Seguridad / IT","Como Responsable de Seguridad / IT, quiero confirmar dentro de la plataforma, con una accion explicita, que vi y entendi una notificacion CRITICAL, sin que la sola apertura del correo cuente como esa confirmacion, para que la organizacion pueda demostrar que una persona identificada realmente atendio el aviso mas urgente del sistema.","1. Dado una Notificacion de Nivel CRITICAL en estado Leida, cuando el Destinatario resuelto usa la accion Confirmar que revise esto dentro de la plataforma, entonces la Notificacion pasa a Acusada con identidad, fecha y hora registradas
2. Dado que el proveedor de correo reporta que el Destinatario resuelto abrio el mensaje externo, cuando eso ocurre, entonces el sistema nunca lo interpreta como Acuse y muestra el texto La apertura del correo no cuenta como confirmacion. Debe confirmar dentro de la plataforma que vio y entendio este aviso
3. Dado una Notificacion de Nivel CRITICAL en estado Acusada, cuando el Objeto de origen se resuelve, entonces la Notificacion pasa a Resuelta; mientras el Objeto de origen no se resuelva, la Notificacion no llega a Resuelta aunque ya este Acusada
4. Dado un Auditor (interno), cuando abre una Notificacion CRITICAL para revisarla, entonces puede verla pero el sistema no le ofrece la accion Confirmar que revise esto porque su rol es de solo lectura
5. Dado una Notificacion de Nivel INFO, WARNING o HIGH, cuando llega a Leida, entonces no exige ningun Acuse antes de poder pasar a Resuelta
6. Dado una Notificacion CRITICAL sin Acuse registrado transcurrido el umbral configurado, cuando el Auditor (interno) o el Delegado consultan el caso, entonces el sistema muestra que el aviso no fue confirmado a tiempo con el texto El sistema registra que este aviso no fue confirmado a tiempo, pero no puede determinar si esto ya configura un incumplimiento sancionable. Consulte a su Delegado o Responsable interno o a asesoria especializada, sin afirmar por si mismo que hubo incumplimiento","- La apertura de un correo nunca sustituye el Acuse de recibo exigido para CRITICAL (seccion H)
- El Acuse se registra con identidad, fecha y hora, y se notifica al modulo de origen (secciones F.2 y E)","5","R1","7","HU-022-05","","No","OBL-PRIN-03","","No","","MOD-022 secciones D.1 (Acuse de recibo), F.2, H (decisiones 2 y 5) y J"
"HU-022-09","Historia","EP-022","Notificaciones","MOD-022","Mantener el historial inmutable de cada notificacion","Auditor (interno)","Como Auditor (interno), quiero consultar, en modo de solo lectura, el historial completo de cada notificacion con la fecha y hora de cada cambio de estado, Generada, En envio, Enviada, Fallida, Entregada, Leida, Acusada, Escalada y Resuelta, para usarlo como evidencia de que la organizacion fue alertada a tiempo de un plazo o de un pendiente.","1. Dado cualquier cambio de Estado de una Notificacion, cuando ocurre, entonces queda registrado en su historial con fecha y hora exactas, y se replica en el AuditLog transversal
2. Dado el Auditor (interno), cuando consulta el historial general de notificaciones de la organizacion, entonces puede verlo completo en modo de solo lectura, sin poder crear, silenciar ni modificar ninguna Regla
3. Dado un Auditor externo (invitado), cuando consulta el historial, entonces solo ve el acotado al expediente o al periodo de la auditoria puntual para la que fue invitado
4. Dado cualquier rol, incluido el Administrador de la organizacion, cuando intenta editar o eliminar un registro del historial de una Notificacion, entonces el sistema no lo permite y muestra el texto El historial de notificaciones no puede eliminarse; solo puede archivarse al resolverse
5. Dado una Notificacion que llega a Resuelta, cuando eso ocurre, entonces se archiva conservando su historial completo, sin que nadie pueda borrarlo
6. Dado que el Objeto de origen de una Notificacion Resuelta se reabre, cuando el modulo de origen dispara una nueva Generacion, entonces la Notificacion anterior conserva su propio historial sin alterarse","- El historial de una Notificacion nunca se borra, solo se archiva al llegar a Resuelta (anti-features item 19)
- Toda Notificacion Resuelta conserva su historial aunque el Objeto de origen se reabra despues (seccion F.2)","3","R1","7","HU-022-02","","No","","","No","","MOD-022 secciones C, F.2, J y O"
"HU-022-10","Historia","EP-022","Notificaciones","MOD-022","Reintentar el envio fallido por canal externo y alertar el agotamiento","Administrador de la organizacion","Como Administrador de la organizacion, quiero que el sistema reintente automaticamente el envio de una notificacion por un canal externo que fallo, y que me avise cuando se agoten los reintentos, para enterarme de que un aviso no llego por una causa tecnica en vez de que la falla quede en silencio.","1. Dado que el canal externo de una Notificacion en En envio reporta un error, cuando eso ocurre, entonces la Notificacion pasa a Fallida y el sistema reintenta el envio segun la politica configurada, por defecto 3 intentos con espera creciente
2. Dado que se agotan los reintentos configurados, cuando eso ocurre, entonces el sistema genera la alerta de sistema Entrega fallida de Nivel WARNING dirigida al Administrador de la organizacion por el canal Plataforma
3. Dado que la Notificacion original que fallo era de Nivel CRITICAL, cuando se agotan los reintentos, entonces la alerta de sistema Entrega fallida se genera en Nivel HIGH en vez de WARNING
4. Dado una alerta de Entrega fallida sobre una Notificacion CRITICAL, cuando pasa 1 hora sin que el canal externo confirme una entrega correcta, entonces escala hacia el Delegado de Proteccion de Datos
5. Dado cada reintento de envio por canal externo, cuando ocurre, entonces queda registrado en el historial con su resultado
6. Dado que el canal externo vuelve a confirmar entregas correctamente, cuando eso ocurre, entonces la alerta Entrega fallida se apaga","- Por defecto se reintenta 3 veces con espera creciente antes de marcar Fallida en definitiva (secciones F.2 y G)
- Una Notificacion CRITICAL sin entregar 1 hora despues de agotar los reintentos escala al Delegado o Responsable interno (seccion I)","5","R1","7","HU-022-02","","No","","","No","","MOD-022 secciones D.1, E, F.2, G y I (fila Entrega fallida)"
"HU-022-11","Historia","EP-022","Notificaciones","MOD-022","Bloquear datos personales en el cuerpo del mensaje externo","Delegado de Proteccion de Datos (o Responsable interno, si aplica el estado FUTURO)","Como Delegado de Proteccion de Datos (o Responsable interno, si aplica el estado FUTURO), quiero que el sistema impida que el cuerpo del mensaje enviado por un canal externo como el correo contenga un dato personal de un titular o el detalle sustantivo de un caso, dejando solo un aviso generico y un enlace de acceso autenticado a la plataforma, para confiar en que ningun canal externo, que esta fuera del perimetro de control de la plataforma, expone datos de titulares.","1. Dado el Cuerpo del mensaje version correo u otro canal externo de una Notificacion, cuando se compone, entonces solo puede incluir el aviso generico, la referencia al Objeto de origen si la plantilla lo permite, y el enlace de acceso autenticado a la plataforma
2. Dado que la plantilla de una familia intenta insertar un campo marcado como dato personal en MOD-006, cuando el sistema compone el Cuerpo del mensaje para un canal externo, entonces bloquea la generacion de ese mensaje en vez de enviarlo o de preguntar
3. Dado el Cuerpo del mensaje version plataforma de una Notificacion, cuando se compone, entonces tampoco incluye el dato personal del titular ni el detalle sustantivo de un incidente, aunque se vea dentro de la plataforma autenticada
4. Dado un enlace de acceso incluido en el mensaje externo, cuando alguien lo abre sin autenticarse, entonces no puede ver el detalle del caso: la autenticacion de la plataforma sigue exigiendose igual que para cualquier otro acceso
5. Dado un Titulo de Notificacion, cuando se genera, entonces respeta el maximo de 140 caracteres y no incluye ningun dato personal del titular","- Ninguna plantilla de canal externo puede incluir un dato personal de titular ni el detalle sustantivo de un caso; el sistema bloquea, no pregunta (seccion H y anti-features items 8 y 9)
- El mensaje externo se limita siempre a un aviso generico mas un enlace de acceso autenticado (seccion D.1)","3","R1","9","HU-022-02","MOD-006","No","","Lista de variables permitidas y prohibidas por plantilla de mensaje, revisada por el equipo de contenido del producto antes de publicarse","No","","MOD-022 secciones D.1, H (decision 7) y K"
"HU-022-12","Historia","EP-022","Notificaciones","MOD-022","Exportar el listado de notificaciones en XLSX o CSV","Administrador de la organizacion","Como Administrador de la organizacion, quiero exportar el listado de notificaciones filtrando por familia, nivel, destinatario, rango de fechas y modulo de origen, para usarlo como respaldo operativo o para responder a una auditoria sin tener que revisar notificacion por notificacion.","1. Dado el listado de notificaciones, cuando el Administrador de la organizacion aplica filtros por familia, nivel, destinatario, rango de fechas o modulo de origen, cualquiera de ellos o combinados, entonces el listado exportado respeta esos filtros
2. Dado el listado filtrado, cuando el Administrador de la organizacion lo exporta, entonces puede elegir formato XLSX o CSV
3. Dado un Auditor (interno), cuando exporta el listado, entonces obtiene el mismo reporte en modo de solo lectura sobre todas las notificaciones de la organizacion
4. Dado un Auditor externo (invitado), cuando exporta el listado, entonces solo puede hacerlo acotado al expediente o periodo de su auditoria puntual
5. Dado un Usuario de consulta / Colaborador, cuando intenta exportar el listado de notificaciones, entonces el sistema deniega la accion
6. Dado cualquier exportacion de este reporte, cuando ocurre, entonces queda registrada en el historial con quien exporto, cuando y que filtros uso","- El listado exportable respeta los mismos permisos de lectura que ya tiene cada rol sobre las notificaciones (seccion C)
- Toda exportacion queda registrada en el historial (seccion O)","3","R1","9","HU-022-09","","No","","","No","","MOD-022 seccion N (fila Listado de notificaciones) y seccion Q (fila Reportes exportables avanzados)"
"HU-022-13","Historia","EP-022","Notificaciones","MOD-022","Generar notificacion critica desde el cronometro directo de MOD-011","Responsable ARCO-POL / Responsable del tramite","Como Responsable ARCO-POL / Responsable del tramite, quiero recibir una notificacion critica automatica cuando el cronometro de un plazo propio de una solicitud ARCO-POL, sea prevencion, plazo general, incompetencia, notificacion a receptores o denegatoria, se acerca a su vencimiento, para actuar a tiempo sobre un plazo legal sin depender de revisar el expediente por mi cuenta.","1. Dado que MOD-011 entrega un evento directo de cronometro con Familia de evento, Objeto de origen y Nivel ya calculados por su propia tabla de alertas, cuando existe una Regla de notificacion activa para esa familia, entonces MOD-022 genera la Notificacion con el Nivel que MOD-011 ya calculo, sin recalcularlo
2. Dado el Canal de entrada de una Notificacion generada por este mecanismo, cuando se compone, entonces su valor es siempre Evento directo ARCO-POL (MOD-011)
3. Dado que el evento directo de MOD-011 llega en Nivel CRITICAL, cuando se genera la Notificacion, entonces exige Acuse de recibo antes de considerarse Resuelta, igual que cualquier otra Notificacion CRITICAL
4. Dado el Responsable ARCO-POL / Responsable del tramite como Destinatario resuelto, cuando la Regla de notificacion de esa familia no tiene ningun usuario activo con ese rol, entonces se genera la alerta Rol critico sin titular en vez de la Notificacion
5. Dado que el evento directo de MOD-011 no trae un Nivel valido, cuando el sistema lo recibe, entonces no genera ninguna Notificacion","- MOD-022 gestiona solo el aviso interno del cronometro; la respuesta ARCO-POL y sus notificaciones formales siguen siendo actos propios de MOD-011 (seccion A.1)","3","R2","34","HU-022-01, HU-022-08","MOD-011","No","","","No","","MOD-022 secciones D.1, G, I.1 (fila MOD-011) y L.2"
"HU-022-14","Historia","EP-022","Notificaciones","MOD-022","Generar notificacion critica desde el cronometro directo de MOD-013","Responsable de Seguridad / IT","Como Responsable de Seguridad / IT, quiero recibir una notificacion critica automatica cuando el cronometro de 72 horas de un incidente de seguridad en curso se acerca a su vencimiento, para actuar de inmediato sobre el aviso mas urgente del sistema.","1. Dado que MOD-013 entrega un evento directo de cronometro con Familia de evento, Objeto de origen y Nivel ya calculados por su propia tabla de alertas, cuando existe una Regla de notificacion activa para esa familia, entonces MOD-022 genera la Notificacion con el Nivel que MOD-013 ya calculo, sin recalcularlo
2. Dado el Canal de entrada de una Notificacion generada por este mecanismo, cuando se compone, entonces su valor es siempre Evento directo Incidentes (MOD-013)
3. Dado que el evento directo de MOD-013 llega en Nivel CRITICAL, cuando se genera la Notificacion, entonces exige Acuse de recibo antes de considerarse Resuelta y el canal resuelto incluye Plataforma y Correo sin excepcion
4. Dado el Responsable de Seguridad / IT como Destinatario resuelto, cuando la Regla de notificacion de esa familia no tiene ningun usuario activo con ese rol, entonces se genera la alerta Rol critico sin titular en vez de la Notificacion
5. Dado que el evento directo de MOD-013 no trae un Objeto de origen valido, cuando el sistema lo recibe, entonces no genera ninguna Notificacion
6. Dado que la Notificacion CRITICAL de este cronometro no se acusa dentro del umbral y el plazo legal asociado esta a menos del 25 por ciento de su tiempo total, cuando el sistema lo detecta, entonces sube la alerta de Nivel HIGH a CRITICAL","- MOD-022 gestiona solo el aviso interno del cronometro de 72 horas; la notificacion de la vulneracion a la ACE, a la Fiscalia y a los titulares sigue siendo un acto propio de MOD-013 (seccion A.1)","3","R2","35","HU-022-01, HU-022-08","MOD-013","No","","","No","","MOD-022 secciones D.1, G, I (fila Notificacion CRITICAL sin acuse), I.1 (fila MOD-013) y L.2"
"HU-023-01","Historia","EP-023","Calendario y Motor de Plazos","MOD-023","Mantener y publicar el calendario anual de asuetos nacionales y ad hoc","Equipo del producto (proveedor)","Como Equipo del producto (proveedor), quiero cargar, verificar la fuente y publicar cada anio la version del calendario de dias inhabiles con el calendario nacional base (capa 1) y los asuetos ad hoc que decrete la Asamblea Legislativa (capa 2), y que el sistema la active automaticamente el 1 de enero y la archive como historico al terminar el anio, para que exista siempre una unica fuente de dias inhabiles vigente y verificable, en vez de que cada modulo con plazo legal mantenga su propio calendario.","1. Dado que el Equipo del producto inicia la carga del calendario de un anio nuevo, cuando registra cada fecha de la Capa 1 (calendario nacional) con su Alcance, su Fuente y su Fecha de verificacion, por ejemplo el 1 de enero, el 1 y el 10 de mayo, el 17 de junio, el 6 de agosto, el 15 de septiembre, el 2 de noviembre, el 25 de diciembre, y el jueves y el viernes de Semana Santa calculados por el algoritmo de Pascua para el 2 y el 3 de abril de 2026, entonces la version queda en estado Borrador.
2. Dado una version en Borrador con al menos una fecha sin Fuente documentada o sin Fecha de verificacion, cuando el Equipo del producto intenta pasarla a Publicado, entonces el sistema rechaza la transicion y senala cual fecha esta incompleta.
3. Dado una version en Borrador cuyas fechas de las capas 1 y 2 tienen todas Fuente y Fecha de verificacion, cuando el Equipo del producto confirma la version, entonces pasa a Publicado y queda disponible para revision, sin ser todavia la version aplicada por defecto a ningun calculo nuevo.
4. Dado una version Publicada cuyo Anio calendario llega al 1 de enero, cuando el sistema evalua la fecha, entonces la version pasa automaticamente a Vigente y se convierte en la aplicada por defecto para todo calculo nuevo de ese anio.
5. Dado una version Vigente, cuando el Equipo del producto confirma y publica un asueto ad hoc adicional con su fuente y su alcance por sector, por ejemplo un asueto con el mismo alcance de sector publico y privado que el confirmado por la Asamblea Legislativa el 18 de junio de 2024, entonces la version pasa a Actualizada con un numero de revision incrementado.
6. Dado una version Vigente o Actualizada cuyo Anio calendario termina, cuando inicia el 1 de enero del anio siguiente, entonces la version pasa automaticamente a Historico, deja de aplicarse a calculos nuevos y se conserva integra para auditar los calculos ya cerrados de ese anio.
7. Dado cualquier version de calendario en cualquier estado, cuando cualquier usuario intenta eliminarla, entonces el sistema no ofrece esa accion para ningun rol: una version solo se archiva como Historico.","- Solo el Equipo del producto (proveedor) puede configurar el calendario nacional base y los asuetos ad hoc (seccion C); ningun rol de la organizacion cliente edita estas capas.
- Toda fecha exige Fuente documental mas archivo o enlace verificable y Fecha de verificacion, salvo la fecha movil de Semana Santa, calculada por el algoritmo de Pascua gregoriana (seccion D.1).
- Historico es estado terminal y no se reabre; una version nunca se elimina (anti-feature 19).","8","R1","4","","","No","OBL-PLAZO-02","Verificacion primaria de la fuente oficial de cada asueto nacional y ad hoc del anio (decreto legislativo, Diario Oficial o aviso del Ministerio de Trabajo) antes de publicar cada version anual.","No","PP-OPS-03","MOD-023 secciones D.1, F.1 y F.2"
"HU-023-02","Historia","EP-023","Calendario y Motor de Plazos","MOD-023","Calcular una fecha limite en dias habiles","Responsable ARCO-POL / Responsable del tramite","Como Responsable ARCO-POL / Responsable del tramite, quiero que el sistema calcule automaticamente la fecha limite de un plazo en dias habiles, aplicando el fin de semana, el calendario nacional y los asuetos ad hoc, y la regla de computo del Art. 82 LPA, para saber con certeza cuando vence un plazo legal, por ejemplo el plazo general de 20 dias habiles de una solicitud ARCO-POL, sin calcularlo a mano ni arriesgarme a un error de conteo.","1. Dado que un modulo consumidor entrega un Evento de inicio, un Tipo de computo Dias habiles, una Duracion y una Capa de calendario aplicable, cuando MOD-023 recibe la solicitud, entonces calcula la fecha limite contando desde el dia siguiente al Evento de inicio y excluyendo sabados, domingos, los asuetos de la Capa 1 vigente y los asuetos ad hoc de la Capa 2 vigente.
2. Dado un plazo de 5 dias habiles con Evento de inicio el 12 de septiembre de un anio en que el 15 de septiembre cae entre semana, cuando MOD-023 calcula la fecha limite, entonces el 15 de septiembre no cuenta como dia habil y la fecha limite se corre en esa misma medida.
3. Dado un calculo cuyo ultimo dia contado cae en un dia inhabil, ya sea fin de semana o asueto, cuando MOD-023 determina la fecha limite, entonces la traslada al primer dia habil siguiente, conforme al Art. 82 LPA.
4. Dado que a la solicitud le falta el Evento de inicio, el Tipo de computo o la Duracion, cuando el modulo consumidor la envia, entonces MOD-023 no ejecuta el calculo y devuelve el campo faltante.
5. Dado un calculo con Capa de calendario aplicable igual a Empresa frente a la autoridad, cuando MOD-023 lo procesa en esta version del MVP, entonces aplica las mismas capas 0 a 2 que a un plazo frente al titular, nunca un resultado mas corto, mientras la diferenciacion fina de la capa 5 no este construida.
6. Dado cualquier calculo en dias habiles, cuando MOD-023 devuelve la fecha limite, entonces muestra junto a ella el texto: La aplicacion de esta regla de computo a su empresa se basa en la remision del Art. 62 de la Ley para la Proteccion de Datos Personales. Existe un argumento en contra, el Art. 2 de la Ley de Procedimientos Administrativos limita su ambito a la Administracion Publica. Requiere validacion de asesoria juridica.
7. Dado que la empresa no configuro el sabado como habil para sus propias metas internas, cuando MOD-023 calcula cualquier plazo frente al titular, entonces trata siempre el sabado como dia inhabil, sin excepcion configurable en esta version.","- El computo inicia el dia siguiente al evento de inicio y los plazos por dias se cuentan solo en dias habiles (OBL-PLAZO-01, Art. 82 LPA).
- MOD-023 nunca decide que plazo aplica ni por que articulo: solo calcula la fecha con los datos que entrega el modulo de origen (seccion A).
- El snapshot de la version del calendario usada en el calculo se conserva de forma inmutable aunque el calendario cambie despues (seccion J).","8","R1","4","HU-023-01","","Si","OBL-PLAZO-01","","Si","PP-JUR-02, PP-JUR-03","MOD-023 secciones D.2, G (automatizaciones 1 y 2) y H"
"HU-023-03","Historia","EP-023","Calendario y Motor de Plazos","MOD-023","Ver el desglose verificable de un calculo de plazo","Auditor (interno)","Como Auditor (interno), quiero ver, junto a cada fecha limite calculada, el desglose completo con el dia 1 del computo, cada dia excluido con su motivo, la fecha resultante y la version del calendario usada, para poder verificar y demostrar, ante una fiscalizacion o mucho tiempo despues, exactamente como el sistema llego a esa fecha.","1. Dado un calculo de plazo ya realizado, cuando un rol con permiso de ver desglose lo abre, entonces el sistema muestra primero la fecha limite en lenguaje simple, por ejemplo responder antes del [fecha], y como vista expandible aparte el desglose tecnico completo.
2. Dado que se abre el desglose expandible, cuando el sistema lo construye, entonces incluye el dia 1 del computo, cada dia u hora excluido con su motivo (fin de semana, asueto nacional, asueto ad hoc), la fecha resultante y el identificador de la version de HolidayCalendar usada.
3. Dado un calculo cuyo tipo de computo tiene una ambiguedad juridica documentada, cuando se muestra el desglose, entonces el criterio de computo mostrado aparece junto con su advertencia estandar de la seccion H.
4. Dado que el calendario cambia despues de realizado un calculo, cuando el Auditor consulta el desglose de ese calculo ya cerrado, entonces sigue mostrando la version del calendario vigente en el momento del calculo, no la version actual.
5. Dado el rol Titular (formulario externo), cuando intenta ver el desglose tecnico de su propia solicitud, entonces el sistema no se lo muestra: solo ve el numero de dias restantes a traves de MOD-012.","- El fundamento legal y el desglose tecnico van siempre en segundo nivel, nunca en el texto principal de la pantalla (regla de oro de la plantilla).
- El snapshot de calendario usado en cada calculo es inmutable, aunque el calendario cambie despues (seccion J).","3","R1","4","HU-023-02","","No","OBL-PLAZO-01","","No","","MOD-023 secciones E, C y Q (desglose visible)"
"HU-023-04","Historia","EP-023","Calendario y Motor de Plazos","MOD-023","Calcular el vencimiento de las 72 horas en horas corridas","Responsable de Seguridad / IT","Como Responsable de Seguridad / IT, quiero que el sistema calcule el vencimiento de las 72 horas de un incidente en horas corridas por defecto y muestre siempre el criterio de computo aplicado, para saber con exactitud cuanto tiempo queda para notificar la vulneracion y para iniciar la revision exhaustiva, sin depender de un calculo manual bajo presion.","1. Dado que MOD-013 entrega el momento en que se tuvo conocimiento de la vulneracion con Tipo de computo Horas corridas y Duracion 72, cuando MOD-023 recibe la solicitud, entonces calcula el vencimiento sumando 72 horas de reloj continuo, sin excluir fines de semana ni asuetos.
2. Dado que se solicitan en paralelo el cronometro de notificacion (OBL-INC-01) y el de inicio de la revision exhaustiva (OBL-INC-02) desde el mismo momento de conocimiento, cuando MOD-023 los calcula, entonces ambos vencimientos quedan disponibles de forma independiente, cada uno con su propio desglose.
3. Dado cualquier calculo de las 72 horas, cuando MOD-023 devuelve el vencimiento, entonces muestra junto a el el texto: La ley no precisa si este plazo se cuenta en horas corridas u horas habiles. El sistema aplica por defecto el criterio mas conservador, horas corridas. Verifique este criterio con asesoria legal si el caso es critico.
4. Dado un calculo de las 72 horas ya realizado, cuando se consulta despues, entonces el criterio de computo aplicado en ese momento, horas corridas, queda conservado de forma inmutable junto al calculo, aunque la configuracion de la empresa cambie con posterioridad.
5. Dado que a la solicitud le falta el momento de conocimiento de la vulneracion, cuando MOD-013 la envia, entonces MOD-023 no ejecuta el calculo y devuelve el campo faltante.","- El criterio por defecto de las 72 horas es horas corridas, el mas conservador, y su cambio a horas habiles exige doble control (seccion D.3); esa capacidad de cambio queda fuera de esta epica (ver notas_epica).
- MOD-023 nunca decide si un vencimiento ya configura una infraccion sancionable: esa evaluacion es siempre del Delegado o de asesoria especializada (seccion H).","5","R1","3","","","Si","OBL-PLAZO-01, OBL-INC-01, OBL-INC-02","","Si","PP-JUR-01","MOD-023 secciones D.2, D.3, G (automatizacion 1) y H"
"HU-023-05","Historia","EP-023","Calendario y Motor de Plazos","MOD-023","Calcular una fecha de vencimiento periodica de fecha a fecha","Delegado de Proteccion de Datos (o Responsable interno, si aplica el estado FUTURO)","Como Delegado de Proteccion de Datos (o Responsable interno, si aplica el estado FUTURO), quiero que el sistema calcule una fecha de vencimiento contando meses o anios de fecha a fecha desde un evento de origen, por ejemplo mi reverificacion trienal, para no perder de vista una obligacion periodica que no se cuenta en dias habiles sino en el calendario comun.","1. Dado que un modulo consumidor entrega un Evento de inicio con Tipo de computo Anios de fecha a fecha y una Duracion en anios, cuando MOD-023 recibe la solicitud, entonces calcula la fecha de vencimiento como esa misma fecha del calendario, el anio de origen mas la Duracion, conforme al Art. 82 LPA.
2. Dado un plazo de 3 anios con Evento de inicio el 15 de marzo de un anio, cuando MOD-023 calcula el vencimiento, entonces devuelve el 15 de marzo del anio de origen mas 3, sin contar dias habiles ni excluir asuetos en el trayecto.
3. Dado que la fecha resultante de un computo de meses o anios cae en un dia inhabil segun la version de calendario vigente, cuando MOD-023 determina la fecha final, entonces la traslada al primer dia habil siguiente, igual que para un computo en dias habiles.
4. Dado un Evento de inicio marcado como una fecha futura sin que el modulo de origen lo declare como una prorroga o suspension programada, cuando se envia la solicitud, entonces MOD-023 la rechaza.
5. Dado un calculo con Tipo de computo Meses de fecha a fecha, cuando MOD-023 lo procesa, entonces aplica la misma regla de fecha a fecha que para anios, ajustada a la unidad de meses.","- Los plazos por meses o anios van de fecha a fecha, conforme al Art. 82 LPA (OBL-PLAZO-01).
- MOD-023 nunca calcula un plazo por su cuenta sin que un modulo de origen entregue el evento de inicio, la duracion y el tipo de computo (seccion A).","3","R1","4","HU-023-01","","Si","OBL-PLAZO-01, OBL-DPO-04","","No","","MOD-023 secciones D.2, D.4 y G (automatizacion 1)"
"HU-023-06","Historia","EP-023","Calendario y Motor de Plazos","MOD-023","Suspender y reanudar un calculo de plazo por causal declarada","Responsable ARCO-POL / Responsable del tramite","Como Responsable ARCO-POL / Responsable del tramite, quiero que el modulo de origen pueda declarar una causal de suspension configurada sobre un plazo abierto y que el conteo se detenga hasta que la causal cese, para que el tiempo que el titular tarda en subsanar una prevencion, o cualquier otra causa prevista, no cuente en mi contra dentro del plazo legal.","1. Dado un calculo en estado Abierto cuyo campo Es plazo suspendible es Si, cuando el modulo de origen declara la causal de suspension configurada, por ejemplo la prevencion del Art. 18 mientras esa regla este activa, entonces el calculo pasa a Suspendido y se detiene el conteo del plazo.
2. Dado un calculo Suspendido, cuando el modulo de origen informa que la causal ceso, por ejemplo el titular subsano su solicitud, entonces el calculo vuelve a Abierto y el conteo se reanuda desde donde quedo, sin perder los dias u horas ya transcurridos antes de la suspension.
3. Dado que un modulo de origen intenta declarar una causal de suspension sobre un calculo cuyo campo Es plazo suspendible es No, cuando envia la solicitud, entonces MOD-023 la rechaza.
4. Dado un calculo Suspendido cuyo criterio de fondo, por ejemplo si la prevencion suspende o no el plazo general, sigue siendo una incertidumbre juridica no resuelta por la organizacion, cuando se muestra el calculo, entonces se ve tambien la fecha que resultaria sin la suspension, como referencia mas exigente.
5. Dado que un calculo pasa de Suspendido a Abierto, cuando MOD-023 registra el evento, entonces queda en el historial la duracion exacta de la suspension.","- MOD-023 nunca suspende ni reanuda un plazo por iniciativa propia: solo ejecuta la suspension o la reanudacion cuando el modulo propietario se la solicita de forma explicita, con el fundamento que ese modulo declare (seccion A).
- La causal de suspension solo aplica si la organizacion la tiene habilitada en su configuracion (seccion D.3); en esta version del MVP ese valor permanece en su default conservador, No suspende (ver notas_epica).","5","R1","4","HU-023-02","","Si","OBL-PLAZO-01, OBL-ARCO-08","","No","PP-JUR-04","MOD-023 secciones D.2, F.3, F.4 y G (automatizacion 6)"
"HU-023-07","Historia","EP-023","Calendario y Motor de Plazos","MOD-023","Aplicar una prorroga a un plazo abierto","Responsable ARCO-POL / Responsable del tramite","Como Responsable ARCO-POL / Responsable del tramite, quiero que el modulo de origen pueda solicitar una prorroga sobre un plazo abierto antes de su vencimiento y que MOD-023 calcule la nueva fecha limite conservando la fecha original, para poder extender el plazo general de una solicitud, por ejemplo los 20 dias habiles adicionales del Art. 20 LPDP, cuando la motivacion ya quedo registrada en mi propio expediente.","1. Dado un calculo en estado Abierto, cuando el modulo de origen solicita una prorroga con una extension declarada antes de que se cumpla la fecha limite ordinaria, entonces MOD-023 calcula la nueva fecha limite sumando la extension y el calculo pasa a Prorrogado.
2. Dado un calculo que pasa a Prorrogado, cuando MOD-023 registra el evento, entonces conserva la fecha limite original en el historial, visible junto a la nueva.
3. Dado que el modulo de origen solicita la prorroga despues de que ya se cumplio la fecha limite ordinaria, cuando envia la solicitud, entonces MOD-023 la rechaza, porque la prorroga debe pedirse antes del vencimiento.
4. Dado un calculo Prorrogado, cuando se alcanza la nueva fecha limite sin que el modulo de origen marque el caso resuelto, entonces se activa la bandera Vencido, igual que en un calculo Abierto.
5. Dado una solicitud de prorroga con la extension declarada, cuando MOD-023 la procesa, entonces no evalua ni valida el fondo de la motivacion del modulo de origen: solo verifica que la solicitud llegue a tiempo.","- La prorroga se pide dentro del plazo ordinario y con motivacion registrada en el expediente del modulo de origen, por analogia con el Art. 83 LPA; MOD-023 no valida el fondo de esa motivacion (seccion F.4).
- MOD-023 nunca decide por si mismo si procede una prorroga: solo la ejecuta cuando el modulo propietario se la solicita de forma explicita (seccion A).","3","R1","4","HU-023-02","","Si","OBL-PLAZO-01, OBL-ARCO-10","","No","","MOD-023 secciones D.2, F.3 y F.4"
"HU-023-08","Historia","EP-023","Calendario y Motor de Plazos","MOD-023","Recalcular y notificar un plazo abierto cuando se agrega un asueto ad hoc","Delegado de Proteccion de Datos (o Responsable interno, si aplica el estado FUTURO)","Como Delegado de Proteccion de Datos (o Responsable interno, si aplica el estado FUTURO), quiero que, cuando se confirma un asueto ad hoc dentro de la ventana de un plazo ya en curso, el sistema recalcule automaticamente la fecha limite, conserve la fecha anterior en el historial y me notifique el cambio, para nunca perder de vista que un plazo se movio, ni actuar con una fecha ya desactualizada.","1. Dado que el Equipo del producto publica una nueva fecha en la Capa 2 de asueto ad hoc y esa fecha cae entre el evento de inicio y la fecha limite actual de un calculo en estado Abierto, Suspendido o Prorrogado, cuando MOD-023 detecta la coincidencia, entonces recalcula automaticamente la fecha limite de ese calculo.
2. Dado un calculo recalculado, cuando MOD-023 registra el evento, entonces conserva la fecha limite anterior en el historial junto con el motivo, por ejemplo un asueto ad hoc confirmado con el mismo alcance que el del 18 de junio de 2024 para el sector publico y privado, y notifica al modulo de origen y a MOD-022.
3. Dado que el recalculo deja menos de 1 dia habil para el vencimiento, cuando MOD-023 aplica el recalculo, entonces escala de inmediato la notificacion al Administrador de la organizacion, ademas del aviso normal al responsable del expediente.
4. Dado un asueto anunciado por un medio de prensa pero que el Equipo del producto todavia no confirmo con su fuente oficial y su alcance por sector, cuando el sistema evalua los calculos abiertos, entonces no aplica ningun recalculo y muestra el texto: Este posible asueto esta pendiente de confirmacion oficial y no se aplica todavia a ningun calculo.
5. Dado un calculo ya Cerrado, cuando se confirma despues un asueto ad hoc que hubiera caido dentro de su ventana original, entonces MOD-023 no lo recalcula: el recalculo automatico solo aplica a calculos Abiertos, Suspendidos o Prorrogados.
6. Dado cualquier recalculo aplicado, cuando un usuario consulta el calculo despues, entonces ninguna vista permite editar ni ocultar el valor anterior: el historial completo del recalculo queda siempre visible.","- Ningun recalculo ocurre en silencio: siempre se notifica, se conserva el valor anterior y se deja registrado el motivo (secciones F y G, automatizacion 4).
- El recalculo automatico no es opcional para la organizacion; solo el canal de la notificacion puede variar (seccion G, automatizacion 4).","8","R1","4","HU-023-01, HU-023-02","MOD-021, MOD-022","No","OBL-PLAZO-02, OBL-PLAZO-01","","No","","MOD-023 secciones F.3, F.4, G (automatizacion 4) y H"
"HU-023-09","Historia","EP-023","Calendario y Motor de Plazos","MOD-023","Alertar cuando el calendario del proximo anio no esta cargado","Equipo del producto (proveedor)","Como Equipo del producto (proveedor), quiero recibir una alerta escalonada si al 1 de noviembre del anio en curso no existe una version Publicada del calendario del anio siguiente, para publicar el calendario a tiempo y que ningun cliente quede, el 1 de enero, sin un calendario valido para calcular sus plazos.","1. Dado que llega el 1 de noviembre del anio en curso, por ejemplo el 1 de noviembre de 2026, sin que exista una version Publicada del calendario del anio siguiente para las capas 1 y 2, cuando el sistema evalua la condicion, entonces dispara la alerta Calendario del proximo anio no cargado en nivel WARNING para el Equipo del producto.
2. Dado que la alerta sigue activa, cuando pasa una semana sin que se publique la version, entonces el sistema repite el aviso semanalmente.
3. Dado que la alerta lleva 15 dias sin resolverse, cuando el sistema evalua el tiempo transcurrido, entonces escala el nivel a CRITICAL para el Equipo del producto.
4. Dado que faltan 30 dias para el 1 de enero del anio que cubre la version y esta sigue en Borrador, cuando el sistema evalua la condicion, entonces dispara ademas la alerta Version del calendario aun en Borrador en nivel HIGH, diaria, con escalamiento inmediato a nivel CRITICAL interno del proveedor.
5. Dado que el Equipo del producto publica la version pendiente, cuando el sistema vuelve a evaluar la condicion, entonces ambas alertas se apagan.
6. Dado que la version del anio siguiente ya esta Publicada antes del 1 de noviembre, cuando llega esa fecha, entonces el sistema no dispara ninguna de las dos alertas.","- El canal por defecto de estas alertas es la plataforma interna del proveedor, no un aviso al cliente (seccion I).
- El Administrador de la organizacion recibe copia informativa de la alerta, sin ser el destinatario principal (seccion E).","3","R1","5","HU-023-01","","No","OBL-PLAZO-02","","No","","MOD-023 secciones G (automatizacion 5) e I"
"HU-023-10","Historia","EP-023","Calendario y Motor de Plazos","MOD-023","Ver la vista de calendario central","Administrador de la organizacion","Como Administrador de la organizacion, quiero ver en una sola pantalla todos los plazos legales, revisiones periodicas, vencimientos y tareas de mi organizacion, filtrables por modulo, responsable o sucursal, para no tener que entrar a cada modulo por separado para saber que fecha vence cuando.","1. Dado que el Administrador abre la vista de calendario central, cuando el sistema la construye, entonces muestra los plazos legales en curso, las revisiones periodicas programadas, las tareas asignadas y las fechas de recalculo, con el modulo de origen y el responsable de cada evento.
2. Dado que el Administrador aplica un filtro por modulo, por responsable o por sucursal, cuando el sistema actualiza la vista, entonces solo muestra los eventos que coinciden con el filtro elegido.
3. Dado un Responsable de area, cuando abre la vista de calendario central, entonces solo ve los eventos de su area o sucursal, sin poder ampliar el filtro al resto de la organizacion.
4. Dado el rol Usuario de consulta / Colaborador, cuando abre la vista, entonces solo ve las tareas puntuales que tiene asignadas, sin acceso a la configuracion del calendario.
5. Dado el rol Titular (formulario externo), cuando intenta acceder a la vista de calendario central, entonces el sistema se la niega: el Titular solo ve el numero de dias restantes de su propia solicitud a traves de MOD-012.
6. Dado un Auditor interno o externo, cuando abre la vista de calendario central, entonces la consulta en modo de solo lectura, sin poder editar ningun evento.","- La vista de calendario central es la instrumentacion del area 30 del prompt de analisis funcional; no es una agenda de reuniones ni una herramienta de disponibilidad de personas (seccion A).
- Cada rol ve la vista con el alcance que le corresponde segun la seccion C de la ficha.","5","R1","5","HU-023-02, HU-023-04, HU-023-05, HU-023-06, HU-023-07","MOD-001, MOD-021","No","","","No","","MOD-023 seccion Q; 04_secciones/12_tareas_y_alertas.md seccion 12.6"
"HU-023-11","Historia","EP-023","Calendario y Motor de Plazos","MOD-023","Generar el recordatorio de la auditoria anual mientras el modulo de Auditoria no este activo","Delegado de Proteccion de Datos (o Responsable interno, si aplica el estado FUTURO)","Como Delegado de Proteccion de Datos (o Responsable interno, si aplica el estado FUTURO), quiero recibir un recordatorio automatico para iniciar la auditoria anual de cumplimiento, anclado a la fecha de adecuacion inicial de mi primer diagnostico, para no perder de vista la obligacion de auditarse cada anio mientras el modulo estructurado de Auditoria de Cumplimiento todavia no este activo.","1. Dado que MOD-004 registra el cierre de la primera sesion de Diagnostico inicial de la organizacion, cuando ese cierre ocurre, entonces MOD-023 toma esa fecha como fecha de adecuacion inicial para el recordatorio anual de la auditoria.
2. Dado la fecha de adecuacion inicial ya registrada, cuando se cumplen 12 meses desde esa fecha sin que se haya generado un recordatorio previo, entonces MOD-023 genera el evento Corresponde iniciar la auditoria anual de cumplimiento, con una tarea en MOD-021 y una alerta INFO en MOD-022.
3. Dado que ya se genero un recordatorio anterior, cuando se cumplen 12 meses desde ese recordatorio, entonces MOD-023 genera el siguiente recordatorio anclado a esa fecha, no a la adecuacion inicial original.
4. Dado que la organizacion todavia no completo ninguna sesion de Diagnostico inicial, cuando el sistema evalua si corresponde generar el recordatorio, entonces no lo genera, porque no existe todavia una fecha de adecuacion inicial de la cual anclarlo.
5. Dado el recordatorio ya generado como tarea en MOD-021, cuando el Delegado o Responsable interno lo consulta, entonces ve que se trata de un recordatorio generico, sin el flujo estructurado de hallazgos y plan de accion que solo existira cuando MOD-018 este activo.","- Esta HU cubre de forma parcial la obligacion OBL-AUD-01 mientras MOD-018, SHOULD HAVE, no se construya, sin sustituir su flujo estructurado de hallazgos y plan de accion (04_secciones/19_21_roadmap_mvp_v1_v2.md, seccion 19.4).
- El periodo del recordatorio es de 12 meses, el minimo que exige la Politica de Actuacion ACE, Art. 8 lit. b (seccion D.4 de la ficha).","3","R1","5","HU-023-05","MOD-004, MOD-021, MOD-022","No","OBL-AUD-01","","No","","MOD-023 seccion D.4; 04_secciones/19_21_roadmap_mvp_v1_v2.md seccion 19.4; 04_secciones/08d_workflows_casos_09_11.md caso 10"
"HU-024-01","Historia","EP-024","Centro Regulatorio","MOD-024","Mantener el marco normativo con versionado","Editor de contenido regulatorio (proveedor)","Como Editor de contenido regulatorio (proveedor), quiero dar de alta y editar cada instrumento normativo (ley, normativa ACE, lineamiento, politica de actuacion o buena practica) con su tipo, su estado, su fuente y su fecha de verificacion, y versionar cada regla operativa sin sobrescribir la version anterior, para que todas las organizaciones clientes consulten siempre el marco normativo vigente con su fundamento y su procedencia.","1. Dado que el Editor de contenido regulatorio da de alta un instrumento normativo, cuando completa nombre_instrumento, tipo_instrumento, clasificacion_exigibilidad, numero_y_fecha_emision, estado_instrumento, estado_verificacion y fuente_oficial, entonces el sistema guarda el instrumento y registra fecha_ultima_consulta.
2. Dado un instrumento sin fecha_publicacion_diario_oficial, cuando el Editor intenta guardar una fecha posterior al dia de hoy, entonces el sistema rechaza el valor y muestra que la fecha de publicacion no puede ser futura.
3. Dado un instrumento con estado_instrumento VIGENTE, cuando el Editor lo cambia a DEROGADO o MODIFICADO, entonces el sistema exige fuente_oficial y fecha_ultima_consulta actualizadas antes de guardar el cambio.
4. Dado que una regla operativa (RegulatoryRuleVersion) de un instrumento existente cambia, cuando el Editor publica la nueva version, entonces el sistema conserva la version anterior con su fecha_vigencia_hasta cerrada, sin sobrescribirla, y crea la version nueva con su fecha_vigencia_desde.
5. Dado que se publica una nueva version de una regla, cuando la operacion se completa, entonces el sistema registra en el historial del modulo quien publico la version, cuando, y que obligaciones_relacionadas cita.
6. Dado un usuario con un rol de la organizacion cliente, cuando intenta editar estado_instrumento o cualquier otro campo del marco normativo, entonces el sistema deniega la accion porque esa edicion es exclusiva del Editor de contenido regulatorio del proveedor.","- El marco normativo y su versionado no son datos de la organizacion cliente; los mantiene exclusivamente el Editor de contenido regulatorio del proveedor, rol fuera del catalogo de roles de cliente (seccion B).
- estado_instrumento admite unicamente VIGENTE, FUTURO, DEROGADO o MODIFICADO.
- La version anterior de una regla siempre conserva su fecha_vigencia_hasta; nunca se sobrescribe (seccion D.1).
- Ningun rol de la organizacion cliente tiene permiso de edicion sobre este contenido (seccion C).","5","R1","18","","","No","","Catalogo inicial de instrumentos normativos verificados (Decreto 144, Normativa PAS, Politicas de Actuacion ACE, Lineamientos DPO) con fuente oficial y estado de verificacion, redactado por el equipo legal y de contenido antes del lanzamiento","No","PP-OPS-04, PP-REG-03","MOD-024 secciones B, D.1 y O"
"HU-024-02","Historia","EP-024","Centro Regulatorio","MOD-024","Consultar el marco normativo vigente","Usuario de consulta / Colaborador","Como Usuario de consulta / Colaborador, quiero consultar el listado del marco normativo con filtros por tipo de instrumento y por estado, ver el detalle de cada uno con su fuente y su estado de verificacion, y exportarlo, para saber en cualquier momento que version de la ley debe seguir mi empresa sin rastrear el Diario Oficial por mi cuenta.","1. Dado un usuario autenticado de la organizacion cliente distinto de Titular externo, cuando abre el marco normativo consultable, entonces ve el listado de instrumentos con su tipo_instrumento, estado_instrumento (VIGENTE, FUTURO, DEROGADO o MODIFICADO), fuente_oficial y fecha_ultima_consulta.
2. Dado el listado del marco normativo, cuando el usuario filtra por tipo_instrumento o por estado_instrumento, entonces el sistema muestra unicamente los instrumentos que cumplen el filtro elegido.
3. Dado un instrumento con estado_verificacion igual a OCR_PENDIENTE_DE_VERIFICAR, cuando el usuario abre su detalle, entonces el sistema muestra de forma visible que el texto proviene de un escaneo pendiente de verificar contra la fuente oficial.
4. Dado el marco normativo consultable, cuando el usuario solicita exportarlo, entonces el sistema genera el reporte en PDF o XLSX con los mismos datos visibles en pantalla.
5. Dado un Titular (formulario externo) que intenta acceder al marco normativo consultable, cuando lo intenta, entonces el sistema le deniega el acceso porque este modulo no es parte de su alcance.","- El marco normativo es de solo lectura para toda la organizacion cliente (seccion D.1).
- Ningun texto de esta vista usa lenguaje de porcentaje de cumplimiento legal.","3","R1","18","HU-024-01","","No","","","No","","MOD-024 secciones C, D.1, E y N"
"HU-024-03","Historia","EP-024","Centro Regulatorio","MOD-024","Exponer el estado del regimen normativo a otros modulos","Equipo del producto (proveedor)","Como Equipo del producto (proveedor), quiero que el valor vigente de la bandera regimen_reforma_659 (ACTUAL o FUTURO) quede disponible para que cualquier otro modulo lo consulte por referencia, para que ningun otro modulo evalue por su cuenta si la reforma 659 esta vigente y nunca existan dos modulos mostrando estados normativos contradictorios el mismo dia.","1. Dado que la organizacion aun no ha registrado ningun cambio de regimen, cuando cualquier modulo consulta regimen_reforma_659, entonces recibe el valor ACTUAL por defecto.
2. Dado que otro modulo (por ejemplo MOD-002, MOD-007, MOD-008, MOD-011, MOD-015 o MOD-017) consulta si el estado normativo vigente afecta a una obligacion propia, cuando existe una RegulatoryRuleVersion vigente para esa obligacion, entonces el sistema responde con el estado vigente por referencia, sin copiar el dato hacia el modulo consultante.
3. Dado que regimen_reforma_659 cambia de valor, cuando un modulo vuelve a consultarlo, entonces recibe siempre el valor mas reciente, sin necesidad de que ese modulo mantenga su propia copia.
4. Dado un modulo consultante, cuando pide el valor de regimen_reforma_659, entonces el sistema nunca expone un tercer valor distinto de ACTUAL o FUTURO, ni siquiera durante el paso interno de verificacion.","- regimen_reforma_659 conserva unicamente los valores ACTUAL y FUTURO; el campo tecnico estado_interno_verificacion_659 es un paso interno del proveedor, nunca un tercer valor visible para otros modulos (seccion D.2).
- La consulta es siempre por referencia; ningun modulo consumidor duplica el valor como su propia copia de negocio (seccion G, regla 9).","3","R1","9","","","Si","OBL-PLAZO-05","","No","","MOD-024 secciones D.2, G (regla 9) y L"
"HU-024-04","Historia","EP-024","Centro Regulatorio","MOD-024","Activar el regimen FUTURO de la reforma 659","Editor de contenido regulatorio (proveedor)","Como Editor de contenido regulatorio (proveedor), quiero cambiar regimen_reforma_659 de ACTUAL a FUTURO solo cuando se confirme la publicacion oficial, se cumpla la vacatio legis y se valide juridicamente el texto oficial, para que ninguna organizacion cliente deje de cumplir una obligacion que la ley todavia exige por activar un regimen legal que aun no esta vigente.","1. Dado que regimen_reforma_659 esta en ACTUAL, cuando fecha_publicacion_diario_oficial_reforma esta vacia, entonces el sistema no permite activar FUTURO bajo ninguna condicion, ni siquiera si fecha_aprobacion_legislativa ya esta completa.
2. Dado que fecha_publicacion_diario_oficial_reforma ya esta completa, cuando aun no transcurrieron los 8 dias de fecha_cumplimiento_vacatio_legis, entonces el sistema no permite activar FUTURO.
3. Dado que fecha_publicacion_diario_oficial_reforma y fecha_cumplimiento_vacatio_legis ya se cumplieron, cuando validacion_juridica_texto_oficial no esta marcada en Si, entonces el sistema no permite activar FUTURO.
4. Dado que las tres condiciones (publicacion, vacatio legis y validacion juridica) estan completas, cuando el Editor de contenido regulatorio confirma la activacion, entonces regimen_reforma_659 pasa a FUTURO, se registra fecha_activacion_bandera, y se emite el evento de cambio de bandera hacia MOD-002, MOD-007, MOD-008, MOD-011, MOD-015 y MOD-017.
5. Dado que la bandera pasa a FUTURO, cuando la activacion se confirma, entonces el sistema actualiza el estado_instrumento de cada una de las 17 obligaciones afectadas por la reforma, preservando su clasificacion anterior en el historial en vez de sobrescribirla.
6. Dado que el sistema nunca activa FUTURO por si mismo, cuando solo transcurre el tiempo o solo se completa fecha_aprobacion_legislativa sin las otras tres condiciones, entonces el sistema mantiene ACTUAL y muestra el texto: Decreto Legislativo 659, segun fuentes secundarias, pendiente de confirmar contra el texto oficial publicado.","- Nunca se activa FUTURO por la sola fecha de aprobacion legislativa, por el paso del tiempo o por una fecha calculada (anti-feature 14, seccion H decision 1).
- Ningun rol de la organizacion cliente puede activar este cambio; Responsable Legal / Compliance solo puede recomendarlo, de forma consultiva y no vinculante (seccion B y C).
- Las tres condiciones (publicacion, vacatio legis, validacion juridica) son acumulativas, no alternativas (seccion D.2 y F.1).","8","R1","18","HU-024-03","MOD-021, MOD-022","No","OBL-PLAZO-05","","Si","PP-REG-01, PP-REG-02, PP-JUR-13, PP-OPS-01","MOD-024 secciones D.2, F.1 (fila EN_VERIFICACION a FUTURO), G (regla 1) y H (decision 1)"
"HU-024-05","Historia","EP-024","Centro Regulatorio","MOD-024","Revertir el regimen a ACTUAL","Editor de contenido regulatorio (proveedor)","Como Editor de contenido regulatorio (proveedor), quiero revertir regimen_reforma_659 de FUTURO a ACTUAL cuando el decreto no se publique, sea impugnado o su texto oficial difiera de lo reportado, dejando registrado el motivo, para que ninguna organizacion cliente quede operando bajo un regimen legal que ya no corresponde a la realidad juridica.","1. Dado que regimen_reforma_659 esta en FUTURO, cuando el Editor de contenido regulatorio intenta revertirlo sin completar motivo_reversion, entonces el sistema rechaza la reversion y exige el motivo.
2. Dado que el Editor completa motivo_reversion con una de las opciones DECRETO_NO_PUBLICADO, DECRETO_IMPUGNADO, TEXTO_DIFIERE_DE_LO_REPORTADO u OTRO, cuando confirma la reversion, entonces regimen_reforma_659 pasa a ACTUAL y se emite el evento de reversion hacia los mismos seis modulos que recibieron el evento de activacion.
3. Dado que la reversion se ejecuta, cuando las tareas y registros que dependian de pasos exclusivos del regimen FUTURO existen, entonces el sistema las marca no aplica bajo el estado regulatorio actual, ver historial, sin eliminarlas.
4. Dado un expediente u otro registro ya cerrado mientras regimen_reforma_659 estaba en FUTURO, cuando ocurre la reversion, entonces ese registro conserva la regla que le aplicaba en el momento de su cierre, sin modificarse de forma retroactiva.
5. Dado que la reversion se confirma, cuando la operacion se completa, entonces el sistema registra en el historial la fecha, el motivo y el responsable de la reversion, de forma permanente.","- La reversion es siempre una accion manual y explicita del Editor de contenido regulatorio del proveedor, nunca automatica (seccion F.1).
- El cambio de bandera nunca modifica retroactivamente un expediente, un registro de MOD-002 o un aviso de privacidad ya publicado (seccion F.1, Registros vinculados).","5","R1","18","HU-024-04","MOD-021, MOD-022","No","OBL-PLAZO-05","","Si","PP-JUR-13","MOD-024 secciones D.2, F.1 (fila FUTURO a ACTUAL) y O"
"HU-024-06","Historia","EP-024","Centro Regulatorio","MOD-024","Notificar y confirmar el cambio de regimen normativo","Administrador de la organizacion","Como Administrador de la organizacion, quiero ver el estado vigente del regimen de la reforma 659 con su advertencia mientras sea ACTUAL, recibir la notificacion cuando cambie, y confirmar que tome conocimiento, para saber en todo momento que obligaciones sigue vigentes mi empresa y dejar constancia de que me entere del cambio.","1. Dado que regimen_reforma_659 esta en ACTUAL, cuando el Administrador de la organizacion consulta el estado regulatorio vigente, entonces ve el badge ACTUAL junto con el texto: Decreto Legislativo 659, segun fuentes secundarias, pendiente de confirmar contra el texto oficial publicado.
2. Dado que regimen_reforma_659 cambia de valor (activacion o reversion), cuando el cambio se confirma, entonces el sistema registra a la organizacion en organizaciones_notificadas y envia la notificacion por plataforma y correo, a traves de MOD-022, a Administrador, Delegado/Responsable interno, Responsable Legal y Responsable de area.
3. Dado una notificacion de cambio de regimen pendiente de confirmar, cuando el Administrador, el Delegado/Responsable interno, Responsable ARCO-POL, Responsable Legal, Responsable de Seguridad/IT, Responsable de area o Aprobador la abre y confirma, entonces el sistema registra la confirmacion de toma de conocimiento con fecha y usuario.
4. Dado un Auditor (interno) o un Auditor externo (invitado), cuando intenta confirmar toma de conocimiento de un cambio normativo, entonces el sistema deniega la accion porque ese permiso no esta disponible para su rol.
5. Dado que el cambio de regimen ya se notifico, cuando ningun usuario confirma la lectura dentro de los primeros dias, entonces la alerta permanece activa en la plataforma hasta que se confirme.","- La notificacion interna siempre la envia MOD-022; este modulo solo genera el evento y registra a quien se notifico (seccion D.2, campo organizaciones_notificadas).
- Confirmar toma de conocimiento no equivale a aprobar ni a recomendar el cambio; es solo una constancia de lectura (seccion C).","3","R1","18","HU-024-04, HU-024-05","MOD-022","No","OBL-PLAZO-05, OBL-PRIN-03","","No","PP-UX-01","MOD-024 secciones B, C, D.2, I y O"
"HU-024-07","Historia","EP-024","Centro Regulatorio","MOD-024","Generar tarea de revision ante un cambio normativo","Delegado de Proteccion de Datos (o Responsable interno, si aplica el estado FUTURO)","Como Delegado de Proteccion de Datos (o Responsable interno, si aplica el estado FUTURO), quiero que se cree automaticamente una tarea de revision cuando se publique una nueva version de una regla normativa o cuando cambie regimen_reforma_659, para no perder de vista ninguna actualizacion normativa que afecte a mi empresa.","1. Dado que el Editor de contenido regulatorio publica una nueva RegulatoryRuleVersion sobre un instrumento existente, cuando la publicacion se completa, entonces el sistema crea en MOD-021 la tarea Revisar cambio normativo: [nombre del instrumento], dirigida a Administrador, Delegado/Responsable interno y Responsable Legal.
2. Dado que regimen_reforma_659 cambia de ACTUAL a FUTURO o se revierte, cuando el cambio se confirma, entonces el sistema crea en MOD-021, para cada organizacion, una unica tarea Revisar el impacto del cambio de regimen normativo, dirigida al Administrador de la organizacion.
3. Dado una tarea de revision de cambio normativo creada, cuando pasan 10 dias habiles sin que se complete, entonces el sistema escala la alerta a Aprobador.
4. Dado que un cambio normativo es puramente editorial (por ejemplo, corregir una fecha de consulta), cuando se publica, entonces el sistema no genera una tarea de revision ni una alerta WARNING, y el cambio queda solo en el historial de versiones.","- Las tareas se crean siempre en MOD-021, nunca dentro de este modulo (regla de plataforma, seccion 4 de las instrucciones comunes).
- El plazo interno de revision no es un plazo legal; es configurable por el proveedor (seccion G, regla 2).","3","R1","18","HU-024-01, HU-024-04","MOD-021, MOD-022","No","","","No","","MOD-024 secciones E, G (reglas 1 y 2) e I"
"HU-024-08","Historia","EP-024","Centro Regulatorio","MOD-024","Mantener el catalogo de infracciones y multas","Editor de contenido regulatorio (proveedor)","Como Editor de contenido regulatorio (proveedor), quiero mantener el catalogo de las infracciones leves, graves y muy graves del Art. 56 con su rango de multa del Art. 57 en salarios minimos, junto con la tabla de salarios minimos vigente por fecha, para que el catalogo informativo este siempre actualizado sin que ninguna organizacion cliente pueda alterarlo.","1. Dado el catalogo de infracciones, cuando el Editor de contenido regulatorio lo mantiene, entonces cada infraccion queda clasificada como leve, grave o muy grave, con su rango de multa correspondiente en salarios minimos.
2. Dado que el salario minimo vigente cambia, cuando el Editor actualiza la tabla de salarios minimos, entonces el sistema conserva el valor anterior con su periodo de vigencia, sin sobrescribirlo, para poder mostrar ambos valores cuando corresponda.
3. Dado un usuario con un rol de la organizacion cliente, cuando intenta editar el catalogo de infracciones o la tabla de salarios minimos, entonces el sistema deniega la accion.
4. Dado el catalogo mantenido, cuando el Editor lo revisa, entonces el sistema no incluye ningun campo de calculo de probabilidad ni de monto exacto de una sancion para un caso concreto.","- El catalogo es contenido del proveedor, identico para todas las organizaciones clientes (seccion D, introduccion).
- El catalogo nunca predice ni gradua una sancion para un caso concreto (anti-feature 5; seccion H, decision 3).","3","R1","18","","","No","OBL-SANC-01","Catalogo verificado de las 26 infracciones del Art. 56 (9 leves, 7 graves, 10 muy graves) y de los rangos de multa del Art. 57, con la tabla de salarios minimos vigente, redactado por el equipo legal y de contenido","Si","PP-JUR-10, PP-REG-04","MOD-024 secciones D (introduccion), E, G (regla 10) y K"
"HU-024-09","Historia","EP-024","Centro Regulatorio","MOD-024","Consultar el catalogo de infracciones y multas","Usuario de consulta / Colaborador","Como Usuario de consulta / Colaborador, quiero consultar el catalogo de infracciones leves, graves y muy graves con su rango de multa orientativo, filtrado por categoria, y exportarlo en PDF, para entender el marco sancionador aplicable sin que el sistema prediga ni determine una sancion para mi empresa.","1. Dado un usuario autenticado de la organizacion cliente distinto de Titular externo, cuando abre el catalogo de infracciones y multas, entonces ve las infracciones agrupadas por categoria (leve, grave, muy grave) con su rango de multa en salarios minimos y su equivalente orientativo en dolares.
2. Dado el catalogo abierto, cuando el usuario filtra por categoria, entonces el sistema muestra unicamente las infracciones de esa categoria.
3. Dado el catalogo abierto, cuando el usuario lo consulta, entonces el sistema muestra junto al rango el texto: informacion orientativa, no una determinacion de la sancion; la graduacion es facultad exclusiva de la ACE, y remite a asesoria juridica.
4. Dado el catalogo abierto, cuando el usuario solicita exportarlo, entonces el sistema genera el catalogo descargable en PDF, sin variables propias de la organizacion.","- El catalogo se presenta siempre como material de consulta general; la calificacion de un hecho propio como infraccion exige el texto Requiere validacion de la organizacion o asesoria especializada (seccion H, decision 2).","2","R1","18","HU-024-08","","No","OBL-SANC-01","","No","PP-REG-04","MOD-024 secciones C, E, H (decisiones 2 y 3), K y N"
"HU-024-10","Historia","EP-024","Centro Regulatorio","MOD-024","Recibir automaticamente el tramite de nombramiento del Delegado","Delegado de Proteccion de Datos (o Responsable interno, si aplica el estado FUTURO)","Como Delegado de Proteccion de Datos (o Responsable interno, si aplica el estado FUTURO), quiero que se genere automaticamente un registro de tramite ante la ACE cuando complete el paso de comunicar mi nombramiento en MOD-002, para no volver a capturar los mismos datos ni perder de vista ese tramite.","1. Dado que MOD-002 completa el paso Enviar comunicacion a la ACE de su propio workflow de nombramiento, cuando ese evento llega a este modulo, entonces el sistema crea automaticamente un registro ACEFiling en estado BORRADOR con tipo_tramite COMUNICACION_NOMBRAMIENTO_DELEGADO y modulo_origen MOD-002.
2. Dado el registro ACEFiling creado automaticamente, cuando se consulta contenido_del_tramite, entonces el sistema lo muestra precargado por referencia desde el registro de MOD-002, sin duplicar el dato en un campo propio.
3. Dado que el registro se crea, cuando la operacion se completa, entonces el sistema deja un evento de auditoria y el registro queda visible dentro de MOD-002 como estado de solo lectura.
4. Dado que MOD-002 no ha completado el paso Enviar comunicacion a la ACE, cuando se revisa este modulo, entonces no existe ningun registro ACEFiling de tipo COMUNICACION_NOMBRAMIENTO_DELEGADO para esa organizacion.","- La generacion automatica no duplica datos: contenido_del_tramite es una referencia al registro que lo origino, nunca una copia (regla de direccion unica, seccion D.4).
- El registro nace siempre en BORRADOR (seccion F.2).","3","R1","19","","MOD-002","No","OBL-DPO-03","","No","","MOD-024 secciones D.4, F.2 (fila ninguno a BORRADOR) y L"
"HU-024-11","Historia","EP-024","Centro Regulatorio","MOD-024","Crear manualmente un tramite ante la ACE","Administrador de la organizacion","Como Administrador de la organizacion, quiero crear manualmente un registro de tramite ante la ACE cuando no se origine de forma automatica desde otro modulo, para dejar constancia de tramites como una solicitud de certificacion o sello, o cualquier otro que mi empresa deba poner en conocimiento de la ACE.","1. Dado que un tramite no se origina en MOD-002, cuando el Administrador de la organizacion lo crea manualmente, entonces el sistema exige seleccionar tipo_tramite entre COMUNICACION_NOMBRAMIENTO_DELEGADO, ACTUALIZACION_DATOS_DELEGADO, PUESTA_EN_CONOCIMIENTO_TRANSFERENCIA, SOLICITUD_OPINION_PREVIA_TRANSFERENCIA, SOLICITUD_CERTIFICACION_O_SELLO u OTRO, y guarda modulo_origen como Manual.
2. Dado un tramite con modulo_origen Manual, cuando se crea, entonces el sistema lo guarda en estado BORRADOR y registra fecha_generado de forma automatica.
3. Dado que se crea un tramite de tipo SOLICITUD_CERTIFICACION_O_SELLO, cuando el Administrador lo revisa, entonces el sistema muestra que la ACE aun no ha habilitado un mecanismo de certificacion, y que este registro solo deja constancia del intento, sin emitir ninguna certificacion oficial.
4. Dado que la organizacion aun no cuenta con MOD-010 activo, cuando necesita registrar la puesta en conocimiento de una transferencia internacional, entonces puede crear el tramite manualmente con tipo_tramite PUESTA_EN_CONOCIMIENTO_TRANSFERENCIA y modulo_origen Manual, en vez de recibirlo de forma automatica.
5. Dado un Usuario de consulta / Colaborador, cuando intenta crear un tramite ante la ACE, entonces el sistema deniega la accion porque su rol no tiene ese permiso.","- Si el origen no es Manual, el registro de origen debe existir antes de crear el tramite (seccion D.4).
- Este modulo nunca emite la certificacion oficial de Delegado ni ningun sello de proteccion de datos; solo recuerda el tramite y enlaza al canal oficial cuando exista (anti-feature 12, seccion H decision 7).","2","R1","19","","","No","OBL-AUD-02, OBL-TRANSF-05","","No","PP-JUR-08, PP-REG-05","MOD-024 secciones C, D.4, F.2 (fila ninguno a BORRADOR), H (decision 7) y L"
"HU-024-12","Historia","EP-024","Centro Regulatorio","MOD-024","Completar un tramite ante la ACE para su envio","Responsable Legal / Compliance","Como Responsable Legal / Compliance, quiero completar el documento final y el canal de envio de un tramite en BORRADOR, para dejarlo listo para su aprobacion y envio.","1. Dado un tramite ACEFiling en BORRADOR, cuando Responsable Legal, Delegado/Responsable interno o Administrador de la organizacion completan documento_adjunto y canal_de_envio, entonces el sistema pasa el tramite a PENDIENTE_DE_ENVIO.
2. Dado un tramite en BORRADOR, cuando se intenta pasarlo a PENDIENTE_DE_ENVIO sin documento_adjunto o sin canal_de_envio, entonces el sistema rechaza el cambio y exige ambos campos.
3. Dado que canal_de_envio se completa, cuando el usuario elige la opcion, entonces el sistema muestra las opciones correo institucional, formulario web de contacto de la ACE, plataforma de la ACE, o presencial, con la nota de que la ACE aun no habilita un canal oficial dedicado para varios de estos tramites.
4. Dado que el tramite pasa a PENDIENTE_DE_ENVIO, cuando la operacion se completa, entonces el sistema crea en MOD-021 la tarea Aprobar y enviar tramite ante la ACE.","- Completar el borrador no equivale a aprobarlo ni enviarlo; esa es una accion separada por doble control (HU-024-13, seccion C).","3","R1","19","HU-024-10, HU-024-11","MOD-021","No","","","No","","MOD-024 secciones C, D.4, F.2 (fila BORRADOR a PENDIENTE_DE_ENVIO) y G (regla 5)"
"HU-024-13","Historia","EP-024","Centro Regulatorio","MOD-024","Aprobar y enviar un tramite ante la ACE","Aprobador","Como Aprobador, quiero aprobar y marcar como enviado un tramite en PENDIENTE_DE_ENVIO redactado por otra persona, para cumplir el doble control exigido antes de un acto con efecto ante la autoridad, dejando evidencia del intento de cumplimiento.","1. Dado un tramite en PENDIENTE_DE_ENVIO, cuando el Aprobador o un segundo Responsable Legal distinto de quien completo el borrador lo aprueba, entonces el sistema lo pasa a ENVIADO y registra fecha_envio.
2. Dado un tramite en PENDIENTE_DE_ENVIO, cuando el mismo usuario que completo el borrador intenta aprobarlo, entonces el sistema rechaza la aprobacion por no cumplir el doble control, salvo que la organizacion este por debajo del umbral de 50 empleados, en cuyo caso permite que Administrador de la organizacion apruebe mostrando siempre la advertencia visible de autorrevision.
3. Dado un tramite marcado como ENVIADO, cuando cualquier usuario lo consulta, entonces el sistema muestra que este registro deja constancia del intento de cumplimiento, sin certificar que la ACE lo recibio, porque la ACE aun no habilita un canal oficial confirmado para varios de estos tramites.
4. Dado que el tramite pasa a ENVIADO, cuando la operacion se completa, entonces el sistema notifica al modulo de origen para actualizar su estado visible de solo lectura.","- Aprobar el envio de cualquier tramite ante la ACE exige doble control: quien redacta no puede ser la unica firma (seccion C, separacion de funciones).
- El sistema nunca certifica que un tramite fue efectivamente recibido y aceptado por la ACE mientras no exista un canal oficial habilitado (anti-feature 13, seccion H decision 5).","3","R1","19","HU-024-12","","No","OBL-PRIN-03","","No","PP-JUR-08, PP-REG-05","MOD-024 secciones C, F.2 (fila PENDIENTE_DE_ENVIO a ENVIADO) y H (decision 5)"
"HU-024-14","Historia","EP-024","Centro Regulatorio","MOD-024","Registrar el acuse o rechazo de un tramite ante la ACE","Administrador de la organizacion","Como Administrador de la organizacion, quiero registrar el acuse de recepcion cuando la ACE lo confirme, o marcar el tramite como rechazado o ya no aplicable, para mantener actualizado el estado real del tramite frente a la autoridad.","1. Dado un tramite en ENVIADO, cuando el Administrador de la organizacion adjunta acuse_o_respuesta_ace, entonces el sistema pasa el tramite a CONFIRMADO y cierra la alerta de seguimiento.
2. Dado un tramite en ENVIADO, cuando la ACE rechaza el tramite o transcurre un plazo razonable sin canal oficial habilitado para confirmar la recepcion, entonces el Administrador lo marca RECHAZADO sin que eso bloquee al modulo de origen, que ya dejo constancia del intento.
3. Dado un tramite en BORRADOR, PENDIENTE_DE_ENVIO o ENVIADO, cuando el tramite deja de ser necesario por un evento automatico (por ejemplo una reversion de regimen_reforma_659), entonces el sistema lo marca NO_APLICA de forma automatica, con nota visible, sin eliminar el registro.
4. Dado un tramite en CONFIRMADO, RECHAZADO o NO_APLICA, cuando cualquier usuario intenta eliminarlo, entonces el sistema lo impide porque un registro ACEFiling nunca se borra.","- CONFIRMADO y RECHAZADO son estados propios de este modulo (seccion D.4, nota sobre MOD-010).
- Ningun registro ACEFiling se elimina; solo cambia de estado (seccion O).","3","R1","19","HU-024-13","","No","","","No","","MOD-024 secciones D.4, F.2 (filas ENVIADO a CONFIRMADO/RECHAZADO/NO_APLICA) y O"
"HU-024-15","Historia","EP-024","Centro Regulatorio","MOD-024","Consultar y exportar el registro de tramites ante la ACE","Responsable Legal / Compliance","Como Responsable Legal / Compliance, quiero consultar el listado de tramites ante la ACE con filtros por tipo y por modulo de origen, exportarlo, y recibir una alerta cuando un tramite quede pendiente de envio demasiado tiempo, para dar seguimiento a que ningun tramite quede olvidado sin evidencia de intento de cumplimiento.","1. Dado el listado de tramites ante la ACE, cuando Responsable Legal, Delegado/Responsable interno o Administrador lo consultan, entonces ven cada registro con su tipo_tramite, modulo_origen, estado_tramite y fecha_generado, con filtros por tipo y por modulo de origen.
2. Dado el listado de tramites, cuando el usuario solicita exportarlo, entonces el sistema genera el reporte en XLSX o CSV con todos los campos visibles.
3. Dado un tramite en BORRADOR o PENDIENTE_DE_ENVIO por mas de 15 dias habiles desde su creacion, cuando se cumple ese umbral, entonces el sistema emite una alerta WARNING semanal a Administrador, Responsable Legal y Delegado/Responsable interno.
4. Dado un tramite en BORRADOR o PENDIENTE_DE_ENVIO por mas de 30 dias habiles, cuando se cumple ese umbral, entonces el sistema escala la alerta a Administrador de la organizacion.
5. Dado que el tramite se marca ENVIADO, cuando ocurre, entonces la alerta de tramite pendiente de envio se apaga.","- El umbral de dias es configurable; la existencia de la alerta no lo es (seccion G, regla 5).","3","R1","19","HU-024-11, HU-024-13","MOD-022","No","","","No","","MOD-024 secciones E, G (regla 5), I y N"
"HU-024-16","Historia","EP-024","Centro Regulatorio","MOD-024","Registrar el expediente basico de un procedimiento sancionador","Administrador de la organizacion","Como Administrador de la organizacion, quiero registrar el expediente basico de un procedimiento sancionador cuando mi empresa recibe un emplazamiento de la ACE, con la fecha de notificacion y la resolucion de inicio adjunta, para dejar constancia inmediata del caso y saber cuanto tiempo tengo para contestar.","1. Dado que Administrador de la organizacion o Responsable Legal / Compliance inician el registro, cuando completan origen_del_caso, fecha_notificacion_recibida y adjuntan documento_resolucion_inicio, entonces el sistema crea el expediente en estado EMPLAZADO.
2. Dado que fecha_notificacion_recibida se completa, cuando el expediente se guarda, entonces el sistema pide a MOD-023 la fecha limite de contestacion (fecha de notificacion mas 1 dia mas 5 dias habiles) y la muestra en el expediente.
3. Dado que fecha_notificacion_recibida es una fecha futura, cuando el usuario intenta guardarla, entonces el sistema rechaza el valor porque esa fecha no puede ser futura.
4. Dado que el expediente se crea, cuando la operacion se completa, entonces el sistema crea en MOD-021 la tarea urgente Contestar emplazamiento de la ACE con prioridad maxima, y emite una alerta CRITICAL inmediata visible en el dashboard de Gerencia desde el primer dia.
5. Dado que se seleccionan infracciones_imputadas del catalogo del Art. 56, cuando el usuario las registra, entonces el sistema las guarda como referencia informativa de lo que la ACE atribuye, sin calificar por si mismo si esos hechos constituyen una infraccion.
6. Dado un Responsable de area, Usuario de consulta / Colaborador o Auditor, cuando intenta crear un expediente de procedimiento sancionador, entonces el sistema deniega la accion porque su rol no tiene ese permiso.","- via_procedimiento se registra por defecto como SIMPLIFICADA (seccion D.3); esta historia no modela el cambio a ORDINARIA ni sus efectos (ver fuera_de_alcance).
- El plazo legal se calcula siempre en MOD-023, nunca dentro de este modulo (regla de plazos, instrucciones comunes seccion 4).
- El expediente nunca se elimina, solo cambia de estado o se archiva con motivo (seccion F, introduccion).","8","R2","35","","MOD-023, MOD-021, MOD-022","No","OBL-SANC-05","","No","","MOD-024 secciones C, D.3, F.3 (filas ninguno a EMPLAZADO), G (regla 3) e I"
"HU-024-17","Historia","EP-024","Centro Regulatorio","MOD-024","Contestar el emplazamiento de un procedimiento sancionador","Responsable Legal / Compliance","Como Responsable Legal / Compliance, quiero redactar o adjuntar el escrito de contestacion dentro del plazo de 5 dias habiles, con aprobacion de un segundo firmante antes de enviarlo, para responder a tiempo al emplazamiento y dejar evidencia verificable de que mi empresa reacciono dentro del plazo.","1. Dado un expediente en EMPLAZADO, cuando Responsable Legal completa escrito_de_contestacion dentro del plazo calculado por MOD-023, entonces el sistema pasa el expediente a EN_CONTESTACION y luego a EN_PRUEBA una vez aprobado el envio.
2. Dado un escrito_de_contestacion completo, cuando un segundo Responsable Legal o el Aprobador distinto de quien lo redacto lo aprueba, entonces el sistema registra el envio con fecha cierta, salvo que la organizacion este por debajo del umbral de 50 empleados, en cuyo caso Administrador de la organizacion puede aprobar mostrando siempre la advertencia visible de autorrevision.
3. Dado que el mismo usuario que redacto el escrito intenta aprobarlo en una organizacion por encima del umbral de 50 empleados, cuando lo intenta, entonces el sistema rechaza la aprobacion por no cumplir la separacion de funciones.
4. Dado que vence el plazo de 5 dias habiles sin que se envie el escrito_de_contestacion, cuando el plazo se cumple, entonces el sistema deja constancia de que los hechos se tienen por contestados negativamente y el expediente continua igual hacia EN_PRUEBA, mientras la alerta de contestacion vencida se muestra en el dashboard de Gerencia.
5. Dado un expediente en EN_PRUEBA, cuando el usuario lo consulta antes de la resolucion, entonces el sistema muestra el conteo esperado de hasta 8 dias habiles para la remision del expediente por el delegado instructor de la ACE, como informacion, sin accion propia de la empresa.
6. Dado que Asesor externo invitado participa en el caso asignado, cuando colabora en la redaccion del escrito, entonces el sistema le permite comentar y aportar contenido, pero nunca aprobar el envio.","- Quien redacta la contestacion no deberia ser el unico que aprueba y envia, salvo pyme por debajo de 50 empleados con advertencia visible de autorrevision (seccion C, separacion de funciones).
- Esta historia no modela alegatos finales ni via ORDINARIA (seccion D.3, fuera_de_alcance de HU-024-16).","5","R2","35","HU-024-16","MOD-023","No","OBL-SANC-05","Modelo de escrito de contestacion de emplazamiento, validado por asesoria juridica antes de usarse","No","","MOD-024 secciones C, D.3, F.3 (filas EMPLAZADO a EN_PRUEBA), I y K"
"HU-024-18","Historia","EP-024","Centro Regulatorio","MOD-024","Registrar la resolucion final del procedimiento sancionador","Administrador de la organizacion","Como Administrador de la organizacion, quiero registrar el resultado de la resolucion final, incluido el monto de la multa si la hay, mostrando siempre el rango legal como informacion orientativa, para dejar constancia del resultado real que impuso la ACE y saber el plazo para pagar.","1. Dado un expediente en EN_RESOLUCION, cuando Administrador de la organizacion o Responsable Legal completan resultado_resolucion_final con una de las opciones SIN_SANCION_ARCHIVADO, SANCION_LEVE, SANCION_GRAVE o SANCION_MUY_GRAVE, entonces el sistema pasa el expediente a RESUELTO.
2. Dado un resultado distinto de SIN_SANCION_ARCHIVADO, cuando se completa, entonces el sistema exige monto_multa_impuesta en salarios minimos y calcula su equivalente en dolares con el salario minimo vigente en la fecha de la resolucion, mostrando tambien el vigente en la fecha del hecho si ambos difieren.
3. Dado que se completa monto_multa_impuesta, cuando se guarda, entonces el sistema muestra ademas el rango orientativo completo de esa categoria de infraccion junto con el texto: informacion orientativa, no una determinacion de la sancion; la graduacion es facultad exclusiva de la ACE, sin calcular ni predecir el monto exacto por su cuenta.
4. Dado que existen medidas_adicionales_ordenadas, cuando se registran, entonces el sistema crea en MOD-021 una tarea por cada medida, dirigida al Responsable de area que corresponda.
5. Dado que el resultado tiene sancion, cuando se guarda, entonces el sistema pide a MOD-023 la fecha limite de pago (15 dias habiles) y emite una alerta HIGH visible en el dashboard de Gerencia.
6. Dado que resultado_resolucion_final es SIN_SANCION_ARCHIVADO, cuando se guarda, entonces el sistema no exige monto_multa_impuesta ni calcula plazo de pago.","- El sistema nunca gradua la multa ni predice su monto exacto para un caso concreto; solo muestra el rango legal como informacion (seccion H, decision 3).
- El plazo de pago se calcula siempre en MOD-023 (seccion G, regla 6).","5","R2","35","HU-024-17","MOD-023, MOD-021, MOD-022","No","OBL-SANC-02, OBL-SANC-03","","No","PP-REG-04","MOD-024 secciones D.3, F.3 (fila EN_RESOLUCION a RESUELTO), G (regla 6, 10) y H (decision 3)"
"HU-024-19","Historia","EP-024","Centro Regulatorio","MOD-024","Registrar el pago de la multa impuesta","Administrador de la organizacion","Como Administrador de la organizacion, quiero adjuntar el comprobante de pago de la multa dentro del plazo de 15 dias habiles, o dejar constancia informativa si el plazo vence sin pago, para cerrar la obligacion de pago con evidencia verificable o documentar el paso al cobro ejecutivo.","1. Dado un expediente en FIRME con multa, cuando Administrador de la organizacion adjunta comprobante_pago_multa dentro del plazo de 15 dias habiles calculado por MOD-023, entonces el sistema pasa el expediente a PAGADO y cierra la alerta de pago.
2. Dado que comprobante_pago_multa tiene una fecha posterior al plazo de 15 dias habiles, cuando se intenta guardar, entonces el sistema lo acepta como comprobante pero mantiene visible que el pago se realizo fuera del plazo.
3. Dado que vencen los 15 dias habiles sin comprobante_pago_multa, cuando el plazo se cumple, entonces el sistema pasa el expediente a EN_COBRO_EJECUTIVO_FGR de forma informativa y emite una alerta CRITICAL persistente, sin ejecutar ni simular ningun cobro por su cuenta.
4. Dado que faltan 3 dias habiles para el vencimiento del plazo de pago, cuando se cumple ese umbral, entonces el sistema emite una alerta WARNING a Administrador de la organizacion.","- El sistema nunca ejecuta ni simula el cobro ejecutivo; solo documenta que el plazo establecido por la Normativa PAS vencio (seccion F.3, fila FIRME a EN_COBRO_EJECUTIVO_FGR).
- El plazo de pago se calcula siempre en MOD-023.","3","R2","36","HU-024-18","MOD-023, MOD-022","No","OBL-SANC-06","","No","","MOD-024 secciones D.3, F.3 (filas RESUELTO a FIRME a PAGADO/EN_COBRO_EJECUTIVO_FGR) e I"
"HU-024-20","Historia","EP-024","Centro Regulatorio","MOD-024","Cerrar el expediente del procedimiento sancionador","Responsable Legal / Compliance","Como Responsable Legal / Compliance, quiero cerrar el expediente cuando se completen las medidas adicionales ordenadas, y que el sistema calcule la fecha limite de prescripcion, para dejar el caso disponible como historico completo sin perder ninguna evidencia.","1. Dado un expediente en PAGADO o en EN_COBRO_EJECUTIVO_FGR, cuando todas las tareas de MOD-021 ligadas a medidas_adicionales_ordenadas estan completadas, entonces Administrador de la organizacion o Responsable Legal pueden pasar el expediente a CERRADO.
2. Dado que el expediente pasa a CERRADO, cuando la operacion se completa, entonces el sistema pide a MOD-023 la fecha_limite_prescripcion a 5 anos desde la firmeza de la sancion o desde el ultimo hecho de la infraccion, segun corresponda.
3. Dado que transcurren los 5 anos de fecha_limite_prescripcion, cuando el plazo se cumple, entonces el sistema pasa el expediente a PRESCRITO_ARCHIVADO de forma automatica, y cierra el requisito de retencion minima de evidencia.
4. Dado un expediente en cualquier estado, cuando un usuario intenta eliminarlo, entonces el sistema lo impide porque el expediente permanece disponible como historico y nunca se elimina.
5. Dado que faltan 90 dias para cumplir los 5 anos de fecha_limite_prescripcion, cuando se cumple ese umbral, entonces el sistema emite una alerta INFO a Responsable Legal / Compliance y a Auditor (interno).","- El expediente nunca se elimina; solo pasa a CERRADO y luego a PRESCRITO_ARCHIVADO (anti-feature 19, seccion O).
- El plazo de prescripcion se calcula siempre en MOD-023 (seccion G, regla 6).","3","R2","36","HU-024-19","MOD-023","No","OBL-SANC-07","","No","","MOD-024 secciones D.3, F.3 (filas PAGADO a CERRADO a PRESCRITO_ARCHIVADO), G (regla 6) e I"
"HU-024-21","Historia","EP-024","Centro Regulatorio","MOD-024","Consultar en solo lectura y exportar el expediente sancionador para auditoria","Auditor (interno)","Como Auditor (interno), quiero consultar en solo lectura el expediente de un procedimiento sancionador cerrado y exportar su paquete de evidencia con verificacion de integridad, para alimentar el programa de auditoria de cumplimiento sin poder alterar ningun dato del expediente.","1. Dado un expediente de procedimiento sancionador, cuando Auditor (interno) lo consulta, entonces el sistema le muestra el expediente completo en solo lectura, sin permitirle comentar, aprobar ni adjuntar evidencia.
2. Dado el numero de expediente y los datos de la persona natural del presunto infractor, cuando Administrador, Responsable Legal, Aprobador o Auditor los consultan, entonces el sistema registra ese acceso en el historial, porque esa informacion es de acceso restringido a esos cuatro roles.
3. Dado un expediente, cuando Auditor (interno) o Auditor externo (invitado) solicitan exportar el paquete de evidencia, entonces el sistema genera el ZIP con manifiesto y un mecanismo propio de verificacion de integridad (hash o firma).
4. Dado un Auditor externo (invitado), cuando accede a un expediente para el que no fue invitado, entonces el sistema le deniega el acceso porque su alcance es acotado al caso o al periodo para el que se le invito.
5. Dado un Responsable de area o un Usuario de consulta / Colaborador, cuando intentan abrir un expediente de procedimiento sancionador, entonces el sistema les deniega el acceso porque su rol no lo tiene habilitado.","- El rol Auditor es siempre de solo lectura, para preservar la independencia de su verificacion (seccion C, separacion de funciones).
- Toda exportacion hacia el paquete de evidencias incluye un mecanismo propio de verificacion de integridad (anti-feature 25, nota final de la ficha).","3","R2","36","HU-024-16","MOD-019","No","OBL-SANC-07","","No","","MOD-024 secciones C, E, J y O"
"HU-026-01","Historia","EP-026","Centro de Ayuda","MOD-026","Crear y editar un articulo de ayuda en borrador","Equipo de contenido del producto (proveedor)","Como Equipo de contenido del producto (proveedor), quiero crear y editar un articulo de ayuda con sus 4 textos (que es, por que tengo que hacer esto, fundamento y cuando necesito ayuda juridica), su modulo asociado y sus demas datos, mientras trabajo en el en estado borrador, para dejar preparado el contenido que despues pasara por revision legal antes de publicarse.","1. Dado que el equipo de contenido del producto crea un articulo nuevo, cuando completa Modulo asociado, Titulo del concepto, Tipo de contenido y los 4 textos obligatorios (Que es, Por que tengo que hacer esto, Fundamento, Cuando necesito ayuda juridica), entonces el sistema guarda el HelpArticle en estado BORRADOR con un Codigo del articulo unico y Version 1, y registra el evento de auditoria articulo creado con autor y fecha.
2. Dado un Codigo del articulo que ya existe en el catalogo, cuando el equipo de contenido intenta guardarlo, entonces el sistema rechaza el guardado y exige un codigo distinto.
3. Dado que el texto Fundamento cita un articulo de una norma, cuando se intenta guardar sin completar Fuente primaria citada, entonces el sistema exige completarla antes de guardar.
4. Dado un articulo que cita una de las 17 obligaciones afectadas por la reforma 659, cuando se guarda, entonces el campo Regimen aplicable es obligatorio y debe ser ACTUAL, FUTURO o Ambos regimenes.
5. Dado el campo Nivel de audiencia sugerido, cuando el equipo de contenido lo deja vacio, entonces el sistema permite guardar igual, porque es un metadato opcional y nunca una condicion obligatoria de navegacion.
6. Dado un adjunto ilustrativo, cuando se sube una imagen, entonces el sistema muestra la advertencia de que debe ser generica y sin datos personales reales, sin bloquear automaticamente el archivo.
7. Dado un articulo en estado PUBLICADO o MARCADO_PARA_REVISION, cuando el equipo de contenido edita sus textos, entonces el articulo publicado vigente no cambia para los usuarios de la organizacion cliente hasta que la nueva version complete de nuevo el ciclo de revision legal y se publique.","- El Codigo del articulo es unico en todo el catalogo (ficha, seccion D).
- El Nivel de audiencia sugerido es un metadato opcional de filtrado, nunca una condicion obligatoria de navegacion (ficha, secciones D y P; anti-feature 24).
- La Fuente primaria citada es obligatoria cuando el Fundamento cita un articulo de una norma (ficha, seccion D).
- Ningun HelpArticle contiene datos personales de los titulares ni del personal de la empresa cliente; el adjunto ilustrativo es siempre generico (ficha, seccion D, minimizacion de datos personales).
- MOD-026 no precarga ningun campo desde el Diagnostico de la empresa (MOD-004): el contenido es generico y anterior a la existencia de cualquier organizacion cliente (ficha, seccion D).","3","R1","19","","","No","","Catalogo inicial de 3 a 6 articulos de ayuda por cada uno de los modulos MUST HAVE (ver tabla D.1 de la ficha, con los titulos ya propuestos para MOD-001 a MOD-026), con sus 4 textos redactados por el equipo de contenido
Confirmacion o ajuste de los titulos de catalogo de MOD-020, MOD-023 y MOD-024 en la tabla D.1, que la propia ficha marca pendientes de confirmar cuando esas fichas completen su seccion R (nota final 3 de la ficha)","No","PP-OPS-04","MOD-026_ficha.md, secciones D y D.1, y tabla F (fila inicio, transicion a BORRADOR)"
"HU-026-02","Historia","EP-026","Centro de Ayuda","MOD-026","Enviar o reenviar un articulo de ayuda a revision legal","Equipo de contenido del producto (proveedor)","Como Equipo de contenido del producto (proveedor), quiero enviar un articulo en borrador, o reenviar uno marcado para revision ya actualizado, al revisor legal asignado, para que ningun texto de ayuda llegue a los usuarios sin haber pasado antes por una revision juridica.","1. Dado un articulo en estado BORRADOR con los 4 textos obligatorios, Modulo asociado, Tipo de contenido y Fundamento completos, cuando el equipo de contenido lo envia a revision legal, entonces el sistema cambia su estado a EN_REVISION_LEGAL y notifica al revisor legal asignado.
2. Dado un articulo en estado BORRADOR con al menos un campo obligatorio de la seccion D incompleto, cuando el equipo de contenido intenta enviarlo a revision legal, entonces el sistema rechaza el envio y senala el campo o los campos faltantes.
3. Dado un articulo en estado MARCADO_PARA_REVISION que el equipo de contenido ya actualizo, cuando lo reenvia, entonces el sistema lo pasa de nuevo a EN_REVISION_LEGAL, con el mismo requisito de campos completos que un envio inicial.
4. Dado un articulo en estado PUBLICADO, EN_REVISION_LEGAL u OBSOLETO_ARCHIVADO, cuando el equipo de contenido intenta enviarlo directamente a revision legal, entonces el sistema no ofrece esa accion, porque solo BORRADOR y MARCADO_PARA_REVISION pueden transitar a EN_REVISION_LEGAL.
5. Dado el envio a revision legal, cuando se completa, entonces el sistema registra el evento de auditoria envio a revision legal con autor, fecha y version de trabajo.","- Solo BORRADOR y MARCADO_PARA_REVISION pueden transitar a EN_REVISION_LEGAL (ficha, seccion F).
- El envio exige que los campos obligatorios de la seccion D esten completos, incluido el Fundamento (ficha, seccion F).
- El reenvio desde MARCADO_PARA_REVISION pasa de nuevo por revision legal completa, igual que la primera revision (ficha, seccion F).","2","R1","19","HU-026-01","","No","","","No","PP-OPS-04","MOD-026_ficha.md, seccion F (tabla de transiciones, filas BORRADOR a EN_REVISION_LEGAL y MARCADO_PARA_REVISION a EN_REVISION_LEGAL)"
"HU-026-03","Historia","EP-026","Centro de Ayuda","MOD-026","Revisar legalmente un articulo y aprobarlo o rechazarlo","Equipo de contenido del producto (proveedor)","Como Equipo de contenido del producto (proveedor), quiero revisar legalmente un articulo enviado a revision y aprobarlo para publicarlo, o rechazarlo con observaciones para que se corrija, para asegurar que ningun articulo se publique sin que una persona distinta de quien lo redacto confirme que el texto y su cita legal son correctos.","1. Dado un articulo en estado EN_REVISION_LEGAL, cuando el revisor legal confirma el texto, la cita legal y, si aplica, el Regimen aplicable, y aprueba, entonces el sistema cambia el articulo a PUBLICADO, incrementa la Version, registra Fecha de ultima revision legal y revisor, y el articulo queda visible para los roles de la organizacion cliente segun sus permisos.
2. Dado que la persona que intenta aprobar el articulo es la misma persona registrada como autor de esa version, cuando confirma la aprobacion, entonces el sistema rechaza la accion, porque quien redacta nunca puede ser quien aprueba la revision legal de su propio texto.
3. Dado un articulo en estado EN_REVISION_LEGAL, cuando el revisor legal lo rechaza o pide cambios, entonces el sistema exige registrar observaciones y devuelve el articulo a BORRADOR, notificando al autor con esas observaciones.
4. Dado un intento de rechazar sin registrar ninguna observacion, cuando se confirma la accion, entonces el sistema exige el campo de observaciones antes de continuar.
5. Dado un articulo recien publicado, cuando el sistema completa la transicion, entonces registra el evento de auditoria articulo publicado con version anterior, version nueva, revisor y fecha.
6. Dado un articulo en un estado distinto de EN_REVISION_LEGAL, cuando alguien intenta aprobarlo o rechazarlo, entonces el sistema no ofrece esa accion.","- Quien redacta un articulo nunca puede ser quien lo revisa legalmente ni quien lo publica (ficha, seccion C, doble control).
- La aprobacion incrementa la Version del articulo y registra Fecha de ultima revision legal y revisor (ficha, secciones D y F).
- El rechazo exige observaciones registradas por el revisor y devuelve el articulo a BORRADOR (ficha, seccion F).
- Solo un articulo PUBLICADO queda visible para los roles de la organizacion cliente, segun sus permisos (ficha, secciones C y F).","5","R1","20","HU-026-02","","No","","Confirmacion legal formal (revision y fecha) de cada uno de los articulos del catalogo inicial antes de que puedan considerarse PUBLICADOs","No","PP-OPS-04","MOD-026_ficha.md, secciones C (separacion de funciones) y F (filas EN_REVISION_LEGAL a PUBLICADO y EN_REVISION_LEGAL a BORRADOR)"
"HU-026-04","Historia","EP-026","Centro de Ayuda","MOD-026","Vincular un articulo publicado a los campos y pantallas del sistema","Equipo de contenido del producto (proveedor)","Como Equipo de contenido del producto (proveedor), quiero vincular un articulo de ayuda ya publicado a los campos, secciones o pasos especificos donde debe mostrarse, para que el icono de ayuda aparezca exactamente en la pantalla donde el usuario tiene la duda, sin asociaciones automaticas sin confirmar.","1. Dado un HelpArticle en estado PUBLICADO, cuando el equipo de contenido lo vincula a un campo, seccion o paso especifico de un modulo del catalogo, entonces el sistema guarda esa asociacion y queda disponible para mostrarse en esa pantalla.
2. Dado un HelpArticle que no esta en estado PUBLICADO (por ejemplo BORRADOR o EN_REVISION_LEGAL), cuando el equipo de contenido intenta vincularlo a un campo, entonces el sistema rechaza la vinculacion.
3. Dado una coincidencia sugerida por palabra clave entre un campo y un articulo, cuando el sistema la propone, entonces la asociacion queda pendiente de confirmacion humana del equipo de contenido y nunca se activa por si sola.
4. Dado un mismo campo o pantalla, cuando el equipo de contenido lo vincula a mas de un HelpArticle, entonces el sistema permite mas de una asociacion por campo.
5. Dado que el equipo de contenido retira la vinculacion de un articulo a un campo, cuando confirma la accion, entonces el icono de ayuda deja de mostrarse en ese campo sin afectar al HelpArticle ni a su historial.
6. Dado cualquier alta, cambio o retiro de una vinculacion, cuando se guarda, entonces el sistema registra el evento en el historial de gobernanza de contenido con usuario, fecha y campo afectado.","- Solo un HelpArticle PUBLICADO puede vincularse a un campo, seccion o paso (ficha, seccion G, automatizacion 2).
- Ninguna asociacion campo-articulo se activa de forma automatica sin confirmacion humana del equipo de contenido, aunque el sistema pueda sugerir una coincidencia por palabra clave (ficha, seccion H, decision 3).
- Un mismo campo puede tener mas de un HelpArticle vinculado.","3","R1","20","HU-026-03","","Si","","","No","","MOD-026_ficha.md, secciones G (automatizacion 2) y H (decision 3)"
"HU-026-05","Historia","EP-026","Centro de Ayuda","MOD-026","Mostrar la tarjeta de ayuda contextual de 4 partes","Usuario de consulta / Colaborador","Como Usuario de consulta / Colaborador, quiero ver, junto al campo, seccion o paso donde tengo una duda, la tarjeta de ayuda con sus 4 partes, para entender el concepto en lenguaje sencillo, saber por que me lo piden, ver su fundamento y saber cuando debo buscar ayuda juridica, sin interrumpir mi trabajo para preguntarle a otra persona.","1. Dado un campo, seccion o paso vinculado a un HelpArticle PUBLICADO, cuando el usuario abre el icono o enlace de ayuda, entonces el sistema despliega la tarjeta con las 4 partes en este orden: Que es, Por que tengo que hacer esto, Fundamento (con su Clasificacion: OBLIGATORIO, RECOMENDADO, CONDICIONAL, Buena practica o Decision de producto), y Cuando necesito ayuda juridica.
2. Dado un campo sin ningun HelpArticle PUBLICADO vinculado, cuando el usuario revisa la pantalla, entonces el sistema no muestra ningun icono de ayuda en ese campo.
3. Dado un HelpArticle vinculado que esta en estado MARCADO_PARA_REVISION, cuando el usuario abre su tarjeta, entonces el sistema sigue mostrando el contenido completo junto con una nota discreta de contenido en revision, sin ocultar el texto de golpe.
4. Dado el bloque Fundamento de la tarjeta, cuando cita un articulo de una norma, entonces muestra una referencia a la Fuente primaria citada para quien quiera leer el texto legal completo.
5. Dado el bloque Cuando necesito ayuda juridica, cuando se muestra, entonces es siempre texto informativo con una condicion concreta, sin ningun boton ni accion que cree de forma automatica una tarea de asesoria externa, capacidad que queda fuera de esta version.
6. Dado un Titular (formulario externo) que usa el Portal del Titular, cuando navega esa interfaz, entonces no tiene acceso a la tarjeta completa ni al catalogo de MOD-026, salvo los conceptos que MOD-012 embebe directamente en su propia pantalla.","- La tarjeta muestra siempre las 4 partes en el mismo orden: que es, por que tengo que hacer esto, fundamento, cuando necesito ayuda juridica (ficha, secciones E y R.1).
- Un articulo MARCADO_PARA_REVISION nunca se oculta de golpe: sigue visible con una nota discreta mientras se actualiza (ficha, seccion F).
- El bloque Cuando necesito ayuda juridica es siempre texto informativo, sin boton ni tarea automatica asociada en esta version (ficha, tabla Q, fila SHOULD HAVE de automatizacion 4, excluida del encargo).
- El Titular (formulario externo) no accede a la tarjeta completa de MOD-026 fuera de los 2 conceptos que MOD-012 embebe en su propia pantalla (ficha, seccion B).","5","R1","20","HU-026-04","","Si","","","No","","MOD-026_ficha.md, secciones E (tarjeta de ayuda contextual), G (automatizaciones 2 y 3) y R.1"
"HU-026-06","Historia","EP-026","Centro de Ayuda","MOD-026","Consultar el Glosario buscable basico","Administrador de la organizacion","Como Administrador de la organizacion, quiero buscar y consultar, en una lista alfabetica, los terminos del Glosario del sistema, para confirmar el significado de un termino que encuentro en cualquier parte del sistema, sin tener que ir modulo por modulo.","1. Dado el catalogo de HelpArticle PUBLICADO de Tipo de contenido Termino de glosario, cuando cualquier rol interno con acceso al sistema abre el Glosario, entonces el sistema muestra la lista completa ordenada alfabeticamente por Titulo del concepto.
2. Dado un usuario que escribe una palabra en el buscador del Glosario, cuando la palabra coincide con el Titulo del concepto o con alguna de sus Palabras clave o sinonimos, entonces el sistema muestra el o los terminos correspondientes.
3. Dado una busqueda que no coincide con ningun termino publicado, cuando se ejecuta, entonces el sistema muestra un mensaje de sin resultados, nunca un error tecnico.
4. Dado el rol Titular (formulario externo), cuando intenta acceder al Glosario completo, entonces el sistema no le ofrece esa pantalla, porque su acceso queda limitado a los conceptos que MOD-012 embebe en el Portal del Titular.
5. Dado un termino del Glosario que el usuario selecciona de la lista, cuando lo abre, entonces el sistema le muestra la misma tarjeta de 4 partes y el mismo descargo estandar que en cualquier tarjeta contextual.
6. Dado que se publica una nueva version de un termino de glosario, cuando la publicacion se completa, entonces el Glosario se actualiza para mostrar la version vigente sin intervencion adicional del usuario.","- El Glosario solo muestra HelpArticle PUBLICADO de Tipo de contenido Termino de glosario (ficha, secciones D y E).
- La busqueda usa el Titulo del concepto y las Palabras clave o sinonimos del articulo (ficha, seccion D).
- El Titular (formulario externo) no tiene acceso al Glosario completo (ficha, secciones B y C).","3","R1","20","HU-026-03","","No","","","No","","MOD-026_ficha.md, secciones D.1, E (Glosario completo) y B (fila Administrador de la organizacion)"
"HU-026-07","Historia","EP-026","Centro de Ayuda","MOD-026","Mostrar el descargo estandar en cada articulo y en el Glosario","Usuario de consulta / Colaborador","Como Usuario de consulta / Colaborador, quiero ver siempre, en cualquier articulo de ayuda o entrada del Glosario que consulto, el mismo texto de descargo estandar, para tener claro en todo momento que el sistema no me da asesoria legal ni me garantiza que mi empresa cumple con la ley.","1. Dado cualquier HelpArticle PUBLICADO, cuando un usuario abre su tarjeta de ayuda o su entrada en el Glosario, entonces el sistema muestra siempre, junto al contenido, el texto de descargo estandar de la interfaz (el sistema organiza, documenta y da seguimiento a su programa de proteccion de datos; no constituye asesoria legal ni garantiza el cumplimiento de la Ley para la Proteccion de Datos Personales).
2. Dado el descargo estandar, cuando se muestra, entonces su redaccion es identica en todos los articulos y en el Glosario, mantenida como un unico texto centralizado por el equipo de contenido del producto.
3. Dado que el equipo de contenido actualiza la redaccion del descargo estandar, cuando guarda el cambio, entonces se refleja de inmediato en todos los articulos y en el Glosario, sin tener que editar cada HelpArticle de forma individual.
4. Dado cualquier rol de la organizacion cliente, cuando busca una opcion para ocultar de forma permanente el descargo estandar, entonces el sistema no ofrece esa opcion.
5. Dado un articulo en estado MARCADO_PARA_REVISION, cuando se muestra con su nota discreta de contenido en revision, entonces el descargo estandar sigue visible de la misma forma que en un articulo PUBLICADO sin marcar.","- El descargo estandar reutiliza la redaccion de 04_objetivo_exacto_del_producto.md, seccion 1.3, y no un texto propio de MOD-026 (ficha, seccion P).
- Ningun rol de la organizacion cliente puede ocultar ni desactivar el descargo estandar.","1","R1","20","HU-026-05, HU-026-06","","No","","Redaccion final, validada por el equipo legal del proveedor, del texto exacto de descargo estandar reutilizado de 04_objetivo_exacto_del_producto.md, seccion 1.3 (banner general), para su uso especifico dentro de MOD-026","No","","MOD-026_ficha.md, seccion P (riesgo 1) y 04_secciones/04_objetivo_exacto_del_producto.md, seccion 1.3"
"HU-026-08","Historia","EP-026","Centro de Ayuda","MOD-026","Consultar el historial de version y de revision legal de un articulo","Auditor (interno)","Como Auditor (interno), quiero consultar el historial de version y de revision legal de un articulo de ayuda, para verificar que el contenido que vieron los usuarios en una fecha determinada era el vigente en ese momento, y que paso por revision legal antes de publicarse.","1. Dado un HelpArticle publicado al menos una vez, cuando el Auditor (interno) o el equipo de contenido consultan su historial, entonces el sistema muestra cada version con quien la redacto, quien la reviso legalmente, la fecha y el resultado (aprobado u observaciones).
2. Dado un articulo con mas de una version publicada, cuando se consulta el historial, entonces el sistema conserva integras las versiones anteriores, sin permitir editarlas ni eliminarlas.
3. Dado un Auditor (interno), cuando consulta el historial, entonces accede en modo de solo lectura, sin ninguna opcion de aprobar, publicar ni modificar el articulo desde esa vista.
4. Dado un rol de la organizacion cliente distinto de Auditor (interno), cuando intenta abrir el historial de version y revision legal de un articulo, entonces el sistema no le ofrece esa pantalla, porque es informacion de gobernanza interna del contenido.
5. Dado un articulo que aun no salio nunca de BORRADOR, cuando se consulta su historial, entonces el sistema muestra unicamente el evento de creacion, sin ninguna version publicada todavia.","- El historial de version conserva quien redacto, quien reviso legalmente, la fecha y el resultado de cada revision (ficha, seccion J).
- El rol Auditor (interno) accede siempre en modo de solo lectura (02_validacion/05_tipos_de_usuario.md, seccion 5.4).
- Ninguna version anterior se edita ni se elimina (ficha, secciones J y O).","3","R1","20","HU-026-03","","No","","","No","","MOD-026_ficha.md, secciones J (historial de version) y B (fila Auditor interno)"
"HU-026-09","Historia","EP-026","Centro de Ayuda","MOD-026","Marcar manualmente un articulo publicado para revision","Equipo de contenido del producto (proveedor)","Como Equipo de contenido del producto (proveedor), quiero marcar manualmente como para revision un articulo ya publicado, cuando el equipo de contenido detecta que un cambio en el Centro Regulatorio (MOD-024) puede haberlo dejado desactualizado, para avisar a quien lo consulte que ese contenido esta bajo revision, sin dejarlo desaparecer de golpe mientras se actualiza.","1. Dado que MOD-024 cambia el valor de la bandera regimen_reforma_659 o confirma que se mantiene tras una revision, cuando el equipo de contenido del producto revisa el catalogo, entonces el sistema le permite filtrar los HelpArticle PUBLICADO cuyo campo Regimen aplicable cita una de las 17 obligaciones afectadas y ya no coincide con el valor vigente de la bandera.
2. Dado uno de esos articulos, cuando el equipo de contenido decide marcarlo, entonces registra un motivo (cambio de regimen en MOD-024 o vencimiento de revision periodica) y el sistema cambia su estado a MARCADO_PARA_REVISION.
3. Dado un articulo que no esta en estado PUBLICADO, cuando el equipo de contenido intenta marcarlo para revision, entonces el sistema no ofrece esa accion, porque solo un articulo PUBLICADO puede pasar a MARCADO_PARA_REVISION.
4. Dado un intento de marcar un articulo sin registrar el motivo, cuando se confirma la accion, entonces el sistema exige completarlo antes de continuar.
5. Dado que un articulo queda MARCADO_PARA_REVISION, cuando se completa la transicion, entonces el sistema registra el evento en el historial de gobernanza de contenido con fecha y motivo, y el articulo sigue visible para los usuarios con la nota discreta de contenido en revision.
6. Dado que este marcado es siempre una decision humana del equipo de contenido, cuando MOD-024 cambia su bandera, entonces el sistema nunca marca ningun articulo por su cuenta ni programa la marca de forma automatica, porque la sincronizacion automatica con la bandera queda fuera de esta version.","- Solo un articulo PUBLICADO puede pasar a MARCADO_PARA_REVISION (ficha, seccion F).
- El marcado exige un motivo: cambio de regimen en MOD-024 o vencimiento de revision periodica (ficha, secciones F y G).
- El sistema nunca marca un articulo por su cuenta: la decision es siempre humana del equipo de contenido, por instruccion expresa del encargo (sin sincronizacion automatica con la bandera).","5","R1","20","HU-026-03","MOD-024","No","","","No","PP-OPS-04","MOD-026_ficha.md, secciones F (fila PUBLICADO a MARCADO_PARA_REVISION) y G (automatizaciones 1 y 6)"
"HU-026-10","Historia","EP-026","Centro de Ayuda","MOD-026","Archivar un articulo marcado para revision cuyo concepto ya no aplica","Equipo de contenido del producto (proveedor)","Como Equipo de contenido del producto (proveedor), quiero confirmar, con revision legal, que un articulo marcado para revision ya no aplica y archivarlo, para que el catalogo activo no muestre conceptos obsoletos, sin perder nunca su historial.","1. Dado un articulo en estado MARCADO_PARA_REVISION, cuando el equipo de contenido confirma, con revision legal, que el concepto ya no aplica, entonces el sistema cambia su estado a OBSOLETO_ARCHIVADO y deja de mostrarlo en el catalogo activo y en el Glosario.
2. Dado un articulo en estado distinto de MARCADO_PARA_REVISION, cuando alguien intenta archivarlo directamente, entonces el sistema no ofrece esa accion.
3. Dado un articulo ya OBSOLETO_ARCHIVADO, cuando el equipo de contenido busca una opcion para reabrirlo bajo el mismo identificador, entonces el sistema no la ofrece, porque este estado es terminal.
4. Dado un articulo OBSOLETO_ARCHIVADO, cuando el Auditor (interno) o el equipo de contenido consultan su historial, entonces el sistema conserva integro su historial de version y de uso previo, sin eliminar ningun registro.
5. Dado que un articulo pasa a OBSOLETO_ARCHIVADO, cuando se completa la transicion, entonces el sistema registra el evento con quien lo confirmo, fecha y motivo.
6. Dado que el concepto vuelve a ser relevante mas adelante, cuando el equipo de contenido decide retomarlo, entonces debe crear un HelpArticle nuevo, sin reescribir el articulo ya archivado.","- Solo un articulo MARCADO_PARA_REVISION puede pasar a OBSOLETO_ARCHIVADO, y siempre con revision legal (ficha, seccion F).
- OBSOLETO_ARCHIVADO es un estado terminal: no existe accion de reabrir un articulo archivado bajo el mismo identificador (ficha, seccion F).
- Ningun cambio de estado borra informacion: el historial completo del articulo se conserva (ficha, seccion F; principio 8 de 06_mapa_definitivo_de_modulos.md, seccion 2).","2","R1","20","HU-026-09","","No","","","No","PP-OPS-04","MOD-026_ficha.md, seccion F (fila MARCADO_PARA_REVISION a OBSOLETO_ARCHIVADO y nota de estados terminales)"
